"Index","Record","Symbol","Description","Location","Mean","Peak -logP","Peak Location","Effect Size"
"20631","UNCHAR_LOC691532","LOC691532","uncharacterized LOC691532","Chr3: 107.280024","6.797","169.4","Chr8: 44.681539","2.334"
"5147","ENSRNOG00000012067","Fam111a","FAM111 trypsin like peptidase A","Chr1: 209.640864","9.201","167.2","Chr1: 209.858238","3.266"
"4848","UNCHAR_Eno1-ps20","Eno1-ps20","enolase 1, pseudogene 20","Chr4: 150.929142","6.423","159.4","Chr5: 160.724189","3.320"
"11611","UNCHAR_LOC103693260","LOC103693260","uncharacterized LOC103693260","Chr10: 2.221334","4.968","153.2","Chr10: 1.082663","3.560"
"7166","ENSRNOG00000019050","Ifit1","interferon-induced protein with tetratricopeptide repeats 1","Chr1: 232.152037","6.097","150.0","Chr1: 231.862988","2.342"
"9778","UNCHAR_LOC102550180","LOC102550180","uncharacterized LOC102550180","Chr15: 27.915135","6.927","149.1","Chr15: 27.974218","1.864"
"13382","UNCHAR_LOC120093570","LOC120093570","uncharacterized LOC120093570","Chr7: 34.301338","3.790","144.8","Chr7: 34.300659","2.730"
"18886","UNCHAR_LOC120101677","LOC120101677","uncharacterized LOC120101677","Chr3: 122.794642","4.853","141.1","Chr15: 51.790676","1.620"
"26934","UNCHAR_RGD1562525","RGD1562525","uncharacterized RGD1562525","Chr12: 17.682714","1.951","141.0","Chr12: 19.031953","2.551"
"27135","UNCHAR_RGD1566212","RGD1566212","ATP synthase membrane subunit c locus 2 like 2","Chr2: 26.836361","2.936","138.4","Chr7: 133.796878","2.589"
"27758","UNCHAR_RT1-CE12","RT1-CE12","RT1 class I, locus CE12","Chr20: 3.342546","10.609","137.2","Chr20: 3.601132","1.136"
"30910","ENSRNOG00000016782","Tnfrsf8","TNF receptor superfamily member 8","Chr5: 157.168420","4.272","137.1","Chr5: 157.431322","2.776"
"8912","ENSRNOG00000042224_1","LOC100912642","cytochrome P450 2J3-like","Chr5: 110.930401","3.285","134.1","Chr5: 111.023453","-2.019"
"27967","ENSRNOG00000021015","Sbsn","suprabasin","Chr1: 85.978969","6.511","133.5","Chr1: 86.021287","-1.705"
"20908","ENSRNOG00000034139","Lyc2","lysozyme C type 2","Chr7: 52.887103","5.314","131.8","Chr7: 53.139710","3.241"
"11601","UNCHAR_LOC103693140","LOC103693140","uncharacterized LOC103693140","Chr8: 73.213596","5.852","131.0","Chr8: 73.350324","-1.088"
"12088","UNCHAR_LOC108349532","LOC108349532","high mobility group protein B1 pseudogene","Chr1: 163.050053","4.453","128.8","Chr12: 5.976284","2.743"
"8534","ENSRNOG00000022490","LOC100361008","Cytochrome c oxidase subunit 5A, mitochondrial-like","Chr3: 13.804502","6.125","126.9","Chr8: 58.034773","2.293"
"8525","ENSRNOG00000033517","LOC100360791","tumor protein, translationally-controlled 1 like 3","Chr1: 19.107388","10.369","124.1","Chr15: 50.896269","1.025"
"28206","ENSRNOG00000022932","Serhl2","serine hydrolase-like 2","Chr7: 114.246034","7.770","124.0","Chr7: 114.323395","0.871"
"26980","UNCHAR_RGD1563402","RGD1563402","Cbp/p300-interacting transactivator with Glu/Asp-rich carboxy-terminal domain 1 like 1","Chr1: 204.760741","1.882","123.9","Chr1: 205.532359","2.190"
"21791","ENSRNOG00000021555","Mis18a","MIS18 kinetochore protein A","Chr11: 29.981057","3.948","123.8","Chr11: 29.858552","1.835"
"4233","ENSRNOG00000055934","Dmkn","dermokine","Chr1: 86.013236","3.163","123.7","Chr1: 86.021287","-2.535"
"9737","UNCHAR_LOC102550008","LOC102550008","uncharacterized LOC102550008","Chr2: 151.815596","2.930","123.5","Chr2: 150.688203","2.160"
"32480","ENSRNOG00000038512","Uts2b","urotensin 2B","Chr11: 73.424384","2.529","121.1","Chr11: 73.579584","2.181"
"8253","ENSRNOG00000013973","Lcn2","lipocalin 2","Chr3: 15.684032","3.582","120.7","Chr3: 15.375341","-2.190"
"47","ENSRNOG00000039656","Abca17","ATP-binding cassette, subfamily A (ABC1), member 17","Chr10: 13.382220","5.552","120.5","Chr10: 13.286123","-1.344"
"17771","UNCHAR_LOC120099939","LOC120099939","uncharacterized LOC120099939","Chr1: 182.637159","2.156","119.5","Chr1: 181.810195","2.050"
"27762","ENSRNOG00000071225","RT1-CE16","RT1 class I, locus CE16","Chr20: 3.260695","11.679","118.3","Chr20: 3.601132","-1.060"
"27787","ENSRNOG00000029386","RT1-N2","RT1 class Ib, locus N2","Chr20: 2.641156","4.809","118.2","Chr20: 2.687516","-2.911"
"27777","ENSRNOG00000031065","RT1-M1-2","RT1 class I, locus M1, gene 2","Chr20: 1.913422","2.284","117.9","Chr20: 2.050222","-1.783"
"1571","ENSRNOG00000032461","Bin2a","beta-galactosidase-like protein","Chr8: 25.287172","5.965","116.9","Chr8: 25.570084","-2.755"
"33504","ENSRNOG00000055608","Zfp94l1","zinc finger protein 94 like 1","Chr1: 79.896552","5.015","115.6","Chr1: 79.715297","-1.422"
"10998","UNCHAR_LOC102555965","LOC102555965","uncharacterized LOC102555965","Chr1: 184.499295","1.794","115.0","Chr1: 184.570953","-1.874"
"5616","ENSRNOG00000019902","Folr1","folate receptor alpha","Chr1: 156.238435","4.078","114.8","Chr1: 158.468568","1.749"
"27760","UNCHAR_RT1-CE14","RT1-CE14","RT1 class I, locus CE14","Chr20: 3.300794","8.480","114.4","Chr20: 3.601132","1.384"
"20151","UNCHAR_LOC120103587","LOC120103587","uncharacterized LOC120103587","Chr6: 107.187960","5.353","114.1","Chr6: 107.059969","1.643"
"27547","UNCHAR_Rpl10a-ps9","Rpl10a-ps9","ribosomal protein L10A, pseudogene 9","Chr4: 9.589500","8.368","113.0","Chr20: 6.323102","-1.296"
"14598","UNCHAR_LOC120095234","LOC120095234","uncharacterized LOC120095234","Chr10: 2.222455","4.340","112.0","Chr14: 0.492117","2.296"
"18242","ENSRNOG00000064284","LOC120100687","uncharacterized LOC120100687","Chr2: 31.489973","5.569","110.4","Chr2: 31.925135","-0.937"
"32428","UNCHAR_Usp26","Usp26","uncharacterized Usp26","ChrX: 131.363963","1.374","110.3","Chr6: 98.323867","-1.832"
"5844","ENSRNOG00000008099","Galnt12","polypeptide N-acetylgalactosaminyltransferase 12","Chr5: 61.384574","2.835","109.8","Chr5: 61.077310","-1.844"
"17051","UNCHAR_LOC120098768","LOC120098768","uncharacterized LOC120098768","Chr1: 1.841126","3.168","108.6","Chr1: 2.698079","-1.919"
"9163","UNCHAR_LOC102547398","LOC102547398","uncharacterized LOC102547398","Chr11: 80.468552","1.382","106.8","Chr11: 80.485948","1.424"
"2410","ENSRNOG00000046121","Cd300c","CD300c molecule","Chr10: 100.228253","2.912","106.1","Chr10: 99.846904","1.943"
"3778","ENSRNOG00000084482","Cyp2d1","cytochrome P450, family 2, subfamily d, polypeptide 1","Chr7: 113.913419","5.487","106.1","Chr7: 113.822112","1.921"
"20827","ENSRNOG00000031852","Lsamp","limbic system-associated membrane protein","Chr11: 60.717327","9.611","105.5","Chr11: 58.968000","-0.972"
"18356","UNCHAR_LOC120100829","LOC120100829","uncharacterized LOC120100829","Chr2: 142.229854","5.301","105.3","Chr7: 133.296205","-2.391"
"22266","ENSRNOG00000042912","Mycbpap","Mycbp associated protein","Chr10: 79.470976","6.898","104.9","Chr10: 79.677697","1.112"
"20215","UNCHAR_LOC291863","LOC291863","uncharacterized LOC291863","Chr19: 22.560684","10.490","101.4","Chr19: 14.059434","1.583"
"582","ENSRNOG00000002911","Alb","albumin","Chr14: 17.622813","12.699","100.8","Chr14: 17.532589","-1.495"
"21452","ENSRNOG00000057645","Micb","MHC class I polypeptide-related sequence B","Chr1: 78.495778","6.851","99.4","Chr1: 79.165093","0.760"
"10349","UNCHAR_LOC102552728","LOC102552728","uncharacterized LOC102552728","Chr1: 20.087733","7.184","99.2","Chr1: 20.006034","-0.830"
"152","ENSRNOG00000020624","Acadsb","acyl-CoA dehydrogenase, short/branched chain","Chr1: 186.188938","10.300","99.1","Chr1: 186.028979","0.678"
"30869","ENSRNOG00000067030","Tmsb10","thymosin, beta 10","Chr4: 105.011094","14.326","98.9","Chr4: 105.344429","-0.774"
"22382","ENSRNOG00000005955","Naalad2","N-acetylated alpha-linked acidic dipeptidase 2","Chr8: 15.479713","7.412","98.7","Chr8: 14.724875","-0.795"
"1686","ENSRNOG00000002811","Brinp3","BMP/retinoic acid inducible neural specific 3","Chr13: 58.413882","1.393","98.0","Chr13: 58.873433","1.827"
"30284","ENSRNOG00000016774","Telo2","telomere maintenance 2","Chr10: 14.135728","9.473","97.9","Chr10: 13.810068","-1.072"
"28929","UNCHAR_Slpil2","Slpil2","uncharacterized Slpil2","Chr3: 153.021370","2.835","97.4","Chr3: 153.340874","2.245"
"20152","ENSRNOG00000062977","LOC120103588","WW domain-binding protein 11-like","Chr6: 107.240903","6.517","97.1","Chr6: 107.059969","1.570"
"3737","ENSRNOG00000018236","Cym","chymosin","Chr2: 194.839095","3.682","96.4","Chr2: 194.327106","-1.576"
"2123","UNCHAR_Cbr1","Cbr1","carbonyl reductase 1","Chr11: 32.860570","8.296","96.1","Chr11: 32.836831","1.575"
"15185","ENSRNOG00000057229","LOC120096108","small nucleolar RNA, H/ACA box 15B-2","Chr12: 26.875890","3.185","96.1","Chr12: 27.015140","-1.868"
"2204","ENSRNOG00000010412","Ccdc180","coiled-coil domain containing 180","Chr5: 60.154882","3.853","96.0","Chr7: 59.856327","1.386"
"10276","UNCHAR_LOC102552388","LOC102552388","uncharacterized LOC102552388","Chr6: 131.618102","2.909","95.4","Chr3: 18.447382","-1.590"
"23106","ENSRNOG00000019206","Nupr1","nuclear protein 1, transcriptional regulator","Chr1: 181.215326","8.702","95.3","Chr1: 181.309526","-1.042"
"2523","ENSRNOG00000053332","Cdh26","cadherin 26","Chr3: 165.520522","3.853","94.5","Chr3: 165.192603","-1.237"
"28038","ENSRNOG00000005309","Scn8a","sodium voltage-gated channel alpha subunit 8","Chr7: 131.982151","8.130","94.3","Chr7: 132.843669","-1.508"
"15623","UNCHAR_LOC120096711","LOC120096711","uncharacterized LOC120096711","Chr14: 104.120566","3.511","93.8","Chr14: 102.177361","-1.178"
"5178","ENSRNOG00000024825","Fam163a","family with sequence similarity 163, member A","Chr13: 68.341322","3.309","93.7","Chr13: 67.852024","-1.636"
"12492","UNCHAR_LOC108351291","LOC108351291","uncharacterized LOC108351291","Chr6: 122.172033","6.967","93.7","Chr5: 160.724189","1.103"
"6415","ENSRNOG00000001251","Grifin","galectin-related inter-fiber protein","Chr12: 14.080169","11.287","93.5","Chr12: 14.100952","1.154"
"22436","ENSRNOG00000074135","Nat3","N-acetyltransferase 3","Chr16: 22.175961","3.705","93.3","Chr16: 22.295536","-1.743"
"6589","UNCHAR_H2ac18","H2ac18","histone cluster 2 H2A family member A2","Chr2: 183.808397","6.981","92.6","Chr2: 183.798575","-2.853"
"27800","ENSRNOG00000027513","Rtel1","regulator of telomere elongation helicase 1","Chr3: 168.427246","9.252","92.5","Chr3: 168.114441","-0.684"
"12104","UNCHAR_LOC108349628","LOC108349628","uncharacterized LOC108349628","Chr1: 175.141463","4.472","92.0","Chr1: 174.788504","1.498"
"30612","ENSRNOG00000053269","Tmem106c","transmembrane protein 106C","Chr7: 129.088467","6.815","91.4","Chr7: 128.577171","-0.626"
"9445","ENSRNOG00000079079","LOC102548576","uncharacterized LOC102548576","Chr11: 73.403896","3.178","91.0","Chr11: 72.767252","1.681"
"27162","ENSRNOG00000025551","Rgs22","regulator of G-protein signaling 22","Chr7: 67.308804","5.464","90.3","Chr7: 66.434495","-1.074"
"10528","UNCHAR_LOC102553634","LOC102553634","uncharacterized LOC102553634","Chr11: 42.183098","4.252","89.9","Chr11: 42.033724","-1.063"
"26762","UNCHAR_RGD1559482","RGD1559482","uncharacterized RGD1559482","Chr10: 100.174954","6.746","89.5","Chr10: 99.846935","-1.607"
"28869","ENSRNOG00000010296","Slc7a7","solute carrier family 7 member 7","Chr15: 27.873120","7.339","89.0","Chr15: 27.974218","0.658"
"17103","UNCHAR_LOC120098829","LOC120098829","uncharacterized LOC120098829","Chr20: 3.318106","6.636","88.7","Chr20: 3.601132","1.456"
"27551","UNCHAR_Rpl12-ps2","Rpl12-ps2","ribosomal protein L12, pseudogene 2","Chr2: 141.785084","5.048","88.4","Chr3: 16.490648","1.115"
"27757","UNCHAR_RT1-CE11","RT1-CE11","RT1 class I, locus CE11","Chr20: 3.358519","7.381","87.7","Chr20: 5.002150","1.746"
"11281","ENSRNOG00000075943","LOC103691076","uncharacterized LOC103691076","Chr1: 85.183194","4.782","87.2","Chr1: 84.965439","-0.806"
"394","ENSRNOG00000032959","Adh7","alcohol dehydrogenase 7 (class IV), mu or sigma polypeptide","Chr2: 226.748723","1.703","87.0","Chr2: 226.803112","1.495"
"6548","ENSRNOG00000007931","Gucy2e","guanylate cyclase 2D, retinal","Chr1: 152.739774","2.869","86.8","Chr1: 152.301954","1.380"
"17104","UNCHAR_LOC120098830","LOC120098830","uncharacterized LOC120098830","Chr20: 3.371221","5.015","86.2","Chr20: 3.601132","1.158"
"33028","UNCHAR_Ybx1-ps20","Ybx1-ps20","Y box binding protein 1, pseudogene 20","Chr10: 39.162721","8.726","86.2","Chr5: 133.068819","0.550"
"6666","ENSRNOG00000047321","Hba-a3","hemoglobin alpha, adult chain 3","Chr10: 15.312393","6.828","85.8","Chr10: 15.438463","-1.948"
"10124","UNCHAR_LOC102551693","LOC102551693","uncharacterized LOC102551693","Chr1: 204.680567","5.732","85.5","Chr1: 205.159275","0.743"
"13942","UNCHAR_LOC120094326","LOC120094326","uncharacterized LOC120094326","Chr8: 32.866229","3.861","85.5","Chr8: 32.952038","2.383"
"28236","ENSRNOG00000034229","Serpinb1b","serine (or cysteine) peptidase inhibitor, clade B, member 1b","Chr17: 31.329150","6.036","85.1","Chr17: 31.438420","2.168"
"32181","UNCHAR_Uap1l2","Uap1l2","uncharacterized Uap1l2","Chr6: 1.741395","5.129","84.2","Chr13: 83.183593","1.297"
"467","ENSRNOG00000023116","Agmo","alkylglycerol monooxygenase","Chr6: 53.986235","10.818","84.0","Chr6: 53.879848","0.741"
"9814","ENSRNOG00000089559","LOC102550339","uncharacterized LOC102550339","Chr5: 110.110708","1.767","83.6","Chr5: 110.033650","1.229"
"27997","ENSRNOG00000013279","Scd3","stearoyl-coenzyme A desaturase 3","Chr1: 243.093056","4.407","83.4","Chr1: 243.327780","3.432"
"27795","ENSRNOG00000032596","RT1-T24-3","RT1 class I, locus T24, gene 3","Chr20: 2.718209","8.773","83.3","Chr20: 2.611182","1.003"
"8906","UNCHAR_LOC100912568","LOC100912568","uncharacterized LOC100912568","Chr6: 107.231785","5.190","82.6","Chr6: 107.059969","1.872"
"30680","ENSRNOG00000007907","Tmem178a","transmembrane protein 178A","Chr6: 14.063676","6.958","81.6","Chr6: 14.057826","-0.859"
"27755","ENSRNOG00000071235","RT1-CE1","RT1 class I, locus1","Chr20: 3.559486","9.461","81.1","Chr20: 4.679209","1.009"
"8824","UNCHAR_LOC100911506","LOC100911506","uncharacterized LOC100911506","Chr14: 44.318609","4.613","81.0","Chr14: 44.394691","-1.058"
"1921","ENSRNOG00000060407","Cacna1i","calcium voltage-gated channel subunit alpha1 I","Chr7: 111.835995","4.152","80.8","Chr7: 111.740041","-1.607"
"13434","UNCHAR_LOC120093626","LOC120093626","uncharacterized LOC120093626","Chr7: 61.940111","4.366","79.7","Chr7: 61.809626","-1.288"
"20150","UNCHAR_LOC120103584","LOC120103584","uncharacterized LOC120103584","Chr6: 107.141541","5.469","79.3","Chr6: 107.059969","1.355"
"17768","UNCHAR_LOC120099936","LOC120099936","uncharacterized LOC120099936","Chr1: 182.090610","4.287","78.6","Chr1: 182.323560","0.709"
"29908","ENSRNOG00000024073","Syce1","synaptonemal complex central element protein 1","Chr1: 195.863173","2.839","78.6","Chr1: 195.020992","-1.748"
"7257","ENSRNOG00000009253","Igsf9b","immunoglobulin superfamily, member 9B","Chr8: 25.712643","6.230","78.5","Chr8: 25.570084","1.235"
"20384","UNCHAR_LOC681224","LOC681224","uncharacterized LOC681224","Chr18: 11.227028","5.881","78.5","Chr4: 25.286827","0.934"
"9966","ENSRNOG00000083324","LOC102551006","uncharacterized LOC102551006","Chr5: 21.628170","1.161","78.0","Chr5: 21.572861","1.114"
"32690","ENSRNOG00000078605","Vom2r44","vomeronasal 2 receptor 44","Chr2: 148.497149","6.770","78.0","Chr2: 149.828204","0.613"
"19329","UNCHAR_LOC120102367","LOC120102367","endogenous retrovirus group K member 21 Env polyprotein-like","Chr4: 147.708406","3.788","77.4","Chr4: 148.389881","-2.321"
"17798","UNCHAR_LOC120099967","LOC120099967","uncharacterized LOC120099967","Chr1: 200.189260","4.467","77.0","Chr1: 201.365247","1.206"
"11177","ENSRNOG00000016217","LOC103690178","nucleolar GTP-binding protein 1-like","Chr17: 61.404560","6.813","76.1","Chr17: 61.901363","0.740"
"25230","UNCHAR_Pira12","Pira12","paired-Ig-like receptor A12","Chr1: 65.304407","3.921","75.9","Chr1: 65.713205","1.022"
"27771","ENSRNOG00000030431","RT1-Db2","RT1 class II, locus Db2","Chr20: 4.539723","5.944","75.8","Chr20: 4.679209","1.691"
"9000","UNCHAR_LOC102546604","LOC102546604","uncharacterized LOC102546604","Chr1: 12.073611","5.050","75.3","Chr1: 11.644866","0.872"
"17050","UNCHAR_LOC120098766","LOC120098766","histocompatibility antigen 60b-like","Chr1: 1.517225","1.903","75.2","Chr1: 1.137347","2.319"
"23307","ENSRNOG00000025957","Ooep","oocyte expressed protein","Chr8: 79.224553","2.711","74.8","Chr9: 49.051196","1.488"
"10232","UNCHAR_LOC102552179","LOC102552179","uncharacterized LOC102552179","Chr6: 89.523181","8.286","74.5","Chr6: 88.072336","-0.498"
"32203","ENSRNOG00000000767","Ubd","ubiquitin like modifier D","Chr20: 1.387437","3.950","74.2","Chr20: 1.568617","1.746"
"22597","ENSRNOG00000008716","Nefh","neurofilament heavy chain","Chr14: 79.840346","4.808","74.1","Chr14: 79.465350","1.576"
"8354","UNCHAR_Lilrb1","Lilrb1","leukocyte immunoglobulin like receptor B1","Chr1: 65.457263","6.305","73.9","Chr1: 65.713205","0.825"
"1954","ENSRNOG00000011130","Calca","calcitonin-related polypeptide alpha","Chr1: 168.883175","3.507","73.3","Chr1: 168.821778","1.407"
"32351","ENSRNOG00000059840","Unc5a","unc-5 netrin receptor A","Chr17: 9.670557","5.110","72.9","Chr17: 9.399220","1.147"
"7854","ENSRNOG00000060356","Kif15","kinesin family member 15","Chr8: 122.601887","5.689","72.5","Chr8: 123.157499","-0.713"
"3538","ENSRNOG00000007057","Csmd2","CUB and Sushi multiple domains 2","Chr5: 140.342351","5.390","72.4","Chr5: 140.667634","1.307"
"9585","UNCHAR_LOC102549291","LOC102549291","uncharacterized LOC102549291","Chr3: 138.835646","4.499","72.3","Chr3: 138.848480","1.003"
"11657","UNCHAR_LOC103693572","LOC103693572","uncharacterized LOC103693572","Chr11: 56.002986","4.195","72.2","Chr11: 55.372546","-1.182"
"9089","UNCHAR_LOC102547086","LOC102547086","uncharacterized LOC102547086","Chr4: 162.235045","8.643","72.1","Chr13: 102.773533","0.768"
"8591","ENSRNOG00000090721","LOC100362296","protein S100-A11-like","Chr3: 138.539299","1.718","71.5","Chr3: 138.348233","1.245"
"2192","ENSRNOG00000063478","Ccdc168","coiled-coil domain containing 168","Chr9: 46.236324","3.058","71.4","Chr9: 46.531618","0.980"
"2714","ENSRNOG00000091108","Ces1f","carboxylesterase 1F","Chr19: 13.796622","9.100","71.2","Chr19: 14.059434","0.935"
"11430","UNCHAR_LOC103691954","LOC103691954","zinc finger protein 431-like","Chr4: 3.782885","2.324","71.0","Chr3: 138.848480","1.862"
"1952","ENSRNOG00000007456","Calb1","calbindin 1","Chr5: 29.375623","5.265","70.7","Chr5: 29.456424","0.758"
"2124","UNCHAR_Cbr1l1","Cbr1l1","carbonyl reductase 1 like 1","Chr11: 32.876562","8.750","70.3","Chr11: 34.213273","-1.690"
"26807","UNCHAR_RGD1560124","RGD1560124","uncharacterized RGD1560124","ChrX: 117.621325","2.568","70.3","Chr20: 6.323102","-1.505"
"14525","UNCHAR_LOC120095151","LOC120095151","uncharacterized LOC120095151","Chr10: 63.864377","4.316","70.1","Chr7: 109.093977","1.125"
"14840","UNCHAR_LOC120095605","LOC120095605","uncharacterized LOC120095605","Chr11: 28.643442","2.980","69.5","Chr11: 28.831347","1.301"
"10660","UNCHAR_LOC102554288","LOC102554288","uncharacterized LOC102554288","Chr3: 145.466044","4.346","69.3","Chr3: 145.050063","-2.032"
"27111","UNCHAR_RGD1565766","RGD1565766","uncharacterized RGD1565766","Chr6: 26.923604","6.919","69.3","Chr6: 20.949751","-0.743"
"28364","ENSRNOG00000009613","Sh3bgrl2","SH3 domain binding glutamate-rich protein like 2","Chr8: 84.461018","8.462","69.2","Chr8: 84.236358","-0.608"
"12767","ENSRNOG00000089679","LOC108352304","uncharacterized LOC108352304","Chr11: 28.991550","4.338","68.9","Chr11: 28.840444","1.368"
"27033","UNCHAR_RGD1564482","RGD1564482","uncharacterized RGD1564482","Chr5: 148.517518","3.231","68.9","Chr5: 148.448833","0.772"
"3118","ENSRNOG00000014075","Clybl","citramalyl-CoA lyase","Chr15: 99.283643","7.929","68.6","Chr15: 99.417966","-0.614"
"23055","ENSRNOG00000022576","Nudt12","nudix hydrolase 12","Chr9: 98.755038","9.303","68.6","Chr9: 97.359745","-0.573"
"29476","ENSRNOG00000002085","Spmap2l","sperm microtubule associated protein 2 like","Chr14: 31.152486","2.527","68.6","Chr14: 31.142847","-1.145"
"15110","UNCHAR_LOC120095967","LOC120095967","uncharacterized LOC120095967","Chr12: 33.243971","2.132","68.2","Chr12: 33.354417","-1.033"
"3390","ENSRNOG00000084862","Cpm","carboxypeptidase M","Chr7: 53.225646","5.998","68.1","Chr7: 53.314244","0.631"
"27107","UNCHAR_RGD1565693","RGD1565693","uncharacterized RGD1565693","Chr6: 107.202204","3.629","68.1","Chr6: 107.059969","1.211"
"18247","UNCHAR_LOC120100693","LOC120100693","uncharacterized LOC120100693","Chr2: 33.734739","2.164","67.9","Chr2: 33.741686","-1.290"
"1187","ENSRNOG00000020202","Asrgl1","asparaginase and isoaspartyl peptidase 1","Chr1: 206.027114","9.409","67.7","Chr1: 205.159275","-0.684"
"15806","UNCHAR_LOC120096968","LOC120096968","uncharacterized LOC120096968","Chr1: 85.121841","6.004","67.0","Chr1: 85.398518","0.598"
"19029","UNCHAR_LOC120101891","LOC120101891","uncharacterized LOC120101891","Chr3: 13.538890","6.458","67.0","Chr3: 12.564220","-0.808"
"16676","UNCHAR_LOC120098218","LOC120098218","uncharacterized LOC120098218","Chr18: 70.169583","3.042","66.8","Chr18: 70.329282","1.190"
"10899","UNCHAR_LOC102555453","LOC102555453","uncharacterized LOC102555453","ChrX: 1.197282","9.106","66.6","Chr3: 16.490648","0.517"
"10920","UNCHAR_LOC102555557","LOC102555557","MLV-related proviral Env polyprotein-like","Chr12: 26.822693","2.770","66.6","Chr12: 27.015140","-1.649"
"14915","UNCHAR_LOC120095687","LOC120095687","uncharacterized LOC120095687","Chr11: 76.630584","4.142","66.6","Chr11: 77.035984","-1.150"
"20959","ENSRNOG00000050784","Macrod2","mono-ADP ribosylhydrolase 2","Chr3: 127.720065","8.238","66.4","Chr3: 129.153371","-1.025"
"10877","UNCHAR_LOC102555374","LOC102555374","uncharacterized LOC102555374","Chr13: 84.978985","4.778","66.0","Chr13: 84.954509","-0.650"
"22919","UNCHAR_Npy4r","Npy4r","neuropeptide Y receptor Y4","Chr16: 9.469056","1.262","65.8","Chr16: 9.517626","-1.268"
"24276","ENSRNOG00000089681","Or6k2","olfactory receptor family 6 subfamily K member 2","Chr13: 86.186441","2.073","65.8","Chr13: 86.622151","1.083"
"17647","ENSRNOG00000037348","LOC120099798","interferon stimulated exonuclease gene 20 like 1","Chr1: 93.701376","6.850","65.7","Chr1: 93.830128","0.617"
"18272","UNCHAR_LOC120100724","LOC120100724","uncharacterized LOC120100724","Chr2: 51.952729","5.818","65.7","Chr2: 52.627302","-0.821"
"583","ENSRNOG00000039504","Albfm1","albumin superfamily member 1","Chr14: 17.525024","2.396","65.5","Chr14: 17.530689","-1.168"
"11873","UNCHAR_LOC108348488","LOC108348488","uncharacterized LOC108348488","Chr1: 53.829903","4.641","65.3","Chr1: 53.025976","-0.774"
"2414","ENSRNOG00000042251","Cd300ld","Cd300 molecule-like family member D","Chr10: 100.115852","3.590","65.2","Chr10: 99.574645","-1.202"
"5149","ENSRNOG00000002110","Fam114a1l1","family with sequence similarity 114, member A1-like 1","Chr9: 111.659570","5.296","64.7","Chr14: 43.285791","0.650"
"27764","UNCHAR_RT1-CE3","RT1-CE3","RT1 class I, locus CE3","Chr20: 3.520937","6.850","64.7","Chr20: 4.679209","1.123"
"1273","ENSRNOG00000030269","Atp2b2","ATPase plasma membrane Ca2+ transporting 2","Chr4: 147.208059","4.507","64.6","Chr4: 145.227332","-1.377"
"11424","UNCHAR_LOC103691939","LOC103691939","uncharacterized LOC103691939","Chr3: 143.139772","8.354","64.0","Chr8: 79.366724","0.687"
"9804","UNCHAR_LOC102550304","LOC102550304","uncharacterized LOC102550304","Chr3: 131.526273","5.520","63.9","Chr3: 131.462440","0.678"
"11440","UNCHAR_LOC103691992","LOC103691992","uncharacterized LOC103691992","Chr3: 164.305928","4.021","63.9","Chr3: 163.652536","-1.057"
"12616","UNCHAR_LOC108351754","LOC108351754","uncharacterized LOC108351754","Chr8: 84.651605","0.955","63.7","Chr8: 84.736853","1.067"
"10471","UNCHAR_LOC102553363","LOC102553363","uncharacterized LOC102553363","Chr1: 20.663698","1.523","63.6","Chr1: 20.006034","-0.911"
"16033","ENSRNOG00000061398","LOC120097291","U1 spliceosomal RNA","Chr15: 21.239755","3.425","63.3","Chr6: 72.936638","1.611"
"27793","ENSRNOG00000073529","RT1-T24-1","RT1 class I, locus T24, gene 1","Chr20: 2.761494","5.531","62.6","Chr20: 3.601132","0.666"
"27816","ENSRNOG00000000279","Rtn4ip1","reticulon 4 interacting protein 1","Chr20: 47.382250","7.377","62.5","Chr20: 47.342075","0.516"
"12846","UNCHAR_LOC108352547","LOC108352547","uncharacterized LOC108352547","Chr13: 56.747096","2.015","62.4","Chr13: 56.452309","-1.088"
"8502","UNCHAR_LOC100360200","LOC100360200","uncharacterized LOC100360200","Chr12: 10.211743","3.988","62.2","Chr12: 9.403643","1.263"
"32002","ENSRNOG00000004411","Tspan8","tetraspanin 8","Chr7: 51.444945","7.137","62.0","Chr7: 51.760433","-0.804"
"1724","ENSRNOG00000002728","Btc","betacellulin","Chr14: 16.708446","3.978","61.9","Chr14: 17.079721","-1.065"
"8793","UNCHAR_LOC100911030","LOC100911030","uncharacterized LOC100911030","Chr1: 207.703429","5.861","61.9","Chr1: 208.647015","-0.963"
"8955","UNCHAR_LOC102546433","LOC102546433","uncharacterized LOC102546433","Chr18: 0.125306","6.176","61.8","Chr18: 0.012173","0.554"
"10100","UNCHAR_LOC102551569","LOC102551569","uncharacterized LOC102551569","Chr1: 174.135540","1.072","61.8","Chr1: 175.800813","1.441"
"31075","ENSRNOG00000021091","Trank1","tetratricopeptide repeat and ankyrin repeat containing 1","Chr8: 111.275972","5.425","61.8","Chr8: 110.719344","-0.934"
"28908","UNCHAR_Slfn13","Slfn13","uncharacterized Slfn13","Chr10: 67.955911","9.726","61.4","Chr10: 68.317118","-0.504"
"32664","ENSRNOG00000054736","Vom2r16","vomeronasal 2 receptor, 16","Chr1: 63.236377","1.133","61.4","Chr1: 63.505542","1.064"
"290","ENSRNOG00000042478","Adam22","ADAM metallopeptidase domain 22","Chr4: 25.716054","7.668","61.1","Chr4: 25.286406","0.567"
"23031","ENSRNOG00000031136","Ntng1","netrin G1","Chr2: 197.827680","5.885","61.0","Chr2: 196.146024","-0.710"
"15837","ENSRNOG00000069144","LOC120097004","uncharacterized LOC120097004","Chr15: 35.449433","1.746","60.9","Chr15: 35.414731","1.007"
"27752","ENSRNOG00000071249","RT1-A3","RT1 class I, locus A3","Chr20: 4.847572","10.800","60.7","Chr20: 4.680142","0.635"
"26979","UNCHAR_RGD1563400","RGD1563400","uncharacterized RGD1563400","Chr12: 18.580285","4.983","60.6","Chr12: 19.031953","-1.061"
"30118","UNCHAR_Tatdn3","Tatdn3","uncharacterized Tatdn3","Chr13: 102.649048","7.616","60.5","Chr13: 102.773533","0.499"
"10942","ENSRNOG00000074084","LOC102555661","uncharacterized LOC102555661","Chr3: 139.325803","1.607","60.0","Chr3: 138.848480","1.081"
"195","ENSRNOG00000032508","Acot5","acyl-CoA thioesterase 5","Chr6: 103.701907","1.045","59.6","Chr6: 103.587155","0.985"
"16384","UNCHAR_LOC120097800","LOC120097800","thymosin beta-10-like","Chr17: 14.135653","6.495","59.4","Chr4: 105.344429","-0.789"
"26756","UNCHAR_RGD1359290","RGD1359290","uncharacterized RGD1359290","Chr10: 92.373734","8.543","59.1","Chr18: 68.328736","1.399"
"13789","UNCHAR_LOC120094140","LOC120094140","uncharacterized LOC120094140","Chr8: 48.730792","6.770","59.0","Chr8: 48.395402","0.569"
"6861","UNCHAR_Hmgb1-ps28","Hmgb1-ps28","high-mobility group box 1, pseudogene 28","Chr16: 48.746341","3.022","58.6","Chr12: 5.995145","1.819"
"22083","ENSRNOG00000026387","Ms4a12","membrane spanning 4-domains A12","Chr1: 207.894632","5.078","58.6","Chr1: 207.840211","-1.212"
"4453","ENSRNOG00000016632","Dsg3","desmoglein 3","Chr18: 11.799354","1.439","58.5","Chr18: 12.199016","1.241"
"22922","ENSRNOG00000017820","Nqo2","N-ribosyldihydronicotinamide:quinone dehydrogenase 2","Chr17: 30.938724","7.736","58.3","Chr17: 30.819586","-0.481"
"20443","UNCHAR_LOC685453","LOC685453","uncharacterized LOC685453","Chr5: 113.944482","3.322","58.2","Chr5: 113.292868","0.755"
"19280","UNCHAR_LOC120102311","LOC120102311","uncharacterized LOC120102311","Chr4: 105.288959","4.790","58.1","Chr4: 105.344429","-0.683"
"27751","ENSRNOG00000069480","RT1-A2","RT1 class Ia, locus A2","Chr20: 4.870938","11.794","58.0","Chr20: 3.601132","0.706"
"25024","ENSRNOG00000014462_1","Pfas","farnesyltransferase, CAAX box, subunit alpha","Chr10: 53.711810","8.925","57.9","Chr10: 53.742243","-0.469"
"26134","ENSRNOG00000015072","Ptgr1","prostaglandin reductase 1","Chr5: 73.802623","7.755","57.2","Chr5: 73.809984","-0.938"
"27761","UNCHAR_RT1-CE15","RT1-CE15","RT1 class I, locus CE15","Chr20: 3.279073","8.382","57.1","Chr20: 4.680142","0.672"
"11290","UNCHAR_LOC103691157","LOC103691157","uncharacterized LOC103691157","Chr1: 121.055567","2.183","56.6","Chr1: 121.190327","-0.866"
"10683","UNCHAR_LOC102554403","LOC102554403","uncharacterized LOC102554403","Chr11: 70.656790","1.183","56.4","Chr11: 70.604547","-0.919"
"4410","ENSRNOG00000025404","Dppa4","developmental pluripotency associated 4","Chr11: 52.578778","2.165","56.3","Chr11: 52.576144","-1.098"
"21731","UNCHAR_Mir6321","Mir6321","microRNA 6321","Chr14: 19.459456","2.083","56.1","Chr14: 19.903596","0.952"
"10841","ENSRNOG00000065630","LOC102555217","zinc finger protein 120-like","Chr3: 138.595664","9.091","55.4","Chr3: 140.097827","-0.436"
"8901","UNCHAR_LOC100912427","LOC100912427","Y box binding protein 1 like 1","Chr1: 171.306091","7.897","55.3","Chr5: 133.068819","0.428"
"17729","UNCHAR_LOC120099890","LOC120099890","uncharacterized LOC120099890","Chr1: 153.484558","3.019","55.2","Chr1: 153.308472","1.095"
"16627","UNCHAR_LOC120098153","LOC120098153","uncharacterized LOC120098153","Chr18: 22.110778","1.055","55.1","Chr18: 22.039241","1.049"
"22441","ENSRNOG00000067962","Nat8f3","N-acetyltransferase 8 (GCN5-related) family member 3","Chr4: 118.246009","6.471","55.1","Chr4: 118.133979","-0.670"
"2766","ENSRNOG00000006114","Cfap69","cilia and flagella associated protein 69","Chr4: 28.379631","5.904","54.8","Chr4: 28.255022","-0.457"
"13400","UNCHAR_LOC120093590","LOC120093590","uncharacterized LOC120093590","Chr7: 50.433096","6.747","54.7","Chr7: 50.445816","-1.050"
"25254","ENSRNOG00000045626","Pkd1l2","polycystin 1 like 2","Chr19: 45.136502","4.332","54.7","Chr19: 45.316201","0.896"
"26801","UNCHAR_RGD1560017","RGD1560017","uncharacterized RGD1560017","Chr3: 91.267802","5.635","54.7","Chr18: 68.328736","2.044"
"5916","ENSRNOG00000000168","Gatm","glycine amidinotransferase","Chr3: 109.675507","8.261","54.5","Chr3: 109.270516","-0.763"
"28073","ENSRNOG00000009528","Sdcbp2","syndecan binding protein 2","Chr3: 140.060745","8.570","54.5","Chr3: 140.097827","0.453"
"1746","ENSRNOG00000064738","Btnl8","butyrophilin-like 8","Chr20: 4.264839","2.823","53.9","Chr20: 4.101122","-1.232"
"3397","ENSRNOG00000000522","Cpne5","copine 5","Chr20: 7.289308","2.726","53.9","Chr20: 7.361183","1.092"
"19432","UNCHAR_LOC120102499","LOC120102499","uncharacterized LOC120102499","Chr4: 129.420527","1.351","53.9","Chr4: 129.196723","1.111"
"8536","UNCHAR_LOC100361025","LOC100361025","uncharacterized LOC100361025","Chr14: 87.552304","6.119","53.7","Chr1: 95.648114","0.567"
"1872","ENSRNOG00000007256","C5h8orf88","similar to human chromosome 8 open reading frame 88","Chr5: 28.330166","5.442","53.6","Chr5: 28.616757","-1.357"
"9062","UNCHAR_LOC102546903","LOC102546903","uncharacterized LOC102546903","Chr12: 18.837514","2.600","53.2","Chr12: 19.031953","1.159"
"18700","ENSRNOG00000056780","LOC120101379","U1 spliceosomal RNA","Chr2: 112.190390","4.210","53.1","Chr6: 72.936638","1.155"
"23093","ENSRNOG00000004727","Nup37","nucleoporin 37","Chr7: 22.556563","7.473","53.1","Chr7: 22.632021","-0.408"
"9634","UNCHAR_LOC102549494","LOC102549494","uncharacterized LOC102549494","Chr12: 4.982436","5.745","52.9","Chr12: 4.504911","0.735"
"28659","ENSRNOG00000033251","Slc25a52","solute carrier family 25, member 52","Chr14: 45.398336","4.318","52.8","Chr5: 59.115211","0.701"
"13125","UNCHAR_LOC120093158","LOC120093158","uncharacterized LOC120093158","Chr2: 91.501917","4.342","52.6","Chr2: 90.622770","0.587"
"15511","UNCHAR_LOC120096582","LOC120096582","uncharacterized LOC120096582","Chr14: 17.483031","1.865","52.5","Chr14: 18.063211","-0.906"
"6790","ENSRNOG00000003464","Hid1","HID1 domain containing","Chr10: 100.610049","10.153","52.3","Chr10: 100.351953","-0.571"
"28217","ENSRNOG00000042634","Serpina12","serpin family A member 12","Chr6: 122.967270","9.872","52.3","Chr6: 123.067730","-1.632"
"27766","ENSRNOG00000071226","RT1-CE5","RT1 class I, locus CE5","Chr20: 3.479475","11.786","52.2","Chr20: 3.601132","0.492"
"18235","UNCHAR_LOC120100680","LOC120100680","uncharacterized LOC120100680","Chr2: 29.788923","1.992","52.1","Chr2: 30.036105","-0.930"
"26840","UNCHAR_RGD1560860","RGD1560860","uncharacterized RGD1560860","Chr17: 54.808183","1.365","52.1","Chr17: 54.649901","1.016"
"29554","ENSRNOG00000000172","Sqor","sulfide quinone oxidoreductase","Chr3: 109.841224","9.017","52.1","Chr3: 108.634297","-0.509"
"4939","ENSRNOG00000026323","Eqtn","equatorin","Chr5: 109.762047","6.962","51.7","Chr5: 109.530252","0.389"
"17166","UNCHAR_LOC120098896","LOC120098896","uncharacterized LOC120098896","Chr20: 4.865697","7.514","51.6","Chr20: 3.601132","0.619"
"9439","UNCHAR_LOC102548553","LOC102548553","uncharacterized LOC102548553","Chr4: 72.088277","4.179","51.5","Chr4: 71.606853","-0.761"
"1975","ENSRNOG00000013260","Calr3","calreticulin 3","Chr16: 17.396088","7.043","51.4","Chr16: 17.484384","0.430"
"29038","ENSRNOG00000066945","Smpdl3a","sphingomyelin phosphodiesterase, acid-like 3A","Chr20: 37.132591","11.135","51.4","Chr20: 37.180412","-0.473"
"10553","UNCHAR_LOC102553770","LOC102553770","uncharacterized LOC102553770","Chr2: 31.068284","1.320","51.1","Chr2: 31.931397","-1.258"
"26092","ENSRNOG00000000925","Psph","phosphoserine phosphatase","Chr12: 26.882523","7.999","51.0","Chr12: 27.015140","0.412"
"8818","UNCHAR_LOC100911367","LOC100911367","uncharacterized LOC100911367","Chr18: 31.252491","1.461","50.8","Chr18: 31.650799","1.425"
"11018","UNCHAR_LOC102556043","LOC102556043","zinc finger protein 431 like 12","Chr1: 93.655246","1.360","50.6","Chr1: 93.830128","0.938"
"15547","UNCHAR_LOC120096622","LOC120096622","uncharacterized LOC120096622","Chr14: 66.834087","2.917","50.5","Chr14: 66.887304","0.930"
"3967","ENSRNOG00000057125","Ddr1","discoidin domain receptor tyrosine kinase 1","Chr20: 3.042493","8.326","50.3","Chr20: 2.687516","-0.643"
"9531","UNCHAR_LOC102549007","LOC102549007","uncharacterized LOC102549007","Chr3: 164.291121","2.027","50.2","Chr3: 164.153483","-1.166"
"9113","UNCHAR_LOC102547177","LOC102547177","uncharacterized LOC102547177","Chr1: 156.162118","2.774","50.1","Chr1: 156.192687","0.985"
"20373","UNCHAR_LOC680933","LOC680933","uncharacterized LOC680933","Chr6: 0.192191","7.455","50.0","Chr7: 0.798459","-0.454"
"6557","ENSRNOG00000069498","Gvinp1","GTPase, very large interferon inducible 1","Chr1: 160.203002","3.854","49.8","Chr1: 161.575647","1.362"
"1874","ENSRNOG00000024115","C6","complement C6","Chr2: 53.846027","13.382","49.7","Chr2: 54.732908","0.588"
"21859","ENSRNOG00000086807","Mmp24os","MMP24 opposite strand","Chr3: 144.324448","9.682","49.4","Chr3: 144.547298","0.372"
"24703","ENSRNOG00000002035","Paqr3","progestin and adipoQ receptor family member 3","Chr14: 12.462567","8.391","49.4","Chr14: 12.809827","0.464"
"30731","ENSRNOG00000031348","Tmem232","transmembrane protein 232","Chr9: 105.115736","2.032","49.4","Chr9: 105.308155","-1.103"
"2125","ENSRNOG00000049693","Cbr1l2","carbonyl reductase 1 like 2","Chr11: 32.892639","9.084","49.3","Chr11: 33.102109","-2.285"
"6668","UNCHAR_Hbb-b1","Hbb-b1","hemoglobin, beta adult major chain","Chr1: 158.231674","10.524","49.3","Chr1: 158.468568","1.123"
"3632","ENSRNOG00000016496","Ctsc","cathepsin C","Chr1: 142.028385","10.563","49.2","Chr1: 142.042856","-0.529"
"8700","UNCHAR_LOC100909671","LOC100909671","uncharacterized LOC100909671","Chr10: 100.126303","4.984","49.1","Chr10: 99.846935","0.975"
"27794","UNCHAR_RT1-T24-2","RT1-T24-2","RT1 class I, locus T24, gene 2","Chr20: 2.738658","6.224","49.1","Chr20: 2.611182","0.592"
"30583","ENSRNOG00000000033","Tmcc2","transmembrane and coiled-coil domain family 2","Chr13: 43.831715","7.431","48.9","Chr1: 231.862988","0.909"
"5171","ENSRNOG00000021693","Fam149a","family with sequence similarity 149, member A","Chr16: 46.855376","8.533","48.8","Chr16: 46.596353","-0.390"
"17201","UNCHAR_LOC120098942","LOC120098942","uncharacterized LOC120098942","Chr20: 44.943037","0.670","48.7","Chr20: 44.128952","-1.054"
"27790","ENSRNOG00000032664","RT1-S2","RT1 class Ib, locus S2","Chr20: 2.650232","1.166","48.3","Chr20: 2.611182","0.983"
"1394","ENSRNOG00000061346","B3glct","beta 3-glucosyltransferase","Chr12: 5.346806","8.748","48.2","Chr12: 5.017960","0.374"
"1744","UNCHAR_Btnl5","Btnl5","butyrophilin-like 5","Chr20: 4.366779","0.831","48.2","Chr20: 4.679209","-1.076"
"3570","ENSRNOG00000005195","Cst3","cystatin C","Chr3: 136.340795","13.127","48.2","Chr3: 136.490118","-0.469"
"10807","ENSRNOG00000071122","LOC102555043","uncharacterized LOC102555043","Chr13: 102.802660","2.883","48.2","Chr13: 101.534140","-0.856"
"26236","ENSRNOG00000016975","Pxmp4","peroxisomal membrane protein 4","Chr3: 143.110619","7.255","47.9","Chr3: 142.720320","-0.481"
"26952","UNCHAR_RGD1562844","RGD1562844","uncharacterized RGD1562844","Chr17: 31.386217","0.496","47.6","Chr17: 31.438420","-0.751"
"340","UNCHAR_Adat2","Adat2","adenosine deaminase, tRNA-specific 2","Chr1: 7.954519","6.883","47.4","Chr1: 7.181875","0.472"
"6867","ENSRNOG00000011193","Hmgcll1","3-hydroxy-3-methylglutaryl-CoA lyase like 1","Chr8: 76.757300","4.885","47.3","Chr8: 77.002080","0.652"
"16079","UNCHAR_LOC120097360","LOC120097360","uncharacterized LOC120097360","Chr1: 196.090053","3.402","47.2","Chr1: 196.761300","-0.728"
"27405","ENSRNOG00000056116","Rnu1-39","RNA, U1 small nuclear 39","Chr3: 136.257920","1.758","47.1","Chr6: 72.936638","1.038"
"6830","UNCHAR_Hist2h2aa2","Hist2h2aa2","histone cluster 2 H2A family member A2","Chr2: 183.801890","8.127","47.0","Chr2: 183.798575","1.587"
"1870","ENSRNOG00000026169","C5h1orf87","similar to human chromosome 1 open reading frame 87","Chr5: 111.411575","1.240","46.8","Chr5: 111.411343","-0.885"
"26657","ENSRNOG00000014090","Retsat","retinol saturase","Chr4: 104.653305","15.233","46.6","Chr4: 104.785882","-0.480"
"3422","ENSRNOG00000015902","Cpxm2","carboxypeptidase X (M14 family), member 2","Chr1: 186.947221","9.134","46.5","Chr1: 186.963051","-0.735"
"14097","UNCHAR_LOC120094596","LOC120094596","uncharacterized LOC120094596","Chr9: 0.413569","1.993","46.5","Chr7: 0.194932","0.929"
"18725","UNCHAR_LOC120101456","LOC120101456","uncharacterized LOC120101456","Chr3: 110.284853","3.518","46.5","Chr2: 122.277665","0.869"
"11759","UNCHAR_LOC103694354","LOC103694354","uncharacterized LOC103694354","Chr19: 50.620703","5.317","46.4","Chr19: 50.602551","-0.582"
"6497","ENSRNOG00000001242","Gstt3","glutathione S-transferase, theta 3","Chr20: 12.875183","10.729","46.3","Chr20: 12.773685","1.020"
"11194","UNCHAR_LOC103690428","LOC103690428","uncharacterized LOC103690428","Chr7: 90.389901","3.054","46.3","Chr7: 90.263240","-0.947"
"30702","ENSRNOG00000047783","Tmem200a","transmembrane protein 200A","Chr1: 19.323645","3.543","46.3","Chr1: 19.651811","-1.080"
"6399","ENSRNOG00000024651","Greb1","growth regulating estrogen receptor binding 1","Chr6: 39.562363","6.173","46.0","Chr6: 39.599091","1.064"
"19835","UNCHAR_LOC120103114","LOC120103114","uncharacterized LOC120103114","Chr5: 112.442855","6.312","46.0","Chr5: 112.457794","-0.421"
"21086","ENSRNOG00000090872","Map6d1","MAP6 domain containing 1","Chr11: 80.734147","5.378","46.0","Chr11: 81.008767","0.768"
"18863","UNCHAR_LOC120101645","LOC120101645","uncharacterized LOC120101645","Chr3: 109.684141","2.076","45.8","Chr3: 109.771053","-1.050"
"27122","UNCHAR_RGD1566006","RGD1566006","uncharacterized RGD1566006","Chr12: 17.732680","3.926","45.8","Chr12: 19.031953","0.811"
"13132","UNCHAR_LOC120093165","LOC120093165","uncharacterized LOC120093165","Chr2: 52.023028","4.391","45.7","Chr2: 52.627302","-1.195"
"21248","ENSRNOG00000032813","Mdc1","mediator of DNA damage checkpoint 1","Chr20: 2.912393","7.957","45.6","Chr20: 2.611182","-0.417"
"33610","ENSRNOG00000057989","Zp2","zona pellucida glycoprotein 2","Chr1: 174.525287","2.044","45.4","Chr1: 174.151110","-1.158"
"10348","UNCHAR_LOC102552725","LOC102552725","uncharacterized LOC102552725","Chr11: 25.048702","9.110","45.3","Chr11: 25.911036","0.398"
"14322","ENSRNOG00000057331","LOC120094884","U1 spliceosomal RNA","Chr9: 1.931715","2.120","45.3","Chr6: 72.936638","1.178"
"1646","ENSRNOG00000017577","Bphl","biphenyl hydrolase like","Chr17: 30.837276","9.161","45.1","Chr17: 30.819586","0.445"
"4273","ENSRNOG00000015581","Dnah6","dynein, axonemal, heavy chain 6","Chr4: 105.284360","5.661","45.1","Chr4: 105.344429","-0.623"
"26887","UNCHAR_RGD1561730","RGD1561730","uncharacterized RGD1561730","Chr12: 18.216470","3.857","45.1","Chr12: 19.031953","-0.892"
"11140","UNCHAR_LOC102557269","LOC102557269","uncharacterized LOC102557269","Chr5: 49.791190","3.075","45.0","Chr5: 49.912070","0.786"
"6495","ENSRNOG00000049771","Gstt1","glutathione S-transferase theta 1","Chr20: 12.856612","9.217","44.9","Chr20: 13.278239","-0.528"
"10056","UNCHAR_LOC102551372","LOC102551372","uncharacterized LOC102551372","Chr5: 21.749063","6.156","44.8","Chr5: 20.965022","0.544"
"9613","UNCHAR_LOC102549403","LOC102549403","uncharacterized LOC102549403","Chr7: 50.423294","3.339","44.7","Chr7: 50.445816","-0.992"
"12645","UNCHAR_LOC108351885","LOC108351885","uncharacterized LOC108351885","Chr9: 10.025220","3.910","44.7","Chr9: 9.211178","-0.762"
"26322","ENSRNOG00000008001","Rab3b","RAB3B, member RAS oncogene family","Chr5: 123.629561","7.623","44.7","Chr5: 122.524709","0.943"
"1166","ENSRNOG00000059765","Asic1","acid sensing ion channel subunit 1","Chr7: 130.798316","3.788","44.6","Chr7: 131.242066","0.706"
"10848","UNCHAR_LOC102555240","LOC102555240","uncharacterized LOC102555240","Chr10: 0.990682","2.104","44.5","Chr10: 1.082663","0.803"
"28443","ENSRNOG00000021474","Siglec5","sialic acid binding Ig-like lectin 5","Chr1: 93.768189","9.046","44.5","Chr1: 92.967471","-0.585"
"8127","ENSRNOG00000070593","Krtap16-1","keratin associated protein 16-1","Chr10: 84.916983","1.537","44.4","Chr10: 84.798077","-1.345"
"20858","ENSRNOG00000003244","Ltc4s","leukotriene C4 synthase","Chr10: 34.562789","6.783","44.4","Chr10: 34.244081","-0.593"
"4128","ENSRNOG00000082925","Dhfr","dihydrofolate reductase","Chr2: 23.585875","5.485","44.3","Chr2: 24.478320","0.496"
"28232","ENSRNOG00000002583","Serpinb11","serpin family B member 11","Chr13: 23.304774","0.389","44.0","Chr13: 23.525450","0.663"
"24281","ENSRNOG00000077027","Or6n2","olfactory receptor family 6 subfamily N member 2","Chr13: 86.076856","3.247","43.9","Chr13: 86.622151","0.725"
"11641","ENSRNOG00000066982","LOC103693502","zinc finger protein 431-like","Chr9: 113.729582","6.629","43.7","Chr9: 113.311047","0.445"
"27113","UNCHAR_RGD1565779","RGD1565779","uncharacterized RGD1565779","Chr18: 28.295203","1.921","43.7","Chr18: 29.534165","-1.387"
"6093","ENSRNOG00000007561","Glb1l2","galactosidase, beta 1-like 2","Chr8: 25.166842","2.038","43.6","Chr8: 25.570084","-0.976"
"7399","ENSRNOG00000012375","Inpp1","inositol polyphosphate-1-phosphatase","Chr9: 48.688036","9.392","43.3","Chr9: 48.546520","-0.409"
"12677","UNCHAR_LOC108351976","LOC108351976","uncharacterized LOC108351976","Chr9: 98.857960","4.184","43.3","Chr9: 97.359745","-0.803"
"20206","UNCHAR_LOC259244","LOC259244","uncharacterized LOC259244","Chr5: 74.912889","2.347","43.3","Chr5: 74.310359","1.319"
"1743","ENSRNOG00000068088","Btnl4","butyrophilin-like 4","Chr20: 4.231349","0.714","43.2","Chr20: 4.679209","-1.004"
"25023","ENSRNOG00000028015","Pf4","platelet factor 4","Chr14: 17.299219","7.980","42.9","Chr14: 17.530689","-0.472"
"9389","UNCHAR_LOC102548352","LOC102548352","uncharacterized LOC102548352","Chr8: 118.817450","4.986","42.8","Chr8: 118.892957","-0.555"
"10490","UNCHAR_LOC102553457","LOC102553457","uncharacterized LOC102553457","Chr1: 20.935165","3.386","42.8","Chr1: 21.009060","-0.641"
"26771","UNCHAR_RGD1559588","RGD1559588","uncharacterized RGD1559588","Chr12: 17.398843","4.169","42.8","Chr12: 17.449158","1.049"
"23325","ENSRNOG00000016768","Oprl1","opioid related nociceptin receptor 1","Chr3: 168.831933","0.962","42.7","Chr3: 168.114441","0.772"
"19297","ENSRNOG00000077167","LOC120102331","uncharacterized LOC120102331","Chr4: 120.366388","3.743","42.6","Chr4: 114.991264","1.043"
"12495","UNCHAR_LOC108351294","LOC108351294","uncharacterized LOC108351294","Chr6: 122.953903","2.774","42.5","Chr6: 123.067730","-1.296"
"12953","UNCHAR_LOC108352885","LOC108352885","uncharacterized LOC108352885","Chr15: 9.951774","6.013","42.5","Chr15: 10.208703","-0.562"
"27130","UNCHAR_RGD1566099","RGD1566099","uncharacterized RGD1566099","Chr13: 50.418973","5.758","42.5","Chr13: 50.307539","0.369"
"30916","ENSRNOG00000014464","Tnfsf13b","TNF superfamily member 13b","Chr16: 79.492887","6.608","42.5","Chr16: 79.457688","0.524"
"11993","UNCHAR_LOC108348977","LOC108348977","uncharacterized LOC108348977","Chr19: 54.622765","1.942","42.4","Chr19: 54.681161","-0.809"
"18943","UNCHAR_LOC120101770","LOC120101770","protein NDRG3-like","Chr3: 145.584912","3.071","42.3","Chr3: 145.190228","1.268"
"1857","ENSRNOG00000004062","C4bpa","complement component 4 binding protein, alpha","Chr13: 42.111204","7.991","42.2","Chr13: 42.434735","0.705"
"2446","ENSRNOG00000006604_2","Cd7","Thy-1 cell surface antigen","Chr10: 106.306962","4.517","42.2","Chr10: 105.235480","-0.944"
"17843","UNCHAR_LOC120100024","LOC120100024","uncharacterized LOC120100024","Chr1: 233.599641","7.516","42.1","Chr1: 233.311150","-0.393"
"5672","ENSRNOG00000042605","Fpr2","formyl peptide receptor 2","Chr1: 58.776591","1.666","41.9","Chr1: 58.660722","-0.956"
"3619","ENSRNOG00000010649","Ctnnd2","catenin delta 2","Chr2: 81.168524","6.224","41.8","Chr2: 81.456230","0.898"
"11172","UNCHAR_LOC103690119","LOC103690119","uncharacterized LOC103690119","Chr7: 7.548917","6.566","41.8","Chr7: 1.964338","0.505"
"7052","ENSRNOG00000047966","Hspa1l","heat shock protein family A (Hsp70) member 1 like","Chr20: 3.851325","4.982","41.6","Chr20: 3.601132","0.768"
"17195","UNCHAR_LOC120098934","LOC120098934","uncharacterized LOC120098934","Chr20: 7.369460","4.212","41.5","Chr20: 6.858809","-0.599"
"25806","ENSRNOG00000012486","Prim2","DNA primase subunit 2","Chr9: 35.904520","6.192","41.4","Chr9: 35.390780","-0.464"
"28392","ENSRNOG00000011357","Shbg","sex hormone binding globulin","Chr10: 54.350408","5.291","41.4","Chr10: 54.389422","-0.544"
"13035","UNCHAR_LOC108353253","LOC108353253","uncharacterized LOC108353253","Chr20: 3.260747","9.157","41.3","Chr20: 3.210100","-0.582"
"12931","UNCHAR_LOC108352809","LOC108352809","uncharacterized LOC108352809","Chr14: 95.020004","2.457","41.1","Chr14: 95.007131","0.896"
"10356","UNCHAR_LOC102552767","LOC102552767","uncharacterized LOC102552767","Chr15: 11.906056","3.013","41.0","Chr15: 11.837354","0.817"
"15264","UNCHAR_LOC120096223","LOC120096223","uncharacterized LOC120096223","Chr13: 10.007429","4.468","41.0","Chr15: 20.685537","0.505"
"22440","ENSRNOG00000069710","Nat8f2","N-acetyltransferase 8 (GCN5-related) family member 2","Chr4: 118.323158","2.215","41.0","Chr4: 118.133979","0.970"
"37","ENSRNOG00000039494","Aass","aminoadipate-semialdehyde synthase","Chr4: 51.663135","3.445","40.9","Chr4: 52.192420","0.925"
"3782","UNCHAR_Cyp2d5","Cyp2d5","uncharacterized Cyp2d5","Chr7: 113.904457","3.274","40.8","Chr7: 113.822112","1.062"
"27053","UNCHAR_RGD1564786","RGD1564786","uncharacterized RGD1564786","Chr17: 31.068701","3.150","40.5","Chr17: 31.438420","0.672"
"27768","UNCHAR_RT1-CE7","RT1-CE7","RT1 class I, locus CE7","Chr20: 3.434258","1.034","40.5","Chr20: 6.357718","2.196"
"9931","UNCHAR_LOC102550849","LOC102550849","uncharacterized LOC102550849","Chr5: 73.956548","2.596","40.4","Chr5: 73.810363","-0.703"
"32521","UNCHAR_Vdac1-ps11","Vdac1-ps11","voltage-dependent anion channel 1, pseudogene 11","Chr18: 50.003240","5.071","40.4","Chr18: 49.764351","1.020"
"2749","ENSRNOG00000043410","Cfap300","cilia and flagella associated protein 300","Chr8: 5.198839","5.769","40.3","Chr8: 4.162938","-0.447"
"17588","UNCHAR_LOC120099587","LOC120099587","uncharacterized LOC120099587","ChrY: 12.161298","4.983","40.3","Chr1: 143.735958","-0.506"
"5613","ENSRNOG00000007660","Fntb","farnesyltransferase, CAAX box, subunit beta","Chr6: 95.536614","7.015","40.2","Chr6: 95.470641","-0.441"
"6411","ENSRNOG00000006957","Gria4","glutamate ionotropic receptor AMPA type subunit 4","Chr8: 2.035034","4.214","40.2","Chr8: 1.532979","1.022"
"11629","UNCHAR_LOC103693420","LOC103693420","uncharacterized LOC103693420","Chr10: 78.711665","8.405","40.2","Chr4: 105.344429","-0.797"
"26944","UNCHAR_RGD1562690","RGD1562690","uncharacterized RGD1562690","Chr8: 30.363219","8.060","40.2","Chr1: 97.168285","0.466"
"3123","ENSRNOG00000010149","Cmc1","C-x(9)-C motif containing 1","Chr8: 117.900457","7.426","40.1","Chr8: 117.689838","0.409"
"11174","ENSRNOG00000047682","LOC103690152","disintegrin and metalloproteinase domain-containing protein 21-like","Chr6: 101.265827","3.326","40.1","Chr6: 100.909467","-0.672"
"26831","ENSRNOG00000042726","RGD1560775","similar to RIKEN cDNA 4930579C12 gene","Chr8: 89.716766","1.775","40.1","Chr8: 89.699592","0.922"
"28287","ENSRNOG00000025612","Sez6l","seizure related 6 homolog like","Chr12: 44.064900","1.538","40.1","Chr12: 43.066301","1.508"
"1980","ENSRNOG00000017882","Camk1d","calcium/calmodulin-dependent protein kinase ID","Chr17: 72.581898","7.719","40.0","Chr17: 72.549821","0.417"
"25312","ENSRNOG00000010516","Plau","plasminogen activator, urokinase","Chr15: 3.462731","9.404","40.0","Chr15: 3.436152","0.524"
"29462","ENSRNOG00000013116","Spink5","serine peptidase inhibitor, Kazal type 5","Chr18: 36.264451","1.173","39.9","Chr18: 35.289721","-1.159"
"31151","ENSRNOG00000015347","Trim45","tripartite motif-containing 45","Chr2: 188.349978","4.976","39.9","Chr2: 187.994697","-0.487"
"3793","ENSRNOG00000011053","Cyp2u1","cytochrome P450, family 2, subfamily u, polypeptide 1","Chr2: 219.866958","8.326","39.8","Chr2: 219.970144","0.356"
"29088","ENSRNOG00000055018","Snora26","small nucleolar RNA, H/ACA box 26","Chr14: 34.127759","0.897","39.6","Chr14: 33.884771","-1.461"
"10934","UNCHAR_LOC102555623","LOC102555623","uncharacterized LOC102555623","Chr2: 226.558531","4.097","39.5","Chr2: 226.753542","-0.633"
"12434","UNCHAR_LOC108351105","LOC108351105","uncharacterized LOC108351105","Chr5: 128.430903","5.641","39.5","Chr5: 128.754736","-0.689"
"24521","ENSRNOG00000064999","Ormdl1","ORMDL sphingolipid biosynthesis regulator 1","Chr9: 48.253308","8.063","39.4","Chr9: 48.046200","0.345"
"8173","ENSRNOG00000025273","L3mbtl4","L3MBTL histone methyl-lysine binding protein 4","Chr9: 108.295003","6.125","39.1","Chr9: 107.121395","0.685"
"7510","ENSRNOG00000011533","Irx3","iroquois homeobox 3","Chr19: 15.211881","3.339","39.0","Chr19: 14.762585","0.976"
"11086","UNCHAR_LOC102556463","LOC102556463","uncharacterized LOC102556463","Chr9: 114.045240","7.941","39.0","Chr9: 113.311047","0.387"
"11531","UNCHAR_LOC103692665","LOC103692665","uncharacterized LOC103692665","Chr6: 96.385027","6.067","39.0","Chr6: 96.215505","0.993"
"27759","UNCHAR_RT1-CE13","RT1-CE13","RT1 class I, locus CE13","Chr20: 3.318049","8.804","39.0","Chr20: 3.601132","0.550"
"28328","ENSRNOG00000014603","Sgcg","sarcoglycan, gamma","Chr15: 35.435071","10.130","38.8","Chr15: 35.414731","0.440"
"9639","UNCHAR_LOC102549526","LOC102549526","uncharacterized LOC102549526","Chr4: 104.672362","6.775","38.7","Chr4: 104.785882","0.506"
"8812","UNCHAR_LOC100911312","LOC100911312","uncharacterized LOC100911312","Chr16: 64.775086","1.321","38.5","Chr16: 64.696515","0.901"
"2530","ENSRNOG00000033837","Cdh9","cadherin 9","Chr2: 66.280421","2.610","38.4","Chr2: 66.085261","-0.901"
"14032","UNCHAR_LOC120094466","LOC120094466","uncharacterized LOC120094466","Chr8: 73.623017","1.347","38.4","Chr4: 119.127967","0.887"
"19016","UNCHAR_LOC120101877","LOC120101877","uncharacterized LOC120101877","Chr3: 5.387811","6.572","38.4","Chr3: 8.469538","0.877"
"26109","ENSRNOG00000046946","Ptchd3","patched domain containing 3","Chr10: 107.097550","1.813","38.4","Chr10: 104.734659","-1.091"
"31978","ENSRNOG00000027784","Tsku","tsukushi, small leucine rich proteoglycan","Chr1: 152.671681","8.409","38.3","Chr1: 152.301954","0.548"
"5892","UNCHAR_Gas2","Gas2","growth arrest-specific 2","Chr1: 101.452360","5.193","38.2","Chr1: 101.230005","0.590"
"18828","UNCHAR_LOC120101602","LOC120101602","uncharacterized LOC120101602","Chr3: 79.342516","2.200","38.2","Chr3: 79.134092","-0.818"
"2255","ENSRNOG00000037206","Ccdc77","coiled-coil domain containing 77","Chr4: 153.565907","7.281","38.1","Chr4: 153.708588","-0.535"
"21143","ENSRNOG00000018297","Marveld2","MARVEL domain containing 2","Chr2: 31.764149","3.467","38.1","Chr2: 31.925135","-0.660"
"22776","ENSRNOG00000023143","Nlrp1a","NLR family, pyrin domain containing 1A","Chr10: 55.833638","8.908","38.1","Chr10: 55.177413","-0.438"
"25204","ENSRNOG00000089133","Pilra","paired immunoglobin-like type 2 receptor alpha","Chr12: 17.787168","6.101","38.1","Chr12: 19.031953","0.655"
"25558","ENSRNOG00000012146","Pomt2","protein-O-mannosyltransferase 2","Chr6: 106.794848","7.970","38.1","Chr6: 106.786871","-0.437"
"10277","ENSRNOG00000090849","LOC102552389","uncharacterized LOC102552389","Chr15: 51.149509","3.926","38.0","Chr15: 50.896269","0.615"
"27103","UNCHAR_RGD1565648","RGD1565648","uncharacterized RGD1565648","Chr3: 138.989651","1.463","38.0","Chr3: 138.848480","0.865"
"11167","UNCHAR_LOC103690066","LOC103690066","uncharacterized LOC103690066","Chr6: 101.227471","3.688","37.9","Chr6: 100.909467","-0.528"
"19227","UNCHAR_LOC120102251","LOC120102251","uncharacterized LOC120102251","Chr4: 59.197471","4.992","37.9","Chr4: 58.304409","0.773"
"7120","ENSRNOG00000002158","Ibsp","integrin-binding sialoprotein","Chr14: 5.452569","0.984","37.6","Chr14: 5.618685","-0.894"
"9462","UNCHAR_LOC102548668","LOC102548668","uncharacterized LOC102548668","Chr1: 243.600352","3.561","37.6","Chr1: 243.679443","0.760"
"13106","UNCHAR_LOC120093125","LOC120093125","uncharacterized LOC120093125","Chr20: 2.624072","7.184","37.6","Chr20: 2.687516","0.530"
"24278","ENSRNOG00000085155","Or6k6","olfactory receptor family 6 subfamily K member 6","Chr13: 86.149324","2.568","37.6","Chr13: 86.622151","0.716"
"11360","UNCHAR_LOC103691580","LOC103691580","uncharacterized LOC103691580","Chr9: 0.366431","2.606","37.5","Chr7: 0.798459","0.759"
"21435","ENSRNOG00000016038","Mgmt","O-6-methylguanine-DNA methyltransferase","Chr1: 191.710979","8.197","37.5","Chr1: 191.587372","0.377"
"21816","ENSRNOG00000033809","Mlh1","mutL homolog 1","Chr8: 111.233720","8.115","37.4","Chr8: 110.719344","0.372"
"33389","ENSRNOG00000037428","Zfp605","zinc finger protein 605","Chr12: 46.574881","6.778","37.4","Chr12: 45.311821","-0.461"
"10698","UNCHAR_LOC102554479","LOC102554479","uncharacterized LOC102554479","Chr3: 163.896383","7.450","37.3","Chr3: 164.153483","-0.307"
"19638","UNCHAR_LOC120102848","LOC120102848","uncharacterized LOC120102848","Chr5: 46.040830","3.480","37.3","Chr5: 46.108175","-0.659"
"30651","ENSRNOG00000013238","Tmem14a","transmembrane protein 14A","Chr9: 23.640593","5.247","37.3","Chr9: 21.934821","-0.637"
"22437","ENSRNOG00000056962_1","Nat8","N-acetyltransferase 8B","Chr4: 118.284670","2.667","37.2","Chr4: 118.133979","-0.677"
"8503","UNCHAR_LOC100360260","LOC100360260","uncharacterized LOC100360260","Chr16: 29.188608","4.682","37.0","Chr4: 80.894921","0.613"
"29674","ENSRNOG00000014002","St7l","suppression of tumorigenicity 7-like","Chr2: 192.364755","8.503","37.0","Chr2: 192.504908","-0.283"
"3780","ENSRNOG00000080638","Cyp2d3","cytochrome P450, family 2, subfamily d, polypeptide 3","Chr7: 113.922067","3.526","36.9","Chr7: 113.822112","1.062"
"24766","ENSRNOG00000000386","Pbld1","phenazine biosynthesis-like protein domain containing 1","Chr20: 25.566542","2.921","36.9","Chr20: 25.549211","1.024"
"12772","UNCHAR_LOC108352312","LOC108352312","uncharacterized LOC108352312","Chr11: 34.018286","4.631","36.7","Chr11: 33.611309","0.622"
"1904","ENSRNOG00000001173","Cabp1","calcium binding protein 1","Chr12: 41.385233","4.165","36.5","Chr12: 40.946310","0.655"
"5931","UNCHAR_Gbp6-ps3","Gbp6-ps3","uncharacterized Gbp6-ps3","Chr14: 4.474086","5.099","36.5","Chr14: 4.330834","0.743"
"17222","UNCHAR_LOC120098966","LOC120098966","uncharacterized LOC120098966","Chr20: 2.681715","2.765","36.5","Chr20: 2.611182","0.735"
"29351","ENSRNOG00000008232","Spaca1","sperm acrosome associated 1","Chr5: 48.540675","0.535","36.5","Chr5: 48.741140","0.677"
"5575","ENSRNOG00000004461","Flywch2","FLYWCH family member 2","Chr10: 12.807081","4.912","36.4","Chr10: 13.039414","0.437"
"3484","ENSRNOG00000006779","Crot","carnitine O-octanoyltransferase","Chr4: 25.068269","10.239","36.3","Chr4: 25.286406","0.268"
"21204","ENSRNOG00000017752","Mccc2","methylcrotonyl-CoA carboxylase subunit 2","Chr2: 31.375977","9.920","36.3","Chr2: 31.327760","0.321"
"11959","UNCHAR_LOC108348835","LOC108348835","uncharacterized LOC108348835","Chr18: 76.254355","5.104","36.2","Chr18: 77.007959","0.612"
"7315","ENSRNOG00000023214","Il20rb","interleukin 20 receptor subunit beta","Chr8: 101.010828","7.872","36.1","Chr8: 101.106071","0.491"
"17896","UNCHAR_LOC120100100","LOC120100100","uncharacterized LOC120100100","Chr1: 49.223034","5.300","36.1","Chr1: 49.931211","0.395"
"8352","ENSRNOG00000014605","Lig4","DNA ligase 4","Chr16: 79.518392","8.637","36.0","Chr16: 79.457688","-0.309"
"12862","UNCHAR_LOC108352578","LOC108352578","uncharacterized LOC108352578","Chr13: 87.408928","6.018","36.0","Chr13: 87.830037","0.600"
"22531","ENSRNOG00000062245","Ndufa10l1","NADH dehydrogenase (ubiquinone) 1 alpha subcomplex 10-like 1","Chr6: 59.881251","8.884","36.0","Chr9: 92.945792","0.449"
"24279","ENSRNOG00000022329","Or6k8","olfactory receptor family 6 subfamily K member 8","Chr13: 86.180578","1.257","36.0","Chr13: 86.622151","0.740"
"11143","UNCHAR_LOC102557304","LOC102557304","uncharacterized LOC102557304","Chr14: 83.406041","4.060","35.9","Chr14: 83.449396","-0.767"
"46","ENSRNOG00000015783","Abca16","ATP-binding cassette, subfamily A (ABC1), member 16","Chr1: 174.795053","5.348","35.8","Chr1: 174.788504","-0.430"
"8598","UNCHAR_LOC100362400","LOC100362400","60S ribosomal protein L13-like","Chr10: 39.102737","6.583","35.8","Chr10: 38.923472","0.557"
"12582","UNCHAR_LOC108351646","LOC108351646","uncharacterized LOC108351646","Chr8: 2.508579","0.533","35.8","Chr1: 178.794376","0.676"
"21287","ENSRNOG00000005059","Med22","mediator complex subunit 22","Chr3: 10.238835","7.480","35.8","Chr3: 9.367438","0.359"
"20331","UNCHAR_LOC678756","LOC678756","uncharacterized LOC678756","Chr16: 35.983015","2.613","35.7","Chr3: 9.132890","1.119"
"20426","UNCHAR_LOC685085","LOC685085","uncharacterized LOC685085","Chr4: 120.934258","6.431","35.7","Chr8: 44.681539","-0.455"
"1116","ENSRNOG00000026937","Arsk","arylsulfatase family, member K","Chr2: 5.631450","8.070","35.6","Chr2: 2.134674","-0.289"
"4010","ENSRNOG00000008236","Decr1","2,4-dienoyl-CoA reductase 1","Chr5: 29.439053","11.280","35.6","Chr5: 29.456424","-0.400"
"12141","UNCHAR_LOC108349848","LOC108349848","thymosin beta 10 like 5","Chr1: 121.498137","3.696","35.5","Chr4: 105.344429","-0.665"
"1851","ENSRNOG00000010963","C3h11orf91","similar to human chromosome 11 open reading frame 91","Chr3: 90.479195","6.954","35.4","Chr3: 90.111206","0.374"
"8185","ENSRNOG00000011300","Lama3","laminin subunit alpha 3","Chr18: 3.523167","8.619","35.4","Chr18: 3.385653","0.593"
"23124","ENSRNOG00000027730","Nxpe1","neurexophilin and PC-esterase domain family, member 1","Chr8: 48.749249","8.170","35.4","Chr8: 48.395402","-0.333"
"2706","ENSRNOG00000001072","Cers4","ceramide synthase 4","Chr12: 2.851783","9.152","35.3","Chr12: 3.215309","0.320"
"4619","UNCHAR_Eef1a1-ps15","Eef1a1-ps15","eukaryotic translation elongation factor 1 alpha 1, pseudogene 15","Chr13: 68.389827","4.260","35.3","Chr8: 79.364511","0.575"
"15774","UNCHAR_LOC120096930","LOC120096930","uncharacterized LOC120096930","Chr15: 16.631026","4.649","35.2","Chr15: 16.723033","-0.761"
"18904","UNCHAR_LOC120101717","LOC120101717","uncharacterized LOC120101717","Chr3: 129.961516","6.050","35.2","Chr3: 129.807011","0.554"
"30569","ENSRNOG00000086479","Tma7b","translation machinery associated 7B","Chr4: 78.331162","5.436","35.2","Chr8: 110.715683","0.524"
"3013","ENSRNOG00000011424","Cldn23","claudin 23","Chr16: 56.413676","3.786","35.1","Chr16: 56.494473","-0.857"
"4887","ENSRNOG00000057817","Epb41l1","erythrocyte membrane protein band 4.1-like 1","Chr3: 144.929194","11.432","35.0","Chr3: 145.050063","0.413"
"19770","UNCHAR_LOC120103009","LOC120103009","uncharacterized LOC120103009","Chr5: 148.318267","2.373","35.0","Chr5: 148.359819","0.667"
"1818","ENSRNOG00000003259","C1qtnf1","C1q and TNF related 1","Chr10: 103.660318","11.351","34.9","Chr10: 103.365367","0.386"
"4916","ENSRNOG00000017286","Ephx2","epoxide hydrolase 2","Chr15: 40.327631","9.016","34.8","Chr15: 52.133415","-0.797"
"9068","UNCHAR_LOC102546950","LOC102546950","uncharacterized LOC102546950","Chr3: 168.132725","3.458","34.7","Chr3: 168.114441","-0.775"
"22095","ENSRNOG00000047349","Ms4a6b","membrane-spanning 4-domains, subfamily A, member 6B","Chr1: 208.281015","8.379","34.7","Chr1: 208.647015","0.598"
"6094","ENSRNOG00000031469","Glb1l3","galactosidase, beta 1-like 3","Chr8: 25.220903","1.282","34.6","Chr8: 25.570084","-0.790"
"8345","ENSRNOG00000010357","Lhx9","LIM homeobox 9","Chr13: 50.409946","2.476","34.5","Chr13: 49.769641","0.593"
"4577","ENSRNOG00000042253","Ecd","ecdysoneless cell cycle regulator","Chr15: 3.967208","7.353","34.3","Chr15: 4.081199","-0.328"
"33468","ENSRNOG00000038004","Zfp804a","zinc finger protein 804A","Chr3: 67.033480","2.208","34.3","Chr3: 65.899735","-0.912"
"503","UNCHAR_Ahsp","Ahsp","alpha hemoglobin stabilizing protein","Chr1: 182.879900","3.725","34.2","Chr1: 231.862988","1.030"
"4779","ENSRNOG00000028176","Elmod2","ELMO domain containing 2","Chr19: 24.786165","8.918","34.2","Chr19: 24.890095","-0.302"
"15123","UNCHAR_LOC120095980","LOC120095980","uncharacterized LOC120095980","Chr12: 36.144502","0.941","34.2","Chr7: 133.200936","-0.683"
"9487","UNCHAR_LOC102548773","LOC102548773","uncharacterized LOC102548773","Chr6: 36.391240","2.715","34.1","Chr6: 36.489634","0.630"
"11329","UNCHAR_LOC103691422","LOC103691422","uncharacterized LOC103691422","Chr2: 24.481553","0.933","34.1","Chr2: 24.478320","0.727"
"25467","ENSRNOG00000028622","Pnpla1","patatin like domain 1, omega-hydroxyceramide transacylase","Chr20: 6.917992","4.778","34.1","Chr20: 7.862433","-0.495"
"26677","ENSRNOG00000004381","Rfk-ps3","riboflavin kinase, pseudogene 3","Chr3: 86.512352","2.906","34.1","Chr1: 214.758666","1.731"
"7192","ENSRNOG00000033984","Ifnlr1","interferon, lambda receptor 1","Chr5: 147.919546","5.574","34.0","Chr5: 147.994184","0.437"
"17133","UNCHAR_LOC120098859","LOC120098859","uncharacterized LOC120098859","Chr20: 5.602499","5.067","34.0","Chr20: 4.680142","0.595"
"3518","ENSRNOG00000028319","Cryz","crystallin zeta","Chr2: 243.552043","6.215","33.9","Chr2: 242.456126","-0.387"
"23114","ENSRNOG00000048622_2","Nwd1","NACHT and WD repeat domain containing 1","Chr16: 17.242054","6.158","33.8","Chr16: 17.484384","-0.371"
"28552","ENSRNOG00000023476","Slc16a5","solute carrier family 16 member 5","Chr10: 100.707433","2.455","33.8","Chr10: 100.893592","0.830"
"4599","ENSRNOG00000028598","Edar","ectodysplasin-A receptor","Chr20: 26.666542","2.726","33.7","Chr20: 26.692945","-0.826"
"12342","UNCHAR_LOC108350743","LOC108350743","uncharacterized LOC108350743","Chr4: 143.321780","0.558","33.7","Chr4: 139.912263","-1.128"
"25206","ENSRNOG00000085391","Pilrb2","paired immunoglobin like type 2 receptor beta 2","Chr12: 17.779526","2.954","33.7","Chr12: 19.032032","0.744"
"8910","UNCHAR_LOC100912622","LOC100912622","uncharacterized LOC100912622","Chr2: 223.868545","7.371","33.6","Chr2: 223.720312","-0.284"
"8854","ENSRNOG00000089910","LOC100911962","uncharacterized LOC100911962","Chr11: 78.249721","1.975","33.5","Chr11: 78.236644","-0.964"
"27656","UNCHAR_Rps2-ps18","Rps2-ps18","ribosomal protein S2, pseudogene 18","Chr10: 63.283053","9.646","33.5","Chr10: 13.286123","0.448"
"12459","UNCHAR_LOC108351200","LOC108351200","uncharacterized LOC108351200","Chr6: 31.393356","7.658","33.4","Chr6: 31.417411","-0.540"
"29668","ENSRNOG00000012083","St6galnac2","ST6 N-acetylgalactosaminide alpha-2,6-sialyltransferase 2","Chr10: 101.928411","5.849","33.4","Chr10: 101.964122","-0.626"
"5929","ENSRNOG00000068418","Gbp6","guanylate binding protein family member 6","Chr14: 4.730285","6.899","33.3","Chr14: 3.829000","-0.550"
"18919","UNCHAR_LOC120101738","LOC120101738","uncharacterized LOC120101738","Chr3: 138.491425","1.174","33.3","Chr3: 138.348233","0.711"
"32626","ENSRNOG00000091387","Vom1r69","vomeronasal 1 receptor 69","Chr4: 86.394570","0.449","33.2","Chr4: 84.549955","0.759"
"3831","ENSRNOG00000010600","Cysrt1","cysteine rich tail 1","Chr3: 8.057806","2.693","33.1","Chr3: 7.973758","0.651"
"24897","ENSRNOG00000011310","Pde10a","phosphodiesterase 10A","Chr1: 52.218085","7.622","33.1","Chr1: 51.796295","-0.386"
"11306","UNCHAR_LOC103691243","LOC103691243","uncharacterized LOC103691243","Chr1: 184.090816","1.354","33.0","Chr1: 184.095736","0.676"
"22435","ENSRNOG00000029977","Nat2","N-acetyltransferase 2","Chr16: 22.217849","8.035","33.0","Chr16: 22.210721","-0.306"
"20191","UNCHAR_LOC120103631","LOC120103631","uncharacterized LOC120103631","Chr6: 131.313677","0.784","32.9","Chr6: 131.511713","-0.656"
"19681","UNCHAR_LOC120102902","LOC120102902","protein PRRC2C-like","Chr5: 95.553146","7.423","32.8","Chr13: 75.013561","0.367"
"11893","UNCHAR_LOC108348536","LOC108348536","uncharacterized LOC108348536","Chr17: 20.255148","4.128","32.7","Chr17: 20.134771","-0.685"
"5512","ENSRNOG00000016866","Fhl2","four and a half LIM domains 2","Chr9: 45.462420","7.198","32.6","Chr9: 45.213337","-0.483"
"2372","ENSRNOG00000047114","Cct8l2","chaperonin containing TCP1 subunit 8 like 2","Chr4: 9.606970","3.935","32.5","Chr4: 9.898950","-0.511"
"19014","UNCHAR_LOC120101875","LOC120101875","uncharacterized LOC120101875","Chr3: 4.361354","4.032","32.5","Chr3: 9.132890","0.802"
"6997","ENSRNOG00000012549","Hs2st1","heparan sulfate 2-O-sulfotransferase 1","Chr2: 233.641768","10.795","32.4","Chr2: 233.442422","-0.383"
"8508","UNCHAR_LOC100360413","LOC100360413","uncharacterized LOC100360413","ChrX: 148.480779","13.168","32.4","Chr8: 79.366724","-0.447"
"10324","UNCHAR_LOC102552601","LOC102552601","uncharacterized LOC102552601","Chr6: 101.514172","3.006","32.3","Chr6: 101.610586","0.604"
"32543","ENSRNOG00000068184","Vinac1","vinculin/alpha-catenin family member 1","Chr3: 116.285107","3.759","32.3","Chr3: 115.507993","0.556"
"33256","ENSRNOG00000070848","Zfp27","zinc finger protein 27","Chr1: 85.130577","6.832","32.3","Chr1: 85.398518","0.342"
"6018","ENSRNOG00000007351","Ggh","gamma-glutamyl hydrolase","Chr5: 33.529879","7.596","32.2","Chr5: 33.461794","-0.350"
"31969","ENSRNOG00000027564","Tsga10ip","testis specific 10 interacting protein","Chr1: 202.714667","2.291","32.1","Chr1: 203.024851","-0.805"
"24277","ENSRNOG00000066569","Or6k4","olfactory receptor family 6 subfamily K member 14B","Chr13: 86.164243","1.326","31.8","Chr13: 86.622151","0.683"
"29105","ENSRNOG00000057075","Snora46","small nucleolar RNA, H/ACA box 46","Chr19: 9.314440","4.798","31.8","Chr19: 9.115149","-1.029"
"466","ENSRNOG00000012315","Agmat","agmatinase","Chr5: 154.043664","2.637","31.6","Chr5: 154.500033","0.733"
"30574","ENSRNOG00000051262","Tmc1","transmembrane channel-like 1","Chr1: 218.446012","1.295","31.6","Chr1: 218.301993","-0.884"
"3681","ENSRNOG00000024372","Cwf19l2","CWF19 like cell cycle control factor 2","Chr6: 0.356635","8.946","31.4","Chr6: 5.685173","0.419"
"4557","ENSRNOG00000004449","E2f6","E2F transcription factor 6","Chr6: 39.592223","9.031","31.4","Chr6: 39.599091","0.413"
"11196","UNCHAR_LOC103690438","LOC103690438","uncharacterized LOC103690438","Chr8: 80.710124","2.061","31.4","Chr8: 80.385780","0.659"
"15318","UNCHAR_LOC120096289","LOC120096289","uncharacterized LOC120096289","Chr13: 68.293427","1.929","31.4","Chr13: 67.852024","-0.811"
"21850","ENSRNOG00000005708","Mmp16","matrix metallopeptidase 16","Chr5: 31.312279","3.925","31.4","Chr5: 30.539069","0.891"
"632","ENSRNOG00000024525","Alkbh8","alkB homolog 8, tRNA methyltransferase","Chr6: 0.449381","7.399","31.3","Chr6: 5.685173","0.419"
"5587","ENSRNOG00000018076","Fmo5","flavin containing dimethylaniline monoxygenase 5","Chr2: 185.216118","7.092","31.3","Chr2: 185.553302","-0.313"
"25364","ENSRNOG00000010650","Plekhh1","pleckstrin homology, MyTH4 and FERM domain containing H1","Chr6: 97.839287","7.426","31.3","Chr6: 96.297826","-0.382"
"27282","ENSRNOG00000025615_2","Rnase1","ribonuclease, RNase A family, 1-like 1","Chr15: 24.363632","2.319","31.3","Chr15: 28.480643","2.131"
"32696","ENSRNOG00000083545","Vom2r5","vomeronasal 2 receptor, 5","Chr1: 1.161905","0.494","31.3","Chr1: 2.665618","0.700"
"5102","ENSRNOG00000018003","F2rl1","F2R like trypsin receptor 1","Chr2: 26.785225","5.903","31.2","Chr2: 26.834458","-0.473"
"9231","UNCHAR_LOC102547670","LOC102547670","uncharacterized LOC102547670","Chr19: 44.849825","4.104","31.1","Chr19: 44.839530","-0.694"
"29647","ENSRNOG00000007332","Sstr3","somatostatin receptor 3","Chr7: 110.108921","3.568","31.1","Chr7: 109.614783","0.892"
"33270","ENSRNOG00000049605","Zfp296","zinc finger protein 296","Chr1: 79.228769","3.023","31.1","Chr1: 79.165093","-0.650"
"3698","ENSRNOG00000022242","Cxcl9","C-X-C motif chemokine ligand 9","Chr14: 15.722867","8.019","31.0","Chr14: 15.587596","-0.412"
"3813","ENSRNOG00000042496","Cyp4f37","cytochrome P450, family 4, subfamily f, polypeptide 37","Chr7: 11.572572","7.900","30.9","Chr7: 11.404448","-0.425"
"26130","ENSRNOG00000046468","Ptgfr","prostaglandin F receptor","Chr2: 240.766673","8.076","30.9","Chr2: 240.799657","0.546"
"10591","UNCHAR_LOC102553943","LOC102553943","uncharacterized LOC102553943","Chr2: 208.902560","4.814","30.8","Chr2: 208.854647","-0.744"
"11478","UNCHAR_LOC103692300","LOC103692300","uncharacterized LOC103692300","Chr5: 22.916041","1.115","30.8","Chr5: 22.915517","-0.631"
"20356","UNCHAR_LOC680254","LOC680254","uncharacterized LOC680254","Chr13: 69.569484","5.576","30.8","Chr13: 69.694938","0.326"
"27789","ENSRNOG00000076074","RT1-O1","RT1 class Ib, locus O1","Chr20: 2.655115","3.396","30.8","Chr20: 3.601132","0.670"
"88","ENSRNOG00000069481_1","Abcg3","ATP-binding cassette, subfamily G (WHITE), member 3-like 1","Chr14: 4.763551","7.657","30.7","Chr14: 4.330834","0.326"
"16649","UNCHAR_LOC120098188","LOC120098188","uncharacterized LOC120098188","Chr18: 70.086768","1.946","30.7","Chr18: 70.329282","0.716"
"4456","ENSRNOG00000013928","Dsp","desmoplakin","Chr17: 26.671691","7.158","30.6","Chr17: 27.011152","0.714"
"9902","UNCHAR_LOC102550711","LOC102550711","uncharacterized LOC102550711","Chr9: 113.501632","8.244","30.6","Chr9: 112.444670","0.326"
"14431","UNCHAR_LOC120095044","LOC120095044","uncharacterized LOC120095044","Chr10: 12.899069","3.112","30.6","Chr10: 13.043610","0.709"
"28158","ENSRNOG00000006631","Sema3e","semaphorin 3E","Chr4: 20.555286","8.317","30.6","Chr4: 17.550656","-0.944"
"3789","ENSRNOG00000031004","Cyp2j4","cytochrome P450, family 2, subfamily j, polypeptide 4","Chr5: 111.207489","7.211","30.5","Chr5: 111.023453","0.321"
"9244","ENSRNOG00000078624","LOC102547718","uncharacterized LOC102547718","Chr2: 112.309534","2.669","30.4","Chr2: 111.374519","0.677"
"10291","UNCHAR_LOC102552452","LOC102552452","uncharacterized LOC102552452","Chr12: 2.688004","2.263","30.4","Chr12: 2.754668","0.684"
"10569","UNCHAR_LOC102553843","LOC102553843","uncharacterized LOC102553843","Chr10: 35.892523","4.485","30.4","Chr10: 35.142813","0.472"
"14877","UNCHAR_LOC120095647","LOC120095647","uncharacterized LOC120095647","Chr11: 42.129748","6.313","30.4","Chr11: 42.949805","-0.322"
"22734","ENSRNOG00000027797","Nit2","nitrilase family, member 2","Chr11: 43.363838","10.359","30.4","Chr11: 43.455216","-0.226"
"11008","UNCHAR_LOC102556004","LOC102556004","uncharacterized LOC102556004","Chr5: 9.296083","7.620","30.3","Chr5: 11.539025","-0.318"
"22442","ENSRNOG00000070875","Nat8f4","N-acetyltransferase 8 (GCN5-related) family member 4","Chr4: 118.332590","5.586","30.3","Chr4: 118.133979","-0.392"
"27577","ENSRNOG00000086232","Rpl30","ribosomal protein L30","Chr7: 65.651400","10.446","30.3","Chr7: 67.388255","-0.461"
"32086","ENSRNOG00000007139","Ttpa","alpha tocopherol transfer protein","Chr5: 33.497536","9.841","30.3","Chr5: 33.461794","-0.460"
"12376","UNCHAR_LOC108350928","LOC108350928","uncharacterized LOC108350928","Chr5: 21.574911","0.475","30.2","Chr5: 21.572861","0.492"
"12892","ENSRNOG00000057919","LOC108352704","uncharacterized LOC108352704","Chr14: 7.347218","3.702","30.1","Chr14: 7.500727","-0.723"
"7172","UNCHAR_Ifitm2","Ifitm2","interferon induced transmembrane protein 2","Chr1: 196.052718","11.198","30.0","Chr1: 196.261142","-0.338"
"7831","ENSRNOG00000015682","Kel","Kell metallo-endopeptidase (Kell blood group)","Chr4: 70.585665","2.409","30.0","Chr1: 231.862988","1.035"
"180","ENSRNOG00000011478","Ackr4","atypical chemokine receptor 4","Chr8: 104.720913","7.584","29.9","Chr8: 105.007455","0.447"
"11848","UNCHAR_LOC108348385","LOC108348385","uncharacterized LOC108348385","Chr16: 17.706096","2.188","29.9","Chr16: 17.698296","-0.786"
"27786","ENSRNOG00000040052","RT1-M6-2","RT1 class I, locus M6, gene 2","Chr20: 1.583266","5.351","29.9","Chr20: 1.568617","-0.368"
"4592","ENSRNOG00000023576","Ecrg4","ECRG4 augurin precursor","Chr9: 45.992953","5.891","29.7","Chr9: 46.531618","-0.404"
"7230","ENSRNOG00000010635","Igfbp4","insulin-like growth factor binding protein 4","Chr10: 83.995315","11.698","29.7","Chr10: 83.904607","-0.457"
"9135","UNCHAR_LOC102547278","LOC102547278","uncharacterized LOC102547278","Chr10: 81.965283","4.400","29.7","Chr10: 81.774513","-0.403"
"14152","UNCHAR_LOC120094674","LOC120094674","uncharacterized LOC120094674","Chr9: 42.111834","1.282","29.7","Chr9: 42.018821","-0.631"
"740","ENSRNOG00000014742","Ankrd13b","ankyrin repeat domain 13B","Chr10: 62.338341","6.021","29.6","Chr10: 62.441409","-0.471"
"3692","ENSRNOG00000011984","Cxcl14","C-X-C motif chemokine ligand 14","Chr17: 8.317929","7.521","29.6","Chr20: 8.246703","0.689"
"9220","UNCHAR_LOC102547634","LOC102547634","uncharacterized LOC102547634","Chr7: 128.278671","2.646","29.6","Chr7: 128.577171","0.672"
"20102","UNCHAR_LOC120103526","LOC120103526","uncharacterized LOC120103526","Chr6: 61.275175","3.768","29.6","Chr6: 61.158879","-0.456"
"10071","UNCHAR_LOC102551452","LOC102551452","uncharacterized LOC102551452","Chr1: 208.328600","6.301","29.5","Chr1: 208.647015","0.951"
"19007","UNCHAR_LOC120101849","LOC120101849","uncharacterized LOC120101849","Chr3: 5.375105","6.759","29.5","Chr3: 9.132890","0.889"
"20698","ENSRNOG00000025608","Lrat","lecithin retinol acyltransferase","Chr2: 168.273154","7.701","29.5","Chr2: 167.937010","-0.618"
"3934","ENSRNOG00000013215","Dctd","dCMP deaminase","Chr16: 44.098653","5.703","29.4","Chr16: 40.235287","-0.441"
"23216","ENSRNOG00000019211","Olfml3","olfactomedin-like 3","Chr2: 191.247049","9.650","29.4","Chr2: 192.173900","0.321"
"29930","ENSRNOG00000027645","Syndig1l","synapse differentiation inducing 1-like","Chr6: 104.344988","1.648","29.4","Chr6: 104.374072","-0.834"
"11019","UNCHAR_LOC102556051","LOC102556051","uncharacterized LOC102556051","Chr2: 32.535777","2.293","29.3","Chr2: 32.342678","-0.685"
"20886","UNCHAR_Ly49si2","Ly49si2","immunoreceptor Ly49si2","Chr4: 163.845960","8.919","29.3","Chr4: 165.066174","0.521"
"23214","ENSRNOG00000014034","Olfml2a","olfactomedin-like 2A","Chr3: 22.688589","8.037","29.3","Chr3: 19.340542","0.635"
"1738","ENSRNOG00000052710","Btn3a2","butyrophilin, subfamily 3, member A2","Chr20: 4.398253","1.829","29.2","Chr20: 4.679209","-0.979"
"22608","ENSRNOG00000012757","Nek3","NIMA-related kinase 3","Chr16: 69.867019","6.380","29.2","Chr16: 69.905227","0.306"
"28592","ENSRNOG00000022673","Slc22a20","solute carrier family 22 member 20","Chr1: 203.273853","1.466","29.2","Chr1: 202.576317","0.729"
"33221","ENSRNOG00000086846","Zfp136","zinc finger protein 136","Chr18: 0.609471","7.427","29.2","Chr18: 0.731451","0.342"
"29538","ENSRNOG00000003537","Spta1","spectrin, alpha, erythrocytic 1","Chr13: 86.203503","3.520","29.0","Chr13: 86.622151","0.622"
"2048","ENSRNOG00000024277","Card11","caspase recruitment domain family, member 11","Chr12: 13.621139","6.877","28.9","Chr12: 13.152627","0.629"
"2521","ENSRNOG00000033087","Cdh23","cadherin-related 23","Chr20: 28.622489","7.819","28.8","Chr20: 28.580491","0.506"
"10502","UNCHAR_LOC102553526","LOC102553526","uncharacterized LOC102553526","Chr1: 20.935163","1.197","28.7","Chr1: 21.009060","-0.620"
"20700","ENSRNOG00000004744","Lratd2","LRAT domain containing 2","Chr7: 92.387044","8.379","28.7","Chr7: 92.498331","-0.292"
"23014","ENSRNOG00000000546","Nt5dc1","5'-nucleotidase domain containing 1","Chr20: 38.208612","8.101","28.7","Chr20: 37.180412","-0.260"
"7461","ENSRNOG00000048553","Iqcc","IQ motif containing C","Chr5: 141.962100","6.484","28.6","Chr5: 142.075158","0.361"
"13053","UNCHAR_LOC108353429","LOC108353429","endogenous retrovirus group K member 10 Gag polyprotein-like","Chr13: 25.625687","1.362","28.6","Chr4: 148.389881","-0.924"
"13574","UNCHAR_LOC120093807","LOC120093807","uncharacterized LOC120093807","Chr7: 63.682556","1.082","28.5","Chr2: 31.925135","-0.716"
"22055","ENSRNOG00000010164","Mrps2","mitochondrial ribosomal protein S2","Chr3: 11.803043","7.162","28.5","Chr3: 11.829881","-0.253"
"27288","ENSRNOG00000025615_1","Rnase1l1","ribonuclease, RNase A family, 1-like 1","Chr15: 24.339933","1.727","28.5","Chr15: 28.480643","1.137"
"10918","UNCHAR_LOC102555545","LOC102555545","uncharacterized LOC102555545","Chr4: 158.058336","1.929","28.4","Chr4: 157.629577","-1.057"
"28353","ENSRNOG00000069420","Sh2d1b2","SH2 domain containing 1B2","Chr13: 82.437417","5.168","28.4","Chr13: 83.183593","0.438"
"33511","ENSRNOG00000026874","Zfp956","zinc finger protein 956","Chr4: 76.943238","6.928","28.4","Chr4: 77.017778","-0.387"
"27167","ENSRNOG00000021984","Rgs7","regulator of G-protein signaling 7","Chr13: 87.408833","9.493","28.3","Chr13: 88.330154","-0.386"
"28796","ENSRNOG00000017324","Slc46a2","solute carrier family 46, member 2","Chr5: 74.808127","3.142","28.3","Chr5: 74.820671","0.563"
"160","ENSRNOG00000013975","Acat2l1","acetyl-CoA acetyltransferase 2-like 1","Chr1: 47.803821","6.569","28.2","Chr1: 47.590660","0.319"
"4858","ENSRNOG00000013994","Enpp1","ectonucleotide pyrophosphatase/phosphodiesterase 1","Chr1: 20.698745","10.422","28.2","Chr1: 20.006034","-0.301"
"25926","ENSRNOG00000032513","Prps1l1","phosphoribosyl pyrophosphate synthetase 1-like 1","Chr6: 51.684959","1.401","28.2","Chr6: 51.537876","-0.682"
"1586","ENSRNOG00000012684","Bloc1s2","biogenesis of lysosomal organelles complex-1, subunit 2","Chr1: 243.031748","7.056","28.0","Chr1: 243.338842","-0.281"
"6714","ENSRNOG00000043171_2","Hdhd2","haloacid dehalogenase-like hydrolase domain containing 2","Chr18: 70.488354","7.653","28.0","Chr18: 70.843849","0.338"
"9747","UNCHAR_LOC102550046","LOC102550046","uncharacterized LOC102550046","Chr2: 184.872001","3.659","28.0","Chr2: 185.404611","0.723"
"15067","UNCHAR_LOC120095906","LOC120095906","uncharacterized LOC120095906","Chr12: 18.861000","2.346","28.0","Chr12: 19.032032","-1.088"
"18271","UNCHAR_LOC120100722","LOC120100722","uncharacterized LOC120100722","Chr2: 51.874534","3.946","28.0","Chr2: 51.622148","0.687"
"19337","UNCHAR_LOC120102375","LOC120102375","uncharacterized LOC120102375","Chr4: 151.075876","3.286","28.0","Chr4: 151.143317","-0.666"
"23039","ENSRNOG00000049054","Ntsr2","neurotensin receptor 2","Chr6: 39.424296","3.544","28.0","Chr6: 39.248944","0.638"
"24274","UNCHAR_Or6k14","Or6k14","olfactory receptor family 6 subfamily K member 14","Chr13: 86.116191","2.093","28.0","Chr13: 86.622151","0.727"
"27763","UNCHAR_RT1-CE2","RT1-CE2","RT1 class I, locus CE2","Chr20: 3.541840","8.967","28.0","Chr20: 3.601132","0.455"
"4628","UNCHAR_Eef1e1-ps4","Eef1e1-ps4","uncharacterized Eef1e1-ps4","Chr11: 20.494650","1.115","27.9","Chr17: 25.548833","0.753"
"25190","ENSRNOG00000034228","Pik3c2g","phosphatidylinositol-4-phosphate 3-kinase, catalytic subunit type 2 gamma","Chr4: 172.483751","4.963","27.9","Chr4: 172.830713","-0.515"
"26337","ENSRNOG00000062595_2","Rab5al1","Rab5a, member RAS oncogene family-like 1","Chr14: 68.332359","4.653","27.9","Chr9: 5.497561","0.667"
"5433","UNCHAR_Fdxacb1","Fdxacb1","uncharacterized Fdxacb1","Chr8: 51.111830","6.645","27.8","Chr8: 51.101184","0.276"
"11195","UNCHAR_LOC103690435","LOC103690435","uncharacterized LOC103690435","Chr8: 76.902527","2.464","27.8","Chr8: 76.393685","-0.531"
"27765","ENSRNOG00000071228","RT1-CE4","RT1 class I, locus CE4","Chr20: 3.504534","10.611","27.8","Chr20: 3.601132","0.392"
"31103","ENSRNOG00000013748","Trem3","triggering receptor expressed on myeloid cells 3","Chr9: 12.762546","8.199","27.8","Chr9: 12.881304","0.515"
"15089","UNCHAR_LOC120095939","LOC120095939","uncharacterized LOC120095939","Chr12: 27.653879","0.811","27.7","Chr12: 27.530090","0.532"
"8999","UNCHAR_LOC102546598","LOC102546598","uncharacterized LOC102546598","Chr10: 80.255679","4.005","27.6","Chr10: 80.180154","0.424"
"912","UNCHAR_Apol3","Apol3","uncharacterized Apol3","Chr7: 109.288724","8.857","27.5","Chr7: 108.643752","0.331"
"6478","ENSRNOG00000030449","Gsta4","glutathione S-transferase alpha 4","Chr8: 79.066966","8.338","27.5","Chr8: 79.039328","-0.346"
"11997","ENSRNOG00000030351","LOC108348989","high mobility group box 1 like 1","Chr1: 79.815175","3.579","27.5","Chr12: 6.044027","0.463"
"33160","ENSRNOG00000051682","Zcchc9","zinc finger CCHC-type containing 9","Chr2: 23.048248","7.439","27.5","Chr2: 23.116638","-0.260"
"7589","ENSRNOG00000012151","Itpripl1","ITPRIP like 1","Chr3: 114.407916","7.756","27.4","Chr3: 113.885548","-0.269"
"10994","UNCHAR_LOC102555924","LOC102555924","uncharacterized LOC102555924","Chr5: 24.077247","2.686","27.4","Chr5: 23.301841","0.753"
"19216","UNCHAR_LOC120102238","LOC120102238","uncharacterized LOC120102238","Chr4: 45.365271","3.861","27.4","Chr4: 45.559864","0.548"
"32625","ENSRNOG00000080833","Vom1r68","vomeronasal 1 receptor 68","Chr4: 86.380566","0.282","27.4","Chr4: 84.549955","0.526"
"32958","ENSRNOG00000015440","Wrn","WRN RecQ like helicase","Chr16: 58.763516","9.910","27.4","Chr16: 58.924474","-0.268"
"1742","ENSRNOG00000039396","Btnl3","butyrophilin-like 3","Chr20: 4.489023","0.370","27.3","Chr20: 4.679209","-0.571"
"1983","ENSRNOG00000052080","Camk2b","calcium/calmodulin-dependent protein kinase II beta","Chr14: 80.934171","8.499","27.3","Chr14: 80.704849","0.573"
"3586","ENSRNOG00000014798","Cstpp1","centriolar satellite-associated tubulin polyglutamylase complex regulator 1","Chr3: 77.416306","7.959","27.3","Chr3: 77.631969","-0.295"
"4769","ENSRNOG00000007934","Elfn2","extracellular leucine-rich repeat and fibronectin type III domain containing 2","Chr7: 110.272769","3.010","27.3","Chr2: 194.986507","0.614"
"6369","ENSRNOG00000077378","Gprin2","G protein regulated inducer of neurite outgrowth 2","Chr16: 9.512671","1.776","27.3","Chr16: 9.517626","-0.822"
"14609","UNCHAR_LOC120095254","LOC120095254","uncharacterized LOC120095254","Chr10: 24.073359","4.736","27.3","Chr10: 24.016795","-0.548"
"22088","UNCHAR_Ms4a19","Ms4a19","membrane-spanning 4-domains, subfamily A, member 19","Chr1: 207.839547","3.466","27.3","Chr1: 208.143797","-0.654"
"4475","ENSRNOG00000033348","Duox1","dual oxidase 1","Chr3: 109.260525","8.468","27.2","Chr3: 109.271062","0.443"
"21793","ENSRNOG00000010423","Misp","mitotic spindle positioning","Chr7: 9.886540","5.671","27.2","Chr7: 9.300878","-0.504"
"32814","ENSRNOG00000019508","Wars2","tryptophanyl tRNA synthetase 2 (mitochondrial)","Chr2: 186.459743","7.337","27.2","Chr2: 185.553302","0.279"
"9481","UNCHAR_LOC102548752","LOC102548752","uncharacterized LOC102548752","Chr16: 17.836162","5.429","27.1","Chr16: 18.201895","-0.264"
"10107","UNCHAR_LOC102551595","LOC102551595","uncharacterized LOC102551595","Chr14: 31.025554","3.171","27.1","Chr14: 31.142847","0.684"
"162","ENSRNOG00000003108","Acbd4","acyl-CoA binding domain containing 4","Chr10: 88.048080","10.022","27.0","Chr10: 88.124264","-0.303"
"11148","UNCHAR_LOC102557393","LOC102557393","uncharacterized LOC102557393","Chr2: 31.742113","1.482","27.0","Chr2: 33.241530","-0.688"
"25311","ENSRNOG00000019018","Plat","plasminogen activator, tissue type","Chr16: 69.265176","10.461","27.0","Chr16: 69.230460","-0.351"
"31088","ENSRNOG00000031290","Trappc3l","trafficking protein particle complex subunit 3L","Chr20: 25.993173","5.824","27.0","Chr20: 25.549211","-0.359"
"5956","ENSRNOG00000064612","Gcnt4","glucosaminyl (N-acetyl) transferase 4","Chr2: 28.253324","5.165","26.9","Chr3: 28.169815","-0.536"
"8331","ENSRNOG00000011032","Lhfpl2","LHFPL tetraspan subfamily member 2","Chr2: 25.281770","9.497","26.9","Chr2: 24.478320","0.383"
"11560","UNCHAR_LOC103692950","LOC103692950","uncharacterized LOC103692950","Chr7: 113.513046","8.108","26.9","Chr7: 113.404775","-0.371"
"33477","ENSRNOG00000024693","Zfp831","zinc finger protein 831","Chr3: 163.393786","3.519","26.9","Chr3: 163.389815","-0.606"
"8969","UNCHAR_LOC102546491","LOC102546491","uncharacterized LOC102546491","Chr1: 12.088737","4.172","26.8","Chr1: 11.644866","0.439"
"18416","UNCHAR_LOC120100903","LOC120100903","uncharacterized LOC120100903","Chr2: 191.537600","7.532","26.8","Chr2: 192.173900","0.262"
"20846","ENSRNOG00000054549_2","Lss","lanosterol synthase","Chr20: 12.118857","9.873","26.8","Chr20: 11.890295","-0.415"
"9895","UNCHAR_LOC102550678","LOC102550678","uncharacterized LOC102550678","Chr14: 2.762745","5.538","26.7","Chr14: 3.574187","0.469"
"12895","ENSRNOG00000083207","LOC108352708","uncharacterized LOC108352708","Chr14: 8.676818","0.617","26.7","Chr14: 8.355606","0.614"
"4822","ENSRNOG00000019873_2","Eml3","EMAP like 3","Chr1: 205.826353","9.086","26.6","Chr1: 205.523234","-0.297"
"26264","ENSRNOG00000014414","Qrfpr","pyroglutamylated RFamide peptide receptor","Chr2: 119.096863","1.243","26.6","Chr2: 119.085663","-0.655"
"9245","UNCHAR_LOC102547720","LOC102547720","uncharacterized LOC102547720","Chr2: 237.932067","3.491","26.5","Chr2: 238.441787","-0.476"
"17944","ENSRNOG00000058615","LOC120100182","U6 spliceosomal RNA","Chr1: 181.153351","0.894","26.5","Chr1: 181.309526","0.549"
"1664","ENSRNOG00000010957","Braf","B-Raf proto-oncogene, serine/threonine kinase","Chr4: 68.510651","9.624","26.4","Chr4: 68.096702","-0.240"
"30927","ENSRNOG00000015578","Tnk1","tyrosine kinase, non-receptor, 1","Chr10: 54.580546","4.023","26.4","Chr10: 54.389422","-0.636"
"15379","UNCHAR_LOC120096357","LOC120096357","uncharacterized LOC120096357","Chr13: 103.530594","3.202","26.3","Chr13: 103.512827","0.530"
"27546","ENSRNOG00000000505","Rpl10a","ribosomal protein L10A","Chr20: 6.388799","10.993","26.3","Chr20: 6.323102","0.248"
"32850","ENSRNOG00000015609","Wdr27","WD repeat domain 27","Chr1: 55.950447","5.771","26.3","Chr1: 56.213651","-0.293"
"33536","ENSRNOG00000036980","Zgrf1","zinc finger, GRF-type containing 1","Chr2: 216.012910","6.366","26.3","Chr2: 216.115297","0.374"
"6772","ENSRNOG00000023299","Hfm1","helicase for meiosis 1","Chr14: 2.857250","2.990","26.2","Chr14: 6.432063","-0.684"
"17224","UNCHAR_LOC120098968","LOC120098968","uncharacterized LOC120098968","Chr20: 2.708197","4.181","26.2","Chr20: 2.611182","0.457"
"70","ENSRNOG00000015666","Abcc12","ATP binding cassette subfamily C member 12","Chr19: 20.549297","0.840","26.1","Chr19: 20.064558","-0.544"
"21876","ENSRNOG00000057867","Mns1","meiosis-specific nuclear structural 1","Chr8: 73.148876","4.598","26.1","Chr8: 73.350324","0.487"
"29314","UNCHAR_Sowaha","Sowaha","sosondowah ankyrin repeat domain family member A","Chr10: 37.645389","2.665","26.1","Chr10: 38.230324","-0.685"
"5188","ENSRNOG00000016534","Fam171a1","family with sequence similarity 171, member A1","Chr17: 75.148347","9.038","26.0","Chr17: 75.363280","-0.344"
"8355","ENSRNOG00000054954","Lilrb2","leukocyte immunoglobulin like receptor B2","Chr1: 65.326831","5.754","26.0","Chr1: 65.713205","-0.386"
"8773","ENSRNOG00000086899","LOC100910628","uncharacterized LOC100910628","Chr17: 27.350546","3.309","26.0","Chr17: 27.877255","0.769"
"9514","UNCHAR_LOC102548908","LOC102548908","uncharacterized LOC102548908","Chr13: 40.335040","6.683","26.0","Chr13: 40.507666","-0.589"
"12756","UNCHAR_LOC108352212","LOC108352212","uncharacterized LOC108352212","Chr10: 6.714466","2.250","26.0","Chr10: 7.033512","0.684"
"3873","ENSRNOG00000016247","Daw1","dynein assembly factor with WD repeats 1","Chr9: 84.435551","2.043","25.9","Chr9: 84.857080","-0.715"
"13380","UNCHAR_LOC120093567","LOC120093567","uncharacterized LOC120093567","Chr7: 32.737506","0.873","25.8","Chr2: 153.918888","0.575"
"14660","UNCHAR_LOC120095319","LOC120095319","uncharacterized LOC120095319","Chr10: 34.860304","1.071","25.8","Chr10: 36.874929","0.838"
"31977","ENSRNOG00000020443","Tsks","testis-specific serine kinase substrate","Chr1: 95.414311","3.545","25.7","Chr1: 95.648114","0.495"
"32576","ENSRNOG00000064083","Vom1r17","vomeronasal 1 receptor 17","Chr1: 60.770205","0.335","25.6","Chr1: 56.653675","-0.435"
"830","ENSRNOG00000014555","Aox3","aldehyde oxidase 3","Chr9: 59.664783","12.451","25.5","Chr9: 58.826646","0.466"
"6530","ENSRNOG00000085666","Gtpbp4","GTP binding protein 4","Chr17: 61.308032","8.571","25.5","Chr17: 61.901363","-0.270"
"7470","ENSRNOG00000036758","Iqck","IQ motif containing K","Chr1: 173.199307","6.876","25.5","Chr1: 171.981360","-0.402"
"25125","ENSRNOG00000055259","Phldb3","pleckstrin homology-like domain, family B, member 3","Chr1: 80.201082","4.530","25.5","Chr1: 80.215296","0.536"
"32541","ENSRNOG00000011446","Vill","villin-like","Chr8: 118.776717","7.417","25.5","Chr8: 118.892957","0.337"
"1192","ENSRNOG00000060105","Astn2","astrotactin 2","Chr5: 79.744020","7.583","25.4","Chr5: 79.284713","-0.315"
"16376","UNCHAR_LOC120097786","LOC120097786","uncharacterized LOC120097786","Chr17: 8.011330","1.596","25.4","Chr17: 7.992823","-0.621"
"23570","ENSRNOG00000007348","Or1i2","olfactory receptor family 1 subfamily I member 2","Chr7: 10.985937","0.434","25.4","Chr7: 9.302690","-0.540"
"10307","UNCHAR_LOC102552527","LOC102552527","zinc finger protein 677","Chr1: 61.136682","8.095","25.3","Chr1: 58.660722","-0.262"
"440","ENSRNOG00000018830","Aff3","ALF transcription elongation factor 3","Chr9: 40.856715","8.185","25.2","Chr9: 39.421822","-0.346"
"7984","ENSRNOG00000033414","Klk1c3","kallikrein 1-related peptidase C3","Chr1: 94.671635","1.482","25.2","Chr1: 94.104355","-0.766"
"12071","UNCHAR_LOC108349479","LOC108349479","uncharacterized LOC108349479","Chr9: 114.137655","4.865","25.2","Chr9: 113.311047","-0.600"
"22405","ENSRNOG00000065128","Naip5","NLR family, apoptosis inhibitory protein 5","Chr2: 31.608721","6.810","25.2","Chr2: 31.925135","-0.500"
"23149","UNCHAR_Oas1i","Oas1i","2 ' -5 ' oligoadenylate synthetase 1I","Chr12: 35.624565","5.734","25.2","Chr12: 34.960575","-0.496"
"928","ENSRNOG00000013358","Aqp11","aquaporin 11","Chr1: 152.056674","5.170","25.1","Chr1: 150.456476","-0.447"
"12347","ENSRNOG00000071705","LOC108350763","uncharacterized LOC108350763","Chr4: 161.303794","1.703","25.1","Chr4: 161.826359","0.620"
"13114","UNCHAR_LOC120093142","LOC120093142","uncharacterized LOC120093142","Chr19: 13.772002","2.532","25.1","Chr19: 13.144002","-0.775"
"27984","ENSRNOG00000014398","Scara5","scavenger receptor class A, member 5","Chr15: 39.880016","12.413","25.1","Chr15: 46.426824","-0.336"
"31102","ENSRNOG00000013578","Trem2","triggering receptor expressed on myeloid cells 2","Chr9: 12.654189","7.526","25.1","Chr9: 13.818325","-0.653"
"8595","UNCHAR_LOC100362345","LOC100362345","uncharacterized LOC100362345","Chr5: 103.767985","5.313","25.0","Chr1: 218.891118","0.523"
"11528","UNCHAR_LOC103692636","LOC103692636","uncharacterized LOC103692636","Chr6: 71.916407","2.342","25.0","Chr6: 71.892104","-0.628"
"22179","ENSRNOG00000002516","Mtm1","myotubularin 1","Chr6: 0.506881","9.194","25.0","Chr6: 5.685173","0.386"
"26772","ENSRNOG00000042232","RGD1559600","RGD1559600","Chr1: 173.988757","4.527","25.0","Chr1: 172.059761","-0.656"
"30948","ENSRNOG00000002468","Tnr","tenascin R","Chr13: 71.751713","4.286","25.0","Chr13: 72.375244","1.790"
"9642","UNCHAR_LOC102549543","LOC102549543","uncharacterized LOC102549543","Chr2: 233.826618","1.725","24.9","Chr2: 234.104746","0.895"
"10982","UNCHAR_LOC102555870","LOC102555870","uncharacterized LOC102555870","Chr17: 17.476592","5.639","24.9","Chr17: 17.400900","-0.479"
"20809","ENSRNOG00000009555","Lrriq3","leucine-rich repeats and IQ motif containing 3","Chr2: 244.119974","4.569","24.9","Chr2: 244.489509","0.353"
"31122","UNCHAR_Trim15","Trim15","tripartite motif-containing 15, pseudogene 1","Chr20: 1.700904","5.513","24.9","Chr20: 2.050222","-0.294"
"10700","UNCHAR_LOC102554492","LOC102554492","uncharacterized LOC102554492","Chr17: 18.734681","5.649","24.8","Chr17: 18.890124","0.411"
"22312","ENSRNOG00000042445","Myo15b","myosin XVB","Chr10: 101.088733","3.869","24.8","Chr10: 100.958385","0.603"
"8183","ENSRNOG00000017237","Lama1","laminin subunit alpha 1","Chr9: 107.692769","1.290","24.7","Chr9: 107.705085","0.635"
"10381","UNCHAR_LOC102552854","LOC102552854","uncharacterized LOC102552854","Chr14: 31.255150","2.694","24.7","Chr14: 31.142847","-0.507"
"25232","ENSRNOG00000058422","Pirb","paired Ig-like receptor B","Chr1: 65.499194","9.152","24.7","Chr1: 65.713205","-0.344"
"28857","ENSRNOG00000010938","Slc7a10","solute carrier family 7 member 10","Chr1: 87.829083","9.653","24.7","Chr1: 87.967736","-0.553"
"7145","ENSRNOG00000019519","Idnk","Idnk, gluconokinase","Chr17: 6.490779","5.884","24.6","Chr17: 5.904105","-0.302"
"17097","ENSRNOG00000079330","LOC120098823","uncharacterized LOC120098823","Chr20: 43.333974","1.802","24.6","Chr20: 42.941156","-0.659"
"11612","UNCHAR_LOC103693272","LOC103693272","uncharacterized LOC103693272","Chr10: 6.726490","4.631","24.5","Chr10: 6.423694","0.478"
"22688","ENSRNOG00000016653","Ngef","neuronal guanine nucleotide exchange factor","Chr9: 88.244453","5.627","24.5","Chr9: 86.985968","0.490"
"28276","ENSRNOG00000001699","Setd4","SET domain containing 4","Chr11: 32.859161","7.963","24.5","Chr11: 33.611309","-0.268"
"786","ENSRNOG00000046181","Anks4b","ankyrin repeat and sterile alpha motif domain containing 4B","Chr1: 174.534194","2.580","24.4","Chr1: 174.788504","0.592"
"9412","UNCHAR_LOC102548458","LOC102548458","uncharacterized LOC102548458","Chr15: 16.527902","0.744","24.4","Chr15: 16.121154","0.640"
"15739","UNCHAR_LOC120096890","LOC120096890","uncharacterized LOC120096890","Chr1: 80.301946","1.259","24.4","Chr1: 80.246758","-0.657"
"16106","UNCHAR_LOC120097392","LOC120097392","uncharacterized LOC120097392","Chr16: 0.949193","4.581","24.4","Chr16: 1.089479","0.390"
"449","ENSRNOG00000002889","Afp","alpha-fetoprotein","Chr14: 17.591475","5.470","24.3","Chr14: 16.290690","-0.934"
"9222","UNCHAR_LOC102547647","LOC102547647","uncharacterized LOC102547647","Chr2: 112.308363","1.468","24.3","Chr2: 112.752818","0.677"
"3243","ENSRNOG00000043150_2","Col20a1","collagen type XX alpha 1 chain","Chr3: 168.102474","7.515","24.2","Chr3: 168.114441","-0.442"
"7122","ENSRNOG00000008628","Ica1","islet cell autoantigen 1","Chr4: 36.804704","7.786","24.2","Chr4: 37.169841","0.331"
"16903","UNCHAR_LOC120098550","LOC120098550","uncharacterized LOC120098550","Chr19: 9.153157","1.123","24.2","Chr19: 9.212323","0.618"
"17316","UNCHAR_LOC120099121","LOC120099121","uncharacterized LOC120099121","Chr1: 47.741899","1.564","24.2","Chr1: 47.638592","-0.932"
"30958","ENSRNOG00000002828","Tob1","transducer of ErbB-2.1","Chr10: 79.163092","8.498","24.2","Chr10: 79.677697","-0.320"
"32307","ENSRNOG00000058057","Uggt2","UDP-glucose glycoprotein glucosyltransferase 2","Chr15: 96.239357","8.033","24.2","Chr15: 96.098863","0.291"
"10350","ENSRNOG00000064179","LOC102552731","RIKEN cDNA 1700028J19 gene like","Chr1: 94.730837","1.133","24.1","Chr1: 93.830128","0.635"
"21006","ENSRNOG00000019885","Magi3","membrane associated guanylate kinase, WW and PDZ domain containing 3","Chr2: 191.717047","9.631","24.1","Chr2: 192.173900","0.197"
"27778","ENSRNOG00000075316","RT1-M1-4","RT1 class I, locus M1, gene 4","Chr20: 1.893584","0.349","24.0","Chr20: 2.050222","-0.424"
"29323","ENSRNOG00000022084","Sox14","SRY-box transcription factor 14","Chr8: 100.423917","1.410","24.0","Chr8: 102.011135","0.847"
"6656","ENSRNOG00000039284","Haus4","HAUS augmin-like complex, subunit 4","Chr15: 28.006146","5.808","23.9","Chr15: 27.854824","0.307"
"10461","UNCHAR_LOC102553326","LOC102553326","uncharacterized LOC102553326","Chr5: 70.840702","1.544","23.9","Chr5: 70.868633","0.595"
"26650","ENSRNOG00000001001","Retn","resistin","Chr12: 1.710880","11.142","23.9","Chr12: 0.093589","-0.439"
"30350","ENSRNOG00000059702","Tex9","testis expressed 9","Chr8: 73.213890","7.489","23.9","Chr8: 71.348029","-0.282"
"92","ENSRNOG00000064381_2","Abcg3l4","ATP-binding cassette, subfamily G (WHITE), member 3-like 4","Chr14: 4.590222","8.921","23.8","Chr14: 5.131747","-0.277"
"11585","UNCHAR_LOC103693092","LOC103693092","uncharacterized LOC103693092","Chr8: 51.602797","6.382","23.8","Chr8: 51.101184","0.330"
"13517","UNCHAR_LOC120093718","LOC120093718","uncharacterized LOC120093718","Chr7: 127.681794","1.177","23.8","Chr7: 127.401498","0.676"
"20372","UNCHAR_LOC680920","LOC680920","uncharacterized LOC680920","Chr9: 12.843541","3.764","23.8","Chr9: 13.817495","0.663"
"20438","UNCHAR_LOC685275","LOC685275","uncharacterized LOC685275","Chr12: 18.651871","0.860","23.8","Chr12: 19.032032","-0.593"
"23336","ENSRNOG00000086550","Or10aa1","olfactory receptor family 10 subfamily AA member 1","Chr13: 86.046157","6.650","23.8","Chr13: 86.622151","-0.398"
"8885","UNCHAR_LOC100912259","LOC100912259","uncharacterized LOC100912259","Chr4: 169.702734","3.122","23.7","Chr4: 169.309327","0.591"
"3196","ENSRNOG00000004438","Cntn1","contactin 1","Chr7: 123.263145","4.558","23.6","Chr7: 123.405374","0.663"
"11608","UNCHAR_LOC103693208","LOC103693208","uncharacterized LOC103693208","Chr14: 94.674846","2.339","23.6","Chr14: 94.966000","0.599"
"20522","UNCHAR_LOC689303","LOC689303","uncharacterized LOC689303","Chr17: 14.423634","4.334","23.6","Chr17: 14.426630","-0.391"
"25205","ENSRNOG00000087413","Pilrb1","paired immunoglobin-like type 2 receptor beta 1","Chr12: 18.516160","5.184","23.6","Chr12: 19.031953","-0.595"
"26466","ENSRNOG00000031671","Rasgef1a","RasGEF domain family, member 1A","Chr4: 151.187532","4.307","23.6","Chr4: 151.143317","0.750"
"22599","ENSRNOG00000013916","Nefm","neurofilament medium chain","Chr15: 42.365752","1.260","23.5","Chr15: 38.397019","0.761"
"145","ENSRNOG00000037815","Acad10","acyl-CoA dehydrogenase family, member 10","Chr12: 34.901210","11.065","23.4","Chr12: 35.460574","0.344"
"587","ENSRNOG00000017619","Aldh1a1","aldehyde dehydrogenase 1 family, member A1","Chr1: 218.000469","6.140","23.4","Chr1: 217.753437","-0.846"
"10051","UNCHAR_LOC102551356","LOC102551356","uncharacterized LOC102551356","Chr18: 60.029821","1.873","23.4","Chr18: 60.107267","-0.742"
"20245","UNCHAR_LOC361346","LOC361346","uncharacterized LOC361346","Chr18: 64.090141","7.880","23.4","Chr18: 63.698544","0.234"
"27750","ENSRNOG00000069209","RT1-A1","RT1 class Ia, locus A1","Chr20: 4.905308","9.167","23.4","Chr20: 6.357718","-0.696"
"30054","ENSRNOG00000030245","Tango2","transport and golgi organization 2 homolog","Chr11: 82.645977","7.815","23.4","Chr11: 82.653430","-0.384"
"602","ENSRNOG00000011419","Aldh6a1","aldehyde dehydrogenase 6 family, member A1","Chr6: 104.098635","11.987","23.3","Chr6: 104.374072","0.236"
"17107","UNCHAR_LOC120098833","LOC120098833","uncharacterized LOC120098833","Chr20: 3.437372","6.646","23.3","Chr20: 3.601052","0.429"
"11635","UNCHAR_LOC103693477","LOC103693477","uncharacterized LOC103693477","Chr10: 100.321684","0.560","23.2","Chr10: 100.351953","0.510"
"6332","ENSRNOG00000010880","Gpr27","G protein-coupled receptor 27","Chr4: 132.328363","4.013","23.1","Chr4: 132.846270","-0.873"
"9465","UNCHAR_LOC102548673","LOC102548673","uncharacterized LOC102548673","Chr10: 76.093222","0.157","23.1","Chr2: 81.446771","-0.312"
"11628","ENSRNOG00000091242","LOC103693415","uncharacterized LOC103693415","Chr10: 74.867604","4.611","23.1","Chr10: 74.961416","0.508"
"11640","UNCHAR_LOC103693496","LOC103693496","Zinc finger protein 431 like 11","Chr1: 0.192444","3.619","23.1","Chr9: 112.810766","0.512"
"29495","UNCHAR_Spocd1","Spocd1","uncharacterized Spocd1","Chr5: 142.288821","0.721","23.1","Chr5: 142.268873","0.564"
"30619","ENSRNOG00000027480","Tmem116","transmembrane protein 116","Chr12: 35.089408","6.319","23.1","Chr12: 34.960575","-0.388"
"30743","ENSRNOG00000042758","Tmem243","transmembrane protein 243","Chr4: 24.968641","9.125","23.1","Chr4: 25.286406","0.222"
"8959","UNCHAR_LOC102546462","LOC102546462","uncharacterized LOC102546462","Chr15: 52.177810","4.131","23.0","Chr15: 53.519327","-0.500"
"15606","UNCHAR_LOC120096689","LOC120096689","uncharacterized LOC120096689","Chr14: 95.114521","5.685","23.0","Chr14: 94.990282","0.394"
"21391","ENSRNOG00000039858","Mfsd12","major facilitator superfamily domain containing 12","Chr7: 8.354049","8.927","23.0","Chr7: 5.080344","0.287"
"9366","UNCHAR_LOC102548271","LOC102548271","uncharacterized LOC102548271","Chr1: 167.901538","2.913","22.9","Chr1: 167.631608","-0.682"
"19181","UNCHAR_LOC120102190","LOC120102190","uncharacterized LOC120102190","Chr4: 0.509876","4.905","22.9","Chr7: 0.194932","0.396"
"19185","UNCHAR_LOC120102195","LOC120102195","uncharacterized LOC120102195","Chr4: 0.767055","3.450","22.9","Chr7: 0.194932","0.608"
"66","ENSRNOG00000001082","Abcb9","ATP binding cassette subfamily B member 9","Chr12: 32.499212","6.808","22.8","Chr12: 32.403448","0.350"
"8892","ENSRNOG00000079804","LOC100912314","interferon alpha-1-like","Chr5: 103.288639","0.191","22.8","Chr5: 103.033474","0.352"
"25343","ENSRNOG00000010098","Plek2","pleckstrin 2","Chr6: 97.719416","4.442","22.8","Chr6: 96.297826","-0.285"
"28573","ENSRNOG00000014816","Slc1a1","solute carrier family 1 member 1","Chr1: 226.549931","5.274","22.8","Chr1: 226.622414","0.374"
"32963","ENSRNOG00000007869","Wscd1","WSC domain containing 1","Chr10: 56.385857","6.238","22.8","Chr10: 56.951051","-0.377"
"20231","UNCHAR_LOC302022","LOC302022","uncharacterized LOC302022","Chr3: 4.086902","4.987","22.7","Chr3: 8.469538","-0.399"
"26667","ENSRNOG00000027867","Rexo4","RNA exonuclease 4","Chr3: 10.291002","9.465","22.7","Chr3: 12.564220","0.258"
"33201","ENSRNOG00000025140","Zfat","zinc finger and AT hook domain containing","Chr7: 100.054287","10.022","22.7","Chr7: 97.690774","-0.277"
"9226","UNCHAR_LOC102547662","LOC102547662","uncharacterized LOC102547662","Chr6: 70.687393","3.326","22.6","Chr6: 70.970136","0.644"
"17212","UNCHAR_LOC120098953","LOC120098953","uncharacterized LOC120098953","Chr20: 30.728614","6.058","22.6","Chr20: 31.291910","-0.367"
"20729","ENSRNOG00000011451","Lrp3","LDL receptor related protein 3","Chr1: 87.859146","8.862","22.6","Chr1: 87.967736","-0.353"
"22467","ENSRNOG00000012051","Ncaph","non-SMC condensin I complex, subunit H","Chr3: 114.399177","4.858","22.6","Chr3: 114.386564","0.350"
"25174","ENSRNOG00000039850","Pigp","phosphatidylinositol glycan anchor biosynthesis, class P","Chr11: 33.689110","8.614","22.6","Chr11: 33.608489","-0.241"
"28053","ENSRNOG00000009636","Scrn1","secernin 1","Chr4: 83.694224","8.437","22.6","Chr4: 83.871948","0.402"
"4005","ENSRNOG00000042451","Ddx59","DEAD-box helicase 59","Chr13: 47.876257","7.457","22.5","Chr13: 47.930266","0.239"
"5023","ENSRNOG00000063524","Etfrf1","electron transfer flavoprotein regulatory factor 1","Chr4: 178.179871","8.966","22.5","Chr4: 177.847188","-0.212"
"15773","UNCHAR_LOC120096929","LOC120096929","uncharacterized LOC120096929","Chr15: 16.678122","3.280","22.5","Chr15: 16.121154","0.680"
"28429","ENSRNOG00000002208","Shroom3","shroom family member 3","Chr14: 15.396831","5.382","22.5","Chr14: 15.167557","-0.417"
"91","ENSRNOG00000069246","Abcg3l3","ATP-binding cassette, subfamily G (WHITE), member 3-like 3","Chr14: 4.844160","8.622","22.4","Chr14: 3.829000","-0.236"
"2412","ENSRNOG00000036726","Cd300e","Cd300e molecule","Chr10: 100.309995","5.867","22.4","Chr10: 99.574645","-0.478"
"6308","ENSRNOG00000002797","Gpr156","G protein-coupled receptor 156","Chr11: 62.815401","5.157","22.4","Chr11: 62.553386","-0.483"
"15915","UNCHAR_LOC120097095","LOC120097095","uncharacterized LOC120097095","Chr15: 99.552530","2.771","22.4","Chr15: 99.417966","-0.511"
"19520","ENSRNOG00000059486","LOC120102639","small nucleolar RNA SNORA2/SNORA34 family","Chr4: 118.815876","0.727","22.4","Chr4: 119.127967","-0.525"
"27556","ENSRNOG00000018680_2","Rpl17","ribosomal protein L17","Chr18: 68.581140","10.851","22.4","Chr18: 69.593598","-0.309"
"16643","UNCHAR_LOC120098180","LOC120098180","uncharacterized LOC120098180","Chr18: 58.352724","0.803","22.3","Chr18: 58.367798","-0.512"
"28862","ENSRNOG00000006119","Slc7a15","solute carrier family 7 (cationic amino acid transporter, y+ system), member 15","Chr6: 31.415230","8.966","22.3","Chr6: 31.417411","0.467"
"9239","UNCHAR_LOC102547700","LOC102547700","uncharacterized LOC102547700","Chr14: 81.408846","5.610","22.2","Chr14: 81.750431","0.292"
"9872","UNCHAR_LOC102550575","LOC102550575","uncharacterized LOC102550575","Chr2: 185.284309","5.005","22.2","Chr2: 185.553302","-0.401"
"13227","ENSRNOG00000068348","LOC120093298","U6 spliceosomal RNA","Chr6: 54.227084","1.858","22.2","Chr6: 53.879848","0.574"
"14886","UNCHAR_LOC120095656","LOC120095656","uncharacterized LOC120095656","Chr11: 50.881940","2.622","22.2","Chr11: 51.061971","-0.588"
"30327","ENSRNOG00000036670","Tex19.1","testis expressed 19.1","Chr10: 106.420244","0.253","22.2","Chr10: 103.365367","0.356"
"33546","ENSRNOG00000015071","Zim1","zinc finger, imprinted 1","Chr1: 67.132075","9.834","22.2","Chr1: 66.965090","-0.738"
"3371","ENSRNOG00000005655","Cpa6","carboxypeptidase A6","Chr5: 8.526707","1.856","22.1","Chr5: 11.201366","0.791"
"3690","ENSRNOG00000013589","Cxcl12","C-X-C motif chemokine ligand 12","Chr4: 150.388325","12.215","22.1","Chr4: 150.208911","0.313"
"32789","ENSRNOG00000011918","Vsx2","visual system homeobox 2","Chr6: 104.214841","2.806","22.1","Chr6: 104.374072","-0.559"
"6994","ENSRNOG00000079458","Hrk","harakiri, BCL2 interacting protein","Chr12: 38.409651","5.707","22.0","Chr12: 38.293525","-0.603"
"10182","UNCHAR_LOC102551940","LOC102551940","uncharacterized LOC102551940","Chr10: 11.754201","5.350","22.0","Chr10: 12.170043","0.321"
"2863","ENSRNOG00000009411","Chn2","chimerin 2","Chr4: 83.148615","8.723","21.9","Chr4: 84.321389","0.280"
"7782","ENSRNOG00000021855","Kcp","kielin cysteine rich BMP regulator","Chr4: 58.118169","4.912","21.9","Chr4: 58.304409","0.447"
"11623","UNCHAR_LOC103693391","LOC103693391","uncharacterized LOC103693391","Chr10: 61.038699","5.937","21.9","Chr10: 61.152571","0.343"
"13914","ENSRNOG00000056476","LOC120094289","solute carrier family 22 member 13-like","Chr8: 118.954849","4.713","21.9","Chr8: 119.320880","-0.478"
"15546","UNCHAR_LOC120096621","LOC120096621","uncharacterized LOC120096621","Chr14: 66.760973","5.392","21.9","Chr14: 67.625451","-0.358"
"20847","ENSRNOG00000000855","Lst1","leukocyte specific transcript 1","Chr20: 3.634679","4.403","21.9","Chr20: 3.601132","0.517"
"27289","ENSRNOG00000069584","Rnase1l2","ribonuclease, RNase A family, 1-like 2","Chr15: 24.421824","4.440","21.9","Chr15: 28.480643","0.693"
"1839","ENSRNOG00000012637","C2cd6","C2 calcium dependent domain containing 6","Chr9: 60.530841","2.069","21.8","Chr9: 60.323170","0.571"
"3716","ENSRNOG00000011142","Cyb5b","cytochrome b5 type B","Chr19: 35.062870","11.227","21.8","Chr19: 35.749101","-0.275"
"19182","UNCHAR_LOC120102191","LOC120102191","uncharacterized LOC120102191","Chr4: 0.214949","6.379","21.8","Chr7: 0.194932","0.326"
"22039","ENSRNOG00000039297","Mrpl52","mitochondrial ribosomal protein L52","Chr15: 27.882776","8.884","21.8","Chr15: 27.974218","0.211"
"1879","UNCHAR_C7h12orf40","C7h12orf40","uncharacterized C7h12orf40","Chr7: 122.318494","1.313","21.7","Chr7: 122.518166","-0.640"
"7305","ENSRNOG00000014378","Il1r2","interleukin 1 receptor type 2","Chr9: 42.384279","4.425","21.7","Chr9: 42.235982","0.418"
"19614","UNCHAR_LOC120102816","LOC120102816","uncharacterized LOC120102816","Chr5: 17.736385","2.838","21.7","Chr5: 18.138659","-0.508"
"20322","UNCHAR_LOC502907","LOC502907","uncharacterized LOC502907","Chr4: 163.825354","3.332","21.7","Chr4: 165.205943","0.648"
"2525","ENSRNOG00000052405","Cdh4","cadherin 4","Chr3: 166.525091","2.973","21.6","Chr3: 166.165284","-0.560"
"14550","UNCHAR_LOC120095179","LOC120095179","uncharacterized LOC120095179","Chr10: 80.649435","4.731","21.6","Chr10: 80.874886","0.341"
"25397","ENSRNOG00000000177","Plpp2","phospholipid phosphatase 2","Chr7: 10.175917","5.113","21.6","Chr7: 9.302690","-0.459"
"33370","ENSRNOG00000071332","Zfp54","zinc finger protein 54","Chr1: 61.190805","7.085","21.6","Chr1: 61.135593","-0.234"
"3155","ENSRNOG00000031773","Cngb1","cyclic nucleotide gated channel subunit beta 1","Chr19: 9.726594","3.285","21.5","Chr19: 9.212323","0.503"
"6034","ENSRNOG00000011808","Ghrhr","growth hormone releasing hormone receptor","Chr4: 84.498158","3.483","21.5","Chr4: 84.544511","0.595"
"7839","ENSRNOG00000009539","Khdrbs3","KH RNA binding domain containing, signal transduction associated 3","Chr7: 100.837706","6.643","21.5","Chr7: 101.055823","-0.330"
"8457","UNCHAR_LOC100134871","LOC100134871","hemoglobin subunit beta like 1","Chr1: 158.238347","8.054","21.5","Chr1: 158.468568","3.074"
"15904","UNCHAR_LOC120097083","LOC120097083","uncharacterized LOC120097083","Chr15: 96.239365","2.353","21.5","Chr15: 96.098863","0.492"
"24806","UNCHAR_Pcdhb16l","Pcdhb16l","protocadherin beta 16","Chr18: 29.184759","5.852","21.5","Chr18: 29.534165","-0.344"
"25049","ENSRNOG00000006800","Pgap4","post-GPI attachment to proteins GalNAc transferase 4","Chr5: 63.947003","7.145","21.5","Chr5: 66.161254","-0.298"
"29096","ENSRNOG00000055553","Snora31","small nucleolar RNA, H/ACA box 31","Chr15: 51.159219","3.835","21.5","Chr15: 51.790676","0.745"
"695","ENSRNOG00000000576","Anapc16","anaphase promoting complex subunit 16","Chr20: 27.941033","7.953","21.4","Chr20: 27.634311","0.244"
"3346","ENSRNOG00000007827","Cox4i2","cytochrome c oxidase subunit 4i2","Chr3: 141.228442","5.937","21.4","Chr3: 141.322796","0.369"
"6365","ENSRNOG00000003144","Gprc5c","G protein-coupled receptor, class C, group 5, member C","Chr10: 99.886899","7.368","21.4","Chr10: 99.574645","0.372"
"12092","ENSRNOG00000079955","LOC108349559","uncharacterized LOC108349559","Chr1: 85.645300","1.926","21.3","Chr1: 84.965439","-0.569"
"18457","ENSRNOG00000089505","LOC120100951","uncharacterized LOC120100951","Chr2: 226.485593","2.602","21.3","Chr2: 226.754365","0.491"
"25031","ENSRNOG00000004162","Pfkfb2","6-phosphofructo-2-kinase/fructose-2,6-biphosphatase 2","Chr13: 42.174698","9.286","21.3","Chr13: 42.434735","0.261"
"3078","ENSRNOG00000008806","Clip4","CAP-GLY domain containing linker protein family, member 4","Chr6: 23.697624","6.448","21.2","Chr6: 24.757879","0.427"
"9455","UNCHAR_LOC102548633","LOC102548633","Zinc finger protein 431 like","Chr1: 0.454561","2.570","21.2","Chr9: 113.311047","0.686"
"13092","UNCHAR_LOC120093104","LOC120093104","uncharacterized LOC120093104","Chr4: 163.643090","8.973","21.2","Chr4: 165.066174","0.454"
"16617","UNCHAR_LOC120098139","LOC120098139","ELMO domain-containing protein 2-like","Chr18: 37.762105","5.352","21.2","Chr19: 24.293787","1.006"
"1608","ENSRNOG00000002381","Bmp3","bone morphogenetic protein 3","Chr14: 10.737152","8.173","21.1","Chr14: 11.623760","0.468"
"5914","ENSRNOG00000045795","Gatd1","glutamine amidotransferase class 1 domain containing 1","Chr1: 196.512560","8.458","21.1","Chr1: 195.021178","0.250"
"6457","ENSRNOG00000010605","Gsc","goosecoid homeobox","Chr6: 123.390110","5.160","21.1","Chr6: 122.567619","0.548"
"24921","ENSRNOG00000010280","Pde8b","phosphodiesterase 8B","Chr2: 26.479724","4.248","21.1","Chr2: 26.401987","-0.507"
"27961","ENSRNOG00000067387","Sbk1","SH3 domain binding kinase 1","Chr1: 180.807091","6.703","21.1","Chr1: 180.176375","0.709"
"28699","ENSRNOG00000005302","Slc2a9","solute carrier family 2 member 9","Chr14: 72.328333","8.527","21.1","Chr14: 72.496650","-0.226"
"30144","ENSRNOG00000000802","Tbc1d32","TBC1 domain family, member 32","Chr20: 35.590991","8.195","21.1","Chr20: 35.564085","0.239"
"225","ENSRNOG00000042084","Acsm1","acyl-CoA synthetase medium-chain family member 1","Chr1: 173.985714","7.964","21.0","Chr1: 177.193526","0.479"
"2520","ENSRNOG00000018557","Cdh22","cadherin 22","Chr3: 153.950631","3.757","21.0","Chr3: 153.986705","-0.506"
"11228","UNCHAR_LOC103690742","LOC103690742","uncharacterized LOC103690742","Chr9: 10.002935","6.676","21.0","Chr9: 7.985735","-0.384"
"20229","UNCHAR_LOC301444","LOC301444","uncharacterized LOC301444","Chr9: 61.336926","1.175","21.0","Chr13: 32.378736","-0.566"
"23127","ENSRNOG00000070472","Nxpe4","neurexophilin and PC-esterase domain family member 4","Chr8: 48.502696","7.068","21.0","Chr8: 48.395402","-0.315"
"26699","UNCHAR_RGD1304624","RGD1304624","uncharacterized RGD1304624","Chr6: 72.587510","5.857","21.0","Chr6: 76.527425","-0.332"
"26730","UNCHAR_RGD1308750","RGD1308750","uncharacterized RGD1308750","ChrX: 149.572961","6.023","21.0","Chr1: 225.082636","0.304"
"12695","UNCHAR_LOC108352035","LOC108352035","uncharacterized LOC108352035","Chr9: 98.932825","1.063","20.9","Chr9: 97.359745","-0.516"
"22126","ENSRNOG00000055314","Msrb1","methionine sulfoxide reductase B1","Chr10: 13.764882","9.805","20.9","Chr10: 13.286123","-0.231"
"25399","ENSRNOG00000020424","Plpp4","phospholipid phosphatase 4","Chr1: 183.829793","2.244","20.9","Chr1: 184.095736","0.501"
"25648","ENSRNOG00000006893","Ppm1k","protein phosphatase, Mg2+/Mn2+ dependent, 1K","Chr4: 87.612197","9.266","20.9","Chr4: 89.554729","0.274"
"26219","ENSRNOG00000022570","Pus7l","pseudouridine synthase 7 like","Chr7: 125.706581","6.916","20.9","Chr7: 125.705714","-0.263"
"27796","ENSRNOG00000042905","RT1-T24-4","RT1 class I, locus T24, gene 4","Chr20: 2.684514","11.002","20.9","Chr20: 3.187506","0.269"
"4477","ENSRNOG00000018005","Duoxa1","dual oxidase maturation factor 1","Chr3: 109.260510","6.692","20.8","Chr3: 109.270516","0.348"
"11275","UNCHAR_LOC103691053","LOC103691053","uncharacterized LOC103691053","Chr1: 79.879722","4.236","20.8","Chr1: 79.715297","-0.408"
"26813","ENSRNOG00000030494","RGD1560263","nuclear receptor binding factor 2 like 1","Chr2: 182.256610","4.075","20.8","Chr2: 183.467150","0.426"
"18986","UNCHAR_LOC120101815","LOC120101815","uncharacterized LOC120101815","Chr3: 161.487215","0.348","20.7","Chr3: 160.807216","0.396"
"1498","ENSRNOG00000009308","Bcl2l10","Bcl2-like 10","Chr8: 76.107325","1.902","20.6","Chr8: 76.393685","0.537"
"4829","ENSRNOG00000015560","Emsy","EMSY transcriptional repressor, BRCA2 interacting","Chr1: 152.960419","9.791","20.6","Chr1: 151.169800","0.253"
"9262","UNCHAR_LOC102547830","LOC102547830","uncharacterized LOC102547830","Chr17: 21.530707","5.508","20.6","Chr17: 21.654827","-0.298"
"9273","UNCHAR_LOC102547860","LOC102547860","uncharacterized LOC102547860","Chr14: 71.756169","1.763","20.6","Chr14: 72.131931","-0.728"
"14927","UNCHAR_LOC120095700","LOC120095700","uncharacterized LOC120095700","Chr11: 81.025576","1.743","20.6","Chr11: 80.490505","0.660"
"27578","ENSRNOG00000057677","Rpl30l1","ribosomal protein L30-like 1","Chr13: 89.281686","1.256","20.6","Chr7: 68.339536","0.667"
"27722","UNCHAR_Rrs1-ps9","Rrs1-ps9","ribosome biogenesis regulator 1 homolog, pseudogene 9","Chr2: 102.363613","6.299","20.6","Chr2: 96.993538","0.339"
"3520","ENSRNOG00000005177","Cryzl2","crystallin zeta like 2","Chr13: 69.612604","9.738","20.5","Chr13: 69.694938","0.220"
"8868","UNCHAR_LOC100912041","LOC100912041","uncharacterized LOC100912041","Chr1: 205.619201","7.625","20.5","Chr1: 202.433592","0.251"
"19218","UNCHAR_LOC120102240","LOC120102240","uncharacterized LOC120102240","Chr4: 45.977979","4.103","20.5","Chr4: 46.045441","-0.341"
"22098","ENSRNOG00000020953","Ms4a7","membrane spanning 4-domains A7","Chr1: 207.984742","5.312","20.5","Chr1: 207.840211","0.502"
"8907","UNCHAR_LOC100912582","LOC100912582","uncharacterized LOC100912582","Chr7: 11.929492","6.243","20.4","Chr7: 1.298442","0.327"
"12991","UNCHAR_LOC108352981","LOC108352981","uncharacterized LOC108352981","Chr15: 97.809582","1.529","20.4","Chr15: 97.807893","-0.516"
"21352","ENSRNOG00000006131","Mettl2","methyltransferase 2, tRNA N3-cytidine","Chr10: 90.095526","6.884","20.4","Chr10: 89.201543","0.333"
"1089","ENSRNOG00000031849","Armh4","armadillo-like helical domain containing 4","Chr15: 23.076985","4.680","20.2","Chr15: 23.713952","0.589"
"3125","UNCHAR_Cmc4","Cmc4","C-X9-C motif containing 4","Chr18: 0.125432","5.935","20.2","Chr18: 0.012173","0.251"
"4498","ENSRNOG00000022143","Dusp23","dual specificity phosphatase 23","Chr13: 85.100053","5.890","20.2","Chr13: 85.451372","-0.253"
"18864","UNCHAR_LOC120101646","LOC120101646","uncharacterized LOC120101646","Chr3: 109.917152","1.617","20.2","Chr3: 105.063132","-0.677"
"30073","ENSRNOG00000009708","Tas1r1","taste 1 receptor member 1","Chr5: 162.546407","3.663","20.2","Chr5: 162.441438","0.450"
"30473","ENSRNOG00000038894","Timd4","T-cell immunoglobulin and mucin domain containing 4","Chr10: 31.185750","6.913","20.2","Chr10: 30.925464","-0.523"
"6400","ENSRNOG00000023492","Greb1l","GREB1 like retinoic acid receptor coactivator","Chr18: 1.392329","9.751","20.1","Chr18: 1.463866","0.296"
"10095","UNCHAR_LOC102551556","LOC102551556","uncharacterized LOC102551556","Chr12: 5.656672","1.628","20.1","Chr12: 5.581347","0.523"
"26390","UNCHAR_Raet1c","Raet1c","retinoic acid early transcript gamma","Chr1: 1.796109","0.233","20.1","Chr1: 2.698079","-0.325"
"26693","ENSRNOG00000058243","Rfx8","regulatory factor X8","Chr9: 42.021431","6.587","20.1","Chr9: 42.235982","-0.264"
"32314","UNCHAR_Ugt1a7c","Ugt1a7c","uncharacterized Ugt1a7c","Chr9: 88.739576","9.056","20.1","Chr9: 86.919449","0.414"
"33348","ENSRNOG00000057542","Zfp488","zinc finger protein 488","Chr16: 9.293680","1.572","20.1","Chr16: 9.517626","0.640"
"8326","ENSRNOG00000005093","Lgr6","leucine-rich repeat-containing G protein-coupled receptor 6","Chr13: 46.544073","4.535","20.0","Chr13: 46.764976","-0.368"
"8526","UNCHAR_LOC100360821","LOC100360821","uncharacterized LOC100360821","Chr5: 57.199979","4.054","20.0","Chr5: 56.981038","-0.425"
"8646","UNCHAR_LOC100363423","LOC100363423","uncharacterized LOC100363423","Chr10: 75.508353","0.535","20.0","Chr10: 75.461046","-0.528"
"10001","UNCHAR_LOC102551127","LOC102551127","uncharacterized LOC102551127","Chr8: 61.525399","6.274","20.0","Chr8: 61.531758","-0.474"
"11546","UNCHAR_LOC103692782","LOC103692782","uncharacterized LOC103692782","Chr7: 11.960790","3.059","20.0","Chr7: 11.404448","0.498"
"12656","UNCHAR_LOC108351926","LOC108351926","uncharacterized LOC108351926","Chr9: 49.975500","2.470","20.0","Chr4: 105.344429","-0.606"
"28727","ENSRNOG00000018649","Slc35c2","solute carrier family 35 member C2","Chr3: 154.023548","8.791","20.0","Chr3: 153.986705","-0.241"
