Index,Record,Symbol,Description,Location,Mean,Peak -logP,Peak Location,Effect Size,Gene_Chr,Gene_Pos_Str,Peak_Chr,Peak_Pos_Str,Gene_Pos,Peak_Pos,Distance_Mb,is_cis,cis_trans,is_pseudogene,is_uncharacterized,is_loc,trans_flag,flag_artifact,norm_logp,norm_es,biol_score,tier,tissue
20631,UNCHAR_LOC691532,LOC691532,uncharacterized LOC691532,Chr3: 107.280024,6.797,169.4,Chr8: 44.681539,2.334,Chr3, 107.280024,Chr8, 44.681539,107.280024,44.681539,inf,False,trans,False,True,True,MEGA_EFFECT;LOC_UNCHARACTERIZED,True,1.0,0.6354445435622956,0.6724055902468035,Tier_3_FlaggedInspect,Adipose
5147,ENSRNOG00000012067,Fam111a,FAM111 trypsin like peptidase A,Chr1: 209.640864,9.201,167.2,Chr1: 209.858238,3.266,Chr1, 209.640864,Chr1, 209.858238,209.640864,209.858238,0.21737400000000662,True,cis,False,False,False,cis,False,0.9852744310575635,0.9125780553077609,0.9642483702278634,Tier_1_HighConfidence,Adipose
4848,UNCHAR_Eno1-ps20,Eno1-ps20,"enolase 1, pseudogene 20",Chr4: 150.929142,6.423,159.4,Chr5: 160.724189,3.32,Chr4, 150.929142,Chr5, 160.724189,150.929142,160.724189,inf,False,trans,True,False,False,MEGA_EFFECT;PSEUDOGENE_TRANS,True,0.9330655957161982,0.9286351471900088,0.7515952600171724,Tier_3_FlaggedInspect,Adipose
11611,UNCHAR_LOC103693260,LOC103693260,uncharacterized LOC103693260,Chr10: 2.221334,4.968,153.2,Chr10: 1.082663,3.56,Chr10, 2.221334,Chr10, 1.082663,2.221334,1.082663,1.1386710000000002,True,cis,False,True,True,cis,False,0.8915662650602408,1.0,0.8620481927710841,Tier_2_Validate,Adipose
7166,ENSRNOG00000019050,Ifit1,interferon-induced protein with tetratricopeptide repeats 1,Chr1: 232.152037,6.097,150.0,Chr1: 231.862988,2.342,Chr1, 232.152037,Chr1, 231.862988,232.152037,231.862988,0.28904900000000566,True,cis,False,False,False,cis,False,0.8701472556894243,0.6378233719892953,0.8277897196875518,Tier_1_HighConfidence,Adipose
9778,UNCHAR_LOC102550180,LOC102550180,uncharacterized LOC102550180,Chr15: 27.915135,6.927,149.1,Chr15: 27.974218,1.864,Chr15, 27.915135,Chr15, 27.974218,27.915135,27.974218,0.05908300000000111,True,cis,False,True,True,cis,False,0.8641231593038822,0.49568837347606304,0.6759340364729808,Tier_2_Validate,Adipose
13382,UNCHAR_LOC120093570,LOC120093570,uncharacterized LOC120093570,Chr7: 34.301338,3.79,144.8,Chr7: 34.300659,2.73,Chr7, 34.301338,Chr7, 34.300659,34.301338,34.300659,0.0006789999999980978,True,cis,False,True,True,cis,False,0.8353413654618475,0.7531965506987808,0.7559882706562198,Tier_2_Validate,Adipose
18886,UNCHAR_LOC120101677,LOC120101677,uncharacterized LOC120101677,Chr3: 122.794642,4.853,141.1,Chr15: 51.790676,1.62,Chr3, 122.794642,Chr15, 51.790676,122.794642,51.790676,inf,False,trans,False,True,True,MEGA_EFFECT;LOC_UNCHARACTERIZED,True,0.8105756358768407,0.4231341064525721,0.5317984098152945,Tier_3_FlaggedInspect,Adipose
26934,UNCHAR_RGD1562525,RGD1562525,uncharacterized RGD1562525,Chr12: 17.682714,1.951,141.0,Chr12: 19.031953,2.551,Chr12, 17.682714,Chr12, 19.031953,17.682714,19.031953,1.3492390000000007,True,cis,False,True,False,cis,False,0.8099062918340026,0.6999702646446625,0.7284567947675327,Tier_2_Validate,Adipose
27135,UNCHAR_RGD1566212,RGD1566212,ATP synthase membrane subunit c locus 2 like 2,Chr2: 26.836361,2.936,138.4,Chr7: 133.796878,2.589,Chr2, 26.836361,Chr7, 133.796878,26.836361,133.796878,inf,False,trans,False,False,False,MEGA_EFFECT,True,0.7925033467202142,0.7112696996729111,0.7263205662375938,Tier_3_FlaggedInspect,Adipose
27758,UNCHAR_RT1-CE12,RT1-CE12,"RT1 class I, locus CE12",Chr20: 3.342546,10.609,137.2,Chr20: 3.601132,1.136,Chr20, 3.342546,Chr20, 3.601132,3.342546,3.601132,0.2585860000000002,True,cis,False,False,False,cis,False,0.7844712182061578,0.27921498661909006,0.6722901716888368,Tier_1_HighConfidence,Adipose
30910,ENSRNOG00000016782,Tnfrsf8,TNF receptor superfamily member 8,Chr5: 157.168420,4.272,137.1,Chr5: 157.431322,2.776,Chr5, 157.168420,Chr5, 157.431322,157.16842,157.431322,0.26290199999999686,True,cis,False,False,False,cis,False,0.7838018741633199,0.766874814154029,0.842736840911072,Tier_1_HighConfidence,Adipose
8912,ENSRNOG00000042224_1,LOC100912642,cytochrome P450 2J3-like,Chr5: 110.930401,3.285,134.1,Chr5: 111.023453,-2.019,Chr5, 110.930401,Chr5, 111.023453,110.930401,111.023453,0.09305200000000013,True,cis,False,False,True,cis,False,0.7637215528781793,0.5417781742491823,0.7569249044945765,Tier_2_Validate,Adipose
27967,ENSRNOG00000021015,Sbsn,suprabasin,Chr1: 85.978969,6.511,133.5,Chr1: 86.021287,-1.705,Chr1, 85.978969,Chr1, 86.021287,85.978969,86.021287,0.04231799999999453,True,cis,False,False,False,cis,False,0.7597054886211513,0.44840915848944396,0.7228401264887082,Tier_1_HighConfidence,Adipose
20908,ENSRNOG00000034139,Lyc2,lysozyme C type 2,Chr7: 52.887103,5.314,131.8,Chr7: 53.139710,3.241,Chr7, 52.887103,Chr7, 53.139710,52.887103,53.13971,0.2526069999999976,True,cis,False,False,False,cis,False,0.748326639892905,0.9051442164733868,0.878714799728202,Tier_1_HighConfidence,Adipose
11601,UNCHAR_LOC103693140,LOC103693140,uncharacterized LOC103693140,Chr8: 73.213596,5.852,131.0,Chr8: 73.350324,-1.088,Chr8, 73.213596,Chr8, 73.350324,73.213596,73.350324,0.13672800000000507,True,cis,False,True,True,cis,False,0.7429718875502008,0.2649420160570919,0.5527698662625524,Tier_2_Validate,Adipose
12088,UNCHAR_LOC108349532,LOC108349532,high mobility group protein B1 pseudogene,Chr1: 163.050053,4.453,128.8,Chr12: 5.976284,2.743,Chr1, 163.050053,Chr12, 5.976284,163.050053,5.976284,inf,False,trans,True,False,True,MEGA_EFFECT;PSEUDOGENE_TRANS;LOC_UNCHARACTERIZED,True,0.7282463186077645,0.7570621468926553,0.6198579629251469,Tier_3_FlaggedInspect,Adipose
8534,ENSRNOG00000022490,LOC100361008,"Cytochrome c oxidase subunit 5A, mitochondrial-like",Chr3: 13.804502,6.125,126.9,Chr8: 58.034773,2.293,Chr3, 13.804502,Chr8, 58.034773,13.804502,58.034773,inf,False,trans,False,False,True,MEGA_EFFECT;LOC_UNCHARACTERIZED,True,0.715528781793842,0.6232530478739221,0.6685736403837175,Tier_3_FlaggedInspect,Adipose
8525,ENSRNOG00000033517,LOC100360791,"tumor protein, translationally-controlled 1 like 3",Chr1: 19.107388,10.369,124.1,Chr15: 50.896269,1.025,Chr1, 19.107388,Chr15, 50.896269,19.107388,50.896269,inf,False,trans,False,False,True,MEGA_EFFECT;LOC_UNCHARACTERIZED,True,0.6967871485943774,0.24620874219446917,0.5300485617760963,Tier_3_FlaggedInspect,Adipose
28206,ENSRNOG00000022932,Serhl2,serine hydrolase-like 2,Chr7: 114.246034,7.77,124.0,Chr7: 114.323395,0.871,Chr7, 114.246034,Chr7, 114.323395,114.246034,114.323395,0.07736100000001045,True,cis,False,False,False,cis,False,0.6961178045515395,0.20041629497472493,0.6137869348341924,Tier_1_HighConfidence,Adipose
26980,UNCHAR_RGD1563402,RGD1563402,Cbp/p300-interacting transactivator with Glu/Asp-rich carboxy-terminal domain 1 like 1,Chr1: 204.760741,1.882,123.9,Chr1: 205.532359,2.19,Chr1, 204.760741,Chr1, 205.532359,204.760741,205.532359,0.7716180000000179,True,cis,False,False,False,cis,False,0.6954484605087015,0.5926256318763009,0.7508259323347507,Tier_1_HighConfidence,Adipose
21791,ENSRNOG00000021555,Mis18a,MIS18 kinetochore protein A,Chr11: 29.981057,3.948,123.8,Chr11: 29.858552,1.835,Chr11, 29.981057,Chr11, 29.858552,29.981057,29.858552,0.12250500000000031,True,cis,False,False,False,cis,False,0.6947791164658634,0.4870651204281891,0.7136454829129183,Tier_1_HighConfidence,Adipose
4233,ENSRNOG00000055934,Dmkn,dermokine,Chr1: 86.013236,3.163,123.7,Chr1: 86.021287,-2.535,Chr1, 86.013236,Chr1, 86.021287,86.013236,86.021287,0.008050999999994701,True,cis,False,False,False,cis,False,0.6941097724230254,0.6952126077906631,0.7862628330747908,Tier_1_HighConfidence,Adipose
9737,UNCHAR_LOC102550008,LOC102550008,uncharacterized LOC102550008,Chr2: 151.815596,2.93,123.5,Chr2: 150.688203,2.16,Chr2, 151.815596,Chr2, 150.688203,151.815596,150.688203,1.127393000000012,True,cis,False,True,True,cis,False,0.6927710843373494,0.5837050252750521,0.6467666383643405,Tier_2_Validate,Adipose
32480,ENSRNOG00000038512,Uts2b,urotensin 2B,Chr11: 73.424384,2.529,121.1,Chr11: 73.579584,2.181,Chr11, 73.424384,Chr11, 73.579584,73.424384,73.579584,0.15519999999999357,True,cis,False,False,False,cis,False,0.6767068273092369,0.5899494498959262,0.7433296970218071,Tier_1_HighConfidence,Adipose
8253,ENSRNOG00000013973,Lcn2,lipocalin 2,Chr3: 15.684032,3.582,120.7,Chr3: 15.375341,-2.19,Chr3, 15.684032,Chr3, 15.375341,15.684032,15.375341,0.3086909999999996,True,cis,False,False,False,cis,False,0.6740294511378848,0.5926256318763009,0.7433292790549649,Tier_1_HighConfidence,Adipose
47,ENSRNOG00000039656,Abca17,"ATP-binding cassette, subfamily A (ABC1), member 17",Chr10: 13.382220,5.552,120.5,Chr10: 13.286123,-1.344,Chr10, 13.382220,Chr10, 13.286123,13.38222,13.286123,0.09609700000000032,True,cis,False,False,False,cis,False,0.6726907630522088,0.34106452572108237,0.6548143510706518,Tier_1_HighConfidence,Adipose
17771,UNCHAR_LOC120099939,LOC120099939,uncharacterized LOC120099939,Chr1: 182.637159,2.156,119.5,Chr1: 181.810195,2.05,Chr1, 182.637159,Chr1, 181.810195,182.637159,181.810195,0.8269640000000038,True,cis,False,True,True,cis,False,0.6659973226238286,0.550996134403806,0.6259477099596721,Tier_2_Validate,Adipose
27762,ENSRNOG00000071225,RT1-CE16,"RT1 class I, locus CE16",Chr20: 3.260695,11.679,118.3,Chr20: 3.601132,-1.06,Chr20, 3.260695,Chr20, 3.601132,3.260695,3.601132,0.3404370000000001,True,cis,False,False,False,cis,False,0.6579651941097724,0.2566161165625929,0.6201034587353278,Tier_1_HighConfidence,Adipose
27787,ENSRNOG00000029386,RT1-N2,"RT1 class Ib, locus N2",Chr20: 2.641156,4.809,118.2,Chr20: 2.687516,-2.911,Chr20, 2.641156,Chr20, 2.687516,2.641156,2.687516,0.04635999999999996,True,cis,False,False,False,cis,False,0.6572958500669344,0.8070175438596491,0.8125096878743041,Tier_1_HighConfidence,Adipose
27777,ENSRNOG00000031065,RT1-M1-2,"RT1 class I, locus M1, gene 2",Chr20: 1.913422,2.284,117.9,Chr20: 2.050222,-1.783,Chr20, 1.913422,Chr20, 2.050222,1.913422,2.050222,0.13680000000000025,True,cis,False,False,False,cis,False,0.6552878179384204,0.471602735652691,0.6944116937568889,Tier_1_HighConfidence,Adipose
1571,ENSRNOG00000032461,Bin2a,beta-galactosidase-like protein,Chr8: 25.287172,5.965,116.9,Chr8: 25.570084,-2.755,Chr8, 25.287172,Chr8, 25.570084,25.287172,25.570084,0.2829119999999996,True,cis,False,False,False,cis,False,0.6485943775100401,0.7606303895331549,0.7932286684651182,Tier_1_HighConfidence,Adipose
33504,ENSRNOG00000055608,Zfp94l1,zinc finger protein 94 like 1,Chr1: 79.896552,5.015,115.6,Chr1: 79.715297,-1.422,Chr1, 79.896552,Chr1, 79.715297,79.896552,79.715297,0.18125499999999306,True,cis,False,False,False,cis,False,0.6398929049531459,0.3642581028843294,0.6514528527431163,Tier_1_HighConfidence,Adipose
10998,UNCHAR_LOC102555965,LOC102555965,uncharacterized LOC102555965,Chr1: 184.499295,1.794,115.0,Chr1: 184.570953,-1.874,Chr1, 184.499295,Chr1, 184.570953,184.499295,184.570953,0.07165800000001354,True,cis,False,True,True,cis,False,0.6358768406961178,0.49866190900981266,0.5970885623970756,Tier_2_Validate,Adipose
5616,ENSRNOG00000019902,Folr1,folate receptor alpha,Chr1: 156.238435,4.078,114.8,Chr1: 158.468568,1.749,Chr1, 156.238435,Chr1, 158.468568,156.238435,158.468568,2.230132999999995,True,cis,False,False,False,cis,False,0.6345381526104418,0.46149271483794235,0.6836108036069344,Tier_1_HighConfidence,Adipose
27760,UNCHAR_RT1-CE14,RT1-CE14,"RT1 class I, locus CE14",Chr20: 3.300794,8.48,114.4,Chr20: 3.601132,1.384,Chr20, 3.300794,Chr20, 3.601132,3.300794,3.601132,0.30033800000000044,True,cis,False,False,False,cis,False,0.6318607764390897,0.3529586678560808,0.6446868055033096,Tier_1_HighConfidence,Adipose
20151,UNCHAR_LOC120103587,LOC120103587,uncharacterized LOC120103587,Chr6: 107.187960,5.353,114.1,Chr6: 107.059969,1.643,Chr6, 107.187960,Chr6, 107.059969,107.18796,107.059969,0.12799100000000863,True,cis,False,True,True,cis,False,0.6298527443105756,0.4299732381801962,0.5709390938717701,Tier_2_Validate,Adipose
27547,UNCHAR_Rpl10a-ps9,Rpl10a-ps9,"ribosomal protein L10A, pseudogene 9",Chr4: 9.589500,8.368,113.0,Chr20: 6.323102,-1.296,Chr4, 9.589500,Chr20, 6.323102,9.5895,6.323102,inf,False,trans,True,False,False,MEGA_EFFECT;PSEUDOGENE_TRANS,True,0.6224899598393574,0.32679155515908415,0.43224853024945453,Tier_3_FlaggedInspect,Adipose
14598,UNCHAR_LOC120095234,LOC120095234,uncharacterized LOC120095234,Chr10: 2.222455,4.34,112.0,Chr14: 0.492117,2.296,Chr10, 2.222455,Chr14, 0.492117,2.222455,0.492117,inf,False,trans,False,True,True,MEGA_EFFECT;LOC_UNCHARACTERIZED,True,0.6157965194109772,0.6241451085340469,0.5339795697807584,Tier_3_FlaggedInspect,Adipose
18242,ENSRNOG00000064284,LOC120100687,uncharacterized LOC120100687,Chr2: 31.489973,5.569,110.4,Chr2: 31.925135,-0.937,Chr2, 31.489973,Chr2, 31.925135,31.489973,31.925135,0.4351620000000018,True,cis,False,True,True,cis,False,0.6050870147255689,0.2200416294974725,0.4887950254780644,Tier_2_Validate,Adipose
32428,UNCHAR_Usp26,Usp26,uncharacterized Usp26,ChrX: 131.363963,1.374,110.3,Chr6: 98.323867,-1.832,ChrX, 131.363963,Chr6, 98.323867,131.363963,98.323867,inf,False,trans,False,True,False,MEGA_EFFECT,True,0.6044176706827309,0.48617305976806424,0.4817067556577783,Tier_3_FlaggedInspect,Adipose
5844,ENSRNOG00000008099,Galnt12,polypeptide N-acetylgalactosaminyltransferase 12,Chr5: 61.384574,2.835,109.8,Chr5: 61.077310,-1.844,Chr5, 61.384574,Chr5, 61.077310,61.384574,61.07731,0.30726400000000353,True,cis,False,False,False,cis,False,0.6010709504685408,0.4897413024085638,0.6817842885069866,Tier_1_HighConfidence,Adipose
17051,UNCHAR_LOC120098768,LOC120098768,uncharacterized LOC120098768,Chr1: 1.841126,3.168,108.6,Chr1: 2.698079,-1.919,Chr1, 1.841126,Chr1, 2.698079,1.841126,2.698079,0.8569529999999999,True,cis,False,True,True,cis,False,0.5930388219544845,0.512042818911686,0.5867785743031596,Tier_2_Validate,Adipose
9163,UNCHAR_LOC102547398,LOC102547398,uncharacterized LOC102547398,Chr11: 80.468552,1.382,106.8,Chr11: 80.485948,1.424,Chr11, 80.468552,Chr11, 80.485948,80.468552,80.485948,0.017395999999990863,True,cis,False,True,True,cis,False,0.5809906291834003,0.36485280999107933,0.5310452037110678,Tier_2_Validate,Adipose
2410,ENSRNOG00000046121,Cd300c,CD300c molecule,Chr10: 100.228253,2.912,106.1,Chr10: 99.846904,1.943,Chr10, 100.228253,Chr10, 99.846904,100.228253,99.846904,0.38134900000000016,True,cis,False,False,False,cis,False,0.5763052208835341,0.5191793041926851,0.6834195837766767,Tier_1_HighConfidence,Adipose
3778,ENSRNOG00000084482,Cyp2d1,"cytochrome P450, family 2, subfamily d, polypeptide 1",Chr7: 113.913419,5.487,106.1,Chr7: 113.822112,1.921,Chr7, 113.913419,Chr7, 113.822112,113.913419,113.822112,0.09130700000000047,True,cis,False,False,False,cis,False,0.5763052208835341,0.5126375260184359,0.6811299614156894,Tier_1_HighConfidence,Adipose
20827,ENSRNOG00000031852,Lsamp,limbic system-associated membrane protein,Chr11: 60.717327,9.611,105.5,Chr11: 58.968000,-0.972,Chr11, 60.717327,Chr11, 58.968000,60.717327,58.968,1.7493269999999939,True,cis,False,False,False,cis,False,0.572289156626506,0.23044900386559616,0.5809583561722357,Tier_1_HighConfidence,Adipose
18356,UNCHAR_LOC120100829,LOC120100829,uncharacterized LOC120100829,Chr2: 142.229854,5.301,105.3,Chr7: 133.296205,-2.391,Chr2, 142.229854,Chr7, 133.296205,142.229854,133.296205,inf,False,trans,False,True,True,MEGA_EFFECT;LOC_UNCHARACTERIZED,True,0.57095046854083,0.6523936961046685,0.5281704576259244,Tier_3_FlaggedInspect,Adipose
22266,ENSRNOG00000042912,Mycbpap,Mycbp associated protein,Chr10: 79.470976,6.898,104.9,Chr10: 79.677697,1.112,Chr10, 79.470976,Chr10, 79.677697,79.470976,79.677697,0.2067210000000017,True,cis,False,False,False,cis,False,0.568273092369478,0.27207850133809103,0.5941230577976491,Tier_1_HighConfidence,Adipose
20215,UNCHAR_LOC291863,LOC291863,uncharacterized LOC291863,Chr19: 22.560684,10.49,101.4,Chr19: 14.059434,1.583,Chr19, 22.560684,Chr19, 14.059434,22.560684,14.059434,8.501249999999999,False,trans,False,True,True,MEGA_EFFECT;LOC_UNCHARACTERIZED,True,0.5448460508701473,0.41213202497769846,0.434942326546746,Tier_3_FlaggedInspect,Adipose
582,ENSRNOG00000002911,Alb,albumin,Chr14: 17.622813,12.699,100.8,Chr14: 17.532589,-1.495,Chr14, 17.622813,Chr14, 17.532589,17.622813,17.532589,0.0902239999999992,True,cis,False,False,False,cis,False,0.5408299866131191,0.3859649122807018,0.6243782146128373,Tier_1_HighConfidence,Adipose
21452,ENSRNOG00000057645,Micb,MHC class I polypeptide-related sequence B,Chr1: 78.495778,6.851,99.4,Chr1: 79.165093,0.76,Chr1, 78.495778,Chr1, 79.165093,78.495778,79.165093,0.6693149999999974,True,cis,False,False,False,cis,False,0.5314591700133869,0.16741005055010405,0.5446042271972218,Tier_1_HighConfidence,Adipose
10349,UNCHAR_LOC102552728,LOC102552728,uncharacterized LOC102552728,Chr1: 20.087733,7.184,99.2,Chr1: 20.006034,-0.83,Chr1, 20.087733,Chr1, 20.006034,20.087733,20.006034,0.08169900000000041,True,cis,False,True,True,cis,False,0.5301204819277109,0.18822479928635147,0.4514208484249218,Tier_2_Validate,Adipose
152,ENSRNOG00000020624,Acadsb,"acyl-CoA dehydrogenase, short/branched chain",Chr1: 186.188938,10.3,99.1,Chr1: 186.028979,0.678,Chr1, 186.188938,Chr1, 186.028979,186.188938,186.028979,0.15995900000001484,True,cis,False,False,False,cis,False,0.5294511378848727,0.14302705917335715,0.5353673689703804,Tier_1_HighConfidence,Adipose
30869,ENSRNOG00000067030,Tmsb10,"thymosin, beta 10",Chr4: 105.011094,14.326,98.9,Chr4: 105.344429,-0.774,Chr4, 105.011094,Chr4, 105.344429,105.011094,105.344429,0.33333500000000527,True,cis,False,False,False,cis,False,0.5281124497991968,0.17157300029735353,0.5448899075337926,Tier_1_HighConfidence,Adipose
22382,ENSRNOG00000005955,Naalad2,N-acetylated alpha-linked acidic dipeptidase 2,Chr8: 15.479713,7.412,98.7,Chr8: 14.724875,-0.795,Chr8, 15.479713,Chr8, 14.724875,15.479713,14.724875,0.7548379999999995,True,cis,False,False,False,cis,False,0.5267737617135207,0.1778174249182278,0.5466069153211119,Tier_1_HighConfidence,Adipose
1686,ENSRNOG00000002811,Brinp3,BMP/retinoic acid inducible neural specific 3,Chr13: 58.413882,1.393,98.0,Chr13: 58.873433,1.827,Chr13, 58.413882,Chr13, 58.873433,58.413882,58.873433,0.4595509999999976,True,cis,False,False,False,cis,False,0.5220883534136546,0.4846862920011894,0.6523711258951953,Tier_1_HighConfidence,Adipose
30284,ENSRNOG00000016774,Telo2,telomere maintenance 2,Chr10: 14.135728,9.473,97.9,Chr10: 13.810068,-1.072,Chr10, 14.135728,Chr10, 13.810068,14.135728,13.810068,0.32566000000000095,True,cis,False,False,False,cis,False,0.5214190093708166,0.26018435920309246,0.5735611790008681,Tier_1_HighConfidence,Adipose
28929,UNCHAR_Slpil2,Slpil2,uncharacterized Slpil2,Chr3: 153.021370,2.835,97.4,Chr3: 153.340874,2.245,Chr3, 153.021370,Chr3, 153.340874,153.02137,153.340874,0.3195040000000233,True,cis,False,True,False,cis,False,0.5180722891566265,0.6089800773119239,0.5944683282639927,Tier_2_Validate,Adipose
20152,ENSRNOG00000062977,LOC120103588,WW domain-binding protein 11-like,Chr6: 107.240903,6.517,97.1,Chr6: 107.059969,1.57,Chr6, 107.240903,Chr6, 107.059969,107.240903,107.059969,0.1809340000000077,True,cis,False,False,True,cis,False,0.5160642570281124,0.40826642878382396,0.6235157400341776,Tier_2_Validate,Adipose
3737,ENSRNOG00000018236,Cym,chymosin,Chr2: 194.839095,3.682,96.4,Chr2: 194.327106,-1.576,Chr2, 194.839095,Chr2, 194.327106,194.839095,194.327106,0.5119889999999998,True,cis,False,False,False,cis,False,0.5113788487282463,0.41005055010407376,0.622500289591312,Tier_1_HighConfidence,Adipose
2123,UNCHAR_Cbr1,Cbr1,carbonyl reductase 1,Chr11: 32.860570,8.296,96.1,Chr11: 32.836831,1.575,Chr11, 32.860570,Chr11, 32.836831,32.86057,32.836831,0.023739000000006172,True,cis,False,False,False,cis,False,0.5093708165997322,0.40975319655069875,0.6216934046026508,Tier_1_HighConfidence,Adipose
15185,ENSRNOG00000057229,LOC120096108,"small nucleolar RNA, H/ACA box 15B-2",Chr12: 26.875890,3.185,96.1,Chr12: 27.015140,-1.868,Chr12, 26.875890,Chr12, 27.015140,26.87589,27.01514,0.13925000000000054,True,cis,False,False,True,cis,False,0.5093708165997322,0.4968777876895629,0.6521870115012532,Tier_2_Validate,Adipose
2204,ENSRNOG00000010412,Ccdc180,coiled-coil domain containing 180,Chr5: 60.154882,3.853,96.0,Chr7: 59.856327,1.386,Chr5, 60.154882,Chr7, 59.856327,60.154882,59.856327,inf,False,trans,False,False,False,MEGA_EFFECT,True,0.5087014725568942,0.35355337496283074,0.5017891966319037,Tier_3_FlaggedInspect,Adipose
10276,UNCHAR_LOC102552388,LOC102552388,uncharacterized LOC102552388,Chr6: 131.618102,2.909,95.4,Chr3: 18.447382,-1.59,Chr6, 131.618102,Chr3, 18.447382,131.618102,18.447382,inf,False,trans,False,True,True,MEGA_EFFECT;LOC_UNCHARACTERIZED,True,0.5046854082998662,0.4142134998513232,0.4216146178529163,Tier_3_FlaggedInspect,Adipose
23106,ENSRNOG00000019206,Nupr1,"nuclear protein 1, transcriptional regulator",Chr1: 181.215326,8.702,95.3,Chr1: 181.309526,-1.042,Chr1, 181.215326,Chr1, 181.309526,181.215326,181.309526,0.09420000000000073,True,cis,False,False,False,cis,False,0.504016064257028,0.2512637526018436,0.5643479359006051,Tier_1_HighConfidence,Adipose
2523,ENSRNOG00000053332,Cdh26,cadherin 26,Chr3: 165.520522,3.853,94.5,Chr3: 165.192603,-1.237,Chr3, 165.520522,Chr3, 165.192603,165.520522,165.192603,0.3279190000000085,True,cis,False,False,False,cis,False,0.49866131191432395,0.30924769550996134,0.5827681525984998,Tier_1_HighConfidence,Adipose
28038,ENSRNOG00000005309,Scn8a,sodium voltage-gated channel alpha subunit 8,Chr7: 131.982151,8.13,94.3,Chr7: 132.843669,-1.508,Chr7, 131.982151,Chr7, 132.843669,131.982151,132.843669,0.861518000000018,True,cis,False,False,False,cis,False,0.4973226238286479,0.38983050847457623,0.6105035963061284,Tier_1_HighConfidence,Adipose
15623,UNCHAR_LOC120096711,LOC120096711,uncharacterized LOC120096711,Chr14: 104.120566,3.511,93.8,Chr14: 102.177361,-1.178,Chr14, 104.120566,Chr14, 102.177361,104.120566,102.177361,1.9432049999999919,True,cis,False,True,True,cis,False,0.4939759036144578,0.2917038358608385,0.47498790881635367,Tier_2_Validate,Adipose
5178,ENSRNOG00000024825,Fam163a,"family with sequence similarity 163, member A",Chr13: 68.341322,3.309,93.7,Chr13: 67.852024,-1.636,Chr13, 68.341322,Chr13, 67.852024,68.341322,67.852024,0.4892980000000051,True,cis,False,False,False,cis,False,0.49330655957161984,0.42789176330657147,0.6224194130073669,Tier_1_HighConfidence,Adipose
12492,UNCHAR_LOC108351291,LOC108351291,uncharacterized LOC108351291,Chr6: 122.172033,6.967,93.7,Chr5: 160.724189,1.103,Chr6, 122.172033,Chr5, 160.724189,122.172033,160.724189,inf,False,trans,False,True,True,MEGA_EFFECT;LOC_UNCHARACTERIZED,True,0.49330655957161984,0.2694023193577163,0.36694810762526764,Tier_3_FlaggedInspect,Adipose
6415,ENSRNOG00000001251,Grifin,galectin-related inter-fiber protein,Chr12: 14.080169,11.287,93.5,Chr12: 14.100952,1.154,Chr12, 14.080169,Chr12, 14.100952,14.080169,14.100952,0.020782999999999774,True,cis,False,False,False,cis,False,0.49196787148594373,0.2845673505798394,0.571787327723024,Tier_1_HighConfidence,Adipose
22436,ENSRNOG00000074135,Nat3,N-acetyltransferase 3,Chr16: 22.175961,3.705,93.3,Chr16: 22.295536,-1.743,Chr16, 22.175961,Chr16, 22.295536,22.175961,22.295536,0.11957499999999754,True,cis,False,False,False,cis,False,0.4906291834002677,0.45970859351769255,0.632618221921286,Tier_1_HighConfidence,Adipose
6589,UNCHAR_H2ac18,H2ac18,histone cluster 2 H2A family member A2,Chr2: 183.808397,6.981,92.6,Chr2: 183.798575,-2.853,Chr2, 183.808397,Chr2, 183.798575,183.808397,183.798575,0.009822000000013986,True,cis,False,False,False,cis,False,0.48594377510040154,0.7897710377639013,0.7465001845025059,Tier_1_HighConfidence,Adipose
27800,ENSRNOG00000027513,Rtel1,regulator of telomere elongation helicase 1,Chr3: 168.427246,9.252,92.5,Chr3: 168.114441,-0.684,Chr3, 168.427246,Chr3, 168.114441,168.427246,168.114441,0.31280499999999734,True,cis,False,False,False,cis,False,0.48527443105756357,0.14481118049360692,0.5205299640429096,Tier_1_HighConfidence,Adipose
12104,UNCHAR_LOC108349628,LOC108349628,uncharacterized LOC108349628,Chr1: 175.141463,4.472,92.0,Chr1: 174.788504,1.498,Chr1, 175.141463,Chr1, 174.788504,175.141463,174.788504,0.35295899999999847,True,cis,False,True,True,cis,False,0.4819277108433735,0.3868569729408266,0.5040746393244699,Tier_2_Validate,Adipose
30612,ENSRNOG00000053269,Tmem106c,transmembrane protein 106C,Chr7: 129.088467,6.815,91.4,Chr7: 128.577171,-0.626,Chr7, 129.088467,Chr7, 128.577171,129.088467,128.577171,0.5112960000000157,True,cis,False,False,False,cis,False,0.4779116465863454,0.12756467439785904,0.5119167123444714,Tier_1_HighConfidence,Adipose
9445,ENSRNOG00000079079,LOC102548576,uncharacterized LOC102548576,Chr11: 73.403896,3.178,91.0,Chr11: 72.767252,1.681,Chr11, 73.403896,Chr11, 72.767252,73.403896,72.767252,0.636644000000004,True,cis,False,True,True,cis,False,0.4752342704149933,0.4412726732084448,0.5207774302682033,Tier_2_Validate,Adipose
27162,ENSRNOG00000025551,Rgs22,regulator of G-protein signaling 22,Chr7: 67.308804,5.464,90.3,Chr7: 66.434495,-1.074,Chr7, 67.308804,Chr7, 66.434495,67.308804,66.434495,0.8743089999999967,True,cis,False,False,False,cis,False,0.47054886211512714,0.2607790663098424,0.5559647749487393,Tier_1_HighConfidence,Adipose
10528,UNCHAR_LOC102553634,LOC102553634,uncharacterized LOC102553634,Chr11: 42.183098,4.252,89.9,Chr11: 42.033724,-1.063,Chr11, 42.183098,Chr11, 42.033724,42.183098,42.033724,0.14937400000000167,True,cis,False,True,True,cis,False,0.46787148594377514,0.2575081772227178,0.45388288210827243,Tier_2_Validate,Adipose
26762,UNCHAR_RGD1559482,RGD1559482,uncharacterized RGD1559482,Chr10: 100.174954,6.746,89.5,Chr10: 99.846935,-1.607,Chr10, 100.174954,Chr10, 99.846935,100.174954,99.846935,0.3280189999999976,True,cis,False,True,False,cis,False,0.465194109772423,0.41926851025869755,0.5095619170108922,Tier_2_Validate,Adipose
28869,ENSRNOG00000010296,Slc7a7,solute carrier family 7 member 7,Chr15: 27.873120,7.339,89.0,Chr15: 27.974218,0.658,Chr15, 27.873120,Chr15, 27.974218,27.87312,27.974218,0.10109800000000035,True,cis,False,False,False,cis,False,0.4618473895582329,0.13707998810585786,0.5096245821824318,Tier_1_HighConfidence,Adipose
17103,UNCHAR_LOC120098829,LOC120098829,uncharacterized LOC120098829,Chr20: 3.318106,6.636,88.7,Chr20: 3.601132,1.456,Chr20, 3.318106,Chr20, 3.601132,3.318106,3.601132,0.283026,True,cis,False,True,True,cis,False,0.4598393574297189,0.3743681236990782,0.4919726183950789,Tier_2_Validate,Adipose
27551,UNCHAR_Rpl12-ps2,Rpl12-ps2,"ribosomal protein L12, pseudogene 2",Chr2: 141.785084,5.048,88.4,Chr3: 16.490648,1.115,Chr2, 141.785084,Chr3, 16.490648,141.785084,16.490648,inf,False,trans,True,False,False,MEGA_EFFECT;PSEUDOGENE_TRANS,True,0.45783132530120485,0.27297056199821584,0.3557806605547972,Tier_3_FlaggedInspect,Adipose
27757,UNCHAR_RT1-CE11,RT1-CE11,"RT1 class I, locus CE11",Chr20: 3.358519,7.381,87.7,Chr20: 5.002150,1.746,Chr20, 3.358519,Chr20, 5.002150,3.358519,5.00215,1.6436310000000005,True,cis,False,False,False,cis,False,0.4531459170013387,0.4606006541778174,0.6198112999127046,Tier_1_HighConfidence,Adipose
11281,ENSRNOG00000075943,LOC103691076,uncharacterized LOC103691076,Chr1: 85.183194,4.782,87.2,Chr1: 84.965439,-0.806,Chr1, 85.183194,Chr1, 84.965439,85.183194,84.965439,0.2177549999999968,True,cis,False,True,True,cis,False,0.4497991967871486,0.18108831400535236,0.4208106287773753,Tier_2_Validate,Adipose
394,ENSRNOG00000032959,Adh7,"alcohol dehydrogenase 7 (class IV), mu or sigma polypeptide",Chr2: 226.748723,1.703,87.0,Chr2: 226.803112,1.495,Chr2, 226.748723,Chr2, 226.803112,226.748723,226.803112,0.054388999999986254,True,cis,False,False,False,cis,False,0.4484605087014725,0.3859649122807018,0.592048897343761,Tier_1_HighConfidence,Adipose
6548,ENSRNOG00000007931,Gucy2e,"guanylate cyclase 2D, retinal",Chr1: 152.739774,2.869,86.8,Chr1: 152.301954,1.38,Chr1, 152.739774,Chr1, 152.301954,152.739774,152.301954,0.4378200000000163,True,cis,False,False,False,cis,False,0.4471218206157965,0.351769253642581,0.5796118759904321,Tier_1_HighConfidence,Adipose
17104,UNCHAR_LOC120098830,LOC120098830,uncharacterized LOC120098830,Chr20: 3.371221,5.015,86.2,Chr20: 3.601132,1.158,Chr20, 3.371221,Chr20, 3.601132,3.371221,3.601132,0.22991100000000042,True,cis,False,True,True,cis,False,0.4431057563587684,0.2857567647933392,0.4551018824032377,Tier_2_Validate,Adipose
33028,UNCHAR_Ybx1-ps20,Ybx1-ps20,"Y box binding protein 1, pseudogene 20",Chr10: 39.162721,8.726,86.2,Chr5: 133.068819,0.55,Chr10, 39.162721,Chr5, 133.068819,39.162721,133.068819,inf,False,trans,True,False,False,MEGA_EFFECT;PSEUDOGENE_TRANS,True,0.4431057563587684,0.10496580434136189,0.29182504624504557,Tier_3_FlaggedInspect,Adipose
6666,ENSRNOG00000047321,Hba-a3,"hemoglobin alpha, adult chain 3",Chr10: 15.312393,6.828,85.8,Chr10: 15.438463,-1.948,Chr10, 15.312393,Chr10, 15.438463,15.312393,15.438463,0.12607000000000035,True,cis,False,False,False,cis,False,0.4404283801874163,0.5206660719595599,0.6363830582514416,Tier_1_HighConfidence,Adipose
10124,UNCHAR_LOC102551693,LOC102551693,uncharacterized LOC102551693,Chr1: 204.680567,5.732,85.5,Chr1: 205.159275,0.743,Chr1, 204.680567,Chr1, 205.159275,204.680567,205.159275,0.4787080000000117,True,cis,False,True,True,cis,False,0.43842034805890223,0.16235504014272972,0.4102713858705711,Tier_2_Validate,Adipose
13942,UNCHAR_LOC120094326,LOC120094326,uncharacterized LOC120094326,Chr8: 32.866229,3.861,85.5,Chr8: 32.952038,2.383,Chr8, 32.866229,Chr8, 32.952038,32.866229,32.952038,0.08580900000000469,True,cis,False,True,True,cis,False,0.43842034805890223,0.6500148676776687,0.5809523255077997,Tier_2_Validate,Adipose
28236,ENSRNOG00000034229,Serpinb1b,"serine (or cysteine) peptidase inhibitor, clade B, member 1b",Chr17: 31.329150,6.036,85.1,Chr17: 31.438420,2.168,Chr17, 31.329150,Chr17, 31.438420,31.32915,31.43842,0.1092700000000022,True,cis,False,False,False,cis,False,0.4357429718875501,0.5860838537020517,0.6576393889563605,Tier_1_HighConfidence,Adipose
32181,UNCHAR_Uap1l2,Uap1l2,uncharacterized Uap1l2,Chr6: 1.741395,5.129,84.2,Chr13: 83.183593,1.297,Chr6, 1.741395,Chr13, 83.183593,1.741395,83.183593,inf,False,trans,False,True,False,MEGA_EFFECT,True,0.42971887550200805,0.32708890871245905,0.3648827244750634,Tier_3_FlaggedInspect,Adipose
467,ENSRNOG00000023116,Agmo,alkylglycerol monooxygenase,Chr6: 53.986235,10.818,84.0,Chr6: 53.879848,0.741,Chr6, 53.986235,Chr6, 53.879848,53.986235,53.879848,0.10638699999999801,True,cis,False,False,False,cis,False,0.428380187416332,0.16176033303597978,0.506549182158309,Tier_1_HighConfidence,Adipose
9814,ENSRNOG00000089559,LOC102550339,uncharacterized LOC102550339,Chr5: 110.110708,1.767,83.6,Chr5: 110.033650,1.229,Chr5, 110.110708,Chr5, 110.033650,110.110708,110.03365,0.07705800000000806,True,cis,False,True,True,cis,False,0.4257028112449799,0.3068688670829616,0.45640008741477944,Tier_2_Validate,Adipose
27997,ENSRNOG00000013279,Scd3,stearoyl-coenzyme A desaturase 3,Chr1: 243.093056,4.407,83.4,Chr1: 243.327780,3.432,Chr1, 243.093056,Chr1, 243.327780,243.093056,243.32778,0.23472399999999993,True,cis,False,False,False,cis,False,0.4243641231593039,0.9619387451680047,0.785206003914558,Tier_1_HighConfidence,Adipose
27795,ENSRNOG00000032596,RT1-T24-3,"RT1 class I, locus T24, gene 3",Chr20: 2.718209,8.773,83.3,Chr20: 2.611182,1.003,Chr20, 2.718209,Chr20, 2.611182,2.718209,2.611182,0.10702699999999998,True,cis,False,False,False,cis,False,0.4236947791164658,0.23966696402022,0.53217661009784,Tier_1_HighConfidence,Adipose
8906,UNCHAR_LOC100912568,LOC100912568,uncharacterized LOC100912568,Chr6: 107.231785,5.19,82.6,Chr6: 107.059969,1.872,Chr6, 107.231785,Chr6, 107.059969,107.231785,107.059969,0.17181600000000685,True,cis,False,True,True,cis,False,0.41900937081659967,0.49806720190306275,0.5209768004518818,Tier_2_Validate,Adipose
30680,ENSRNOG00000007907,Tmem178a,transmembrane protein 178A,Chr6: 14.063676,6.958,81.6,Chr6: 14.057826,-0.859,Chr6, 14.063676,Chr6, 14.057826,14.063676,14.057826,0.005849999999998801,True,cis,False,False,False,cis,False,0.4123159303882195,0.19684805233422537,0.5132073939528556,Tier_1_HighConfidence,Adipose
27755,ENSRNOG00000071235,RT1-CE1,"RT1 class I, locus1",Chr20: 3.559486,9.461,81.1,Chr20: 4.679209,1.009,Chr20, 3.559486,Chr20, 4.679209,3.559486,4.679209,1.119723,True,cis,False,False,False,cis,False,0.4089692101740294,0.24145108534046977,0.5276471034300747,Tier_1_HighConfidence,Adipose
8824,UNCHAR_LOC100911506,LOC100911506,uncharacterized LOC100911506,Chr14: 44.318609,4.613,81.0,Chr14: 44.394691,-1.058,Chr14, 44.318609,Chr14, 44.394691,44.318609,44.394691,0.07608199999999954,True,cis,False,True,True,cis,False,0.4082998661311914,0.256021409455843,0.43251244645546205,Tier_2_Validate,Adipose
1921,ENSRNOG00000060407,Cacna1i,calcium voltage-gated channel subunit alpha1 I,Chr7: 111.835995,4.152,80.8,Chr7: 111.740041,-1.607,Chr7, 111.835995,Chr7, 111.740041,111.835995,111.740041,0.09595399999999188,True,cis,False,False,False,cis,False,0.40696117804551535,0.41926851025869755,0.5891803909064744,Tier_1_HighConfidence,Adipose
13434,UNCHAR_LOC120093626,LOC120093626,uncharacterized LOC120093626,Chr7: 61.940111,4.366,79.7,Chr7: 61.809626,-1.288,Chr7, 61.940111,Chr7, 61.809626,61.940111,61.809626,0.13048500000000018,True,cis,False,True,True,cis,False,0.3995983935742972,0.32441272673208443,0.45340389210723353,Tier_2_Validate,Adipose
20150,UNCHAR_LOC120103584,LOC120103584,uncharacterized LOC120103584,Chr6: 107.141541,5.469,79.3,Chr6: 107.059969,1.355,Chr6, 107.141541,Chr6, 107.059969,107.141541,107.059969,0.08157200000000842,True,cis,False,True,True,cis,False,0.39692101740294505,0.34433541480820695,0.45943975127390313,Tier_2_Validate,Adipose
17768,UNCHAR_LOC120099936,LOC120099936,uncharacterized LOC120099936,Chr1: 182.090610,4.287,78.6,Chr1: 182.323560,0.709,Chr1, 182.090610,Chr1, 182.323560,182.09061,182.32356,0.23294999999998822,True,cis,False,True,True,cis,False,0.3922356091030789,0.15224501932798098,0.390568219950871,Tier_2_Validate,Adipose
29908,ENSRNOG00000024073,Syce1,synaptonemal complex central element protein 1,Chr1: 195.863173,2.839,78.6,Chr1: 195.020992,-1.748,Chr1, 195.863173,Chr1, 195.020992,195.863173,195.020992,0.8421809999999823,True,cis,False,False,False,cis,False,0.3922356091030789,0.46119536128456734,0.5987008396356761,Tier_1_HighConfidence,Adipose
7257,ENSRNOG00000009253,Igsf9b,"immunoglobulin superfamily, member 9B",Chr8: 25.712643,6.23,78.5,Chr8: 25.570084,1.235,Chr8, 25.712643,Chr8, 25.570084,25.712643,25.570084,0.14255899999999855,True,cis,False,False,False,cis,False,0.39156626506024095,0.3086529884032114,0.5450767387122083,Tier_1_HighConfidence,Adipose
20384,UNCHAR_LOC681224,LOC681224,uncharacterized LOC681224,Chr18: 11.227028,5.881,78.5,Chr4: 25.286827,0.934,Chr18, 11.227028,Chr4, 25.286827,11.227028,25.286827,inf,False,trans,False,True,True,LOC_UNCHARACTERIZED,True,0.39156626506024095,0.21914956883734762,0.31375054186415596,Tier_3_FlaggedInspect,Adipose
9966,ENSRNOG00000083324,LOC102551006,uncharacterized LOC102551006,Chr5: 21.628170,1.161,78.0,Chr5: 21.572861,1.114,Chr5, 21.628170,Chr5, 21.572861,21.62817,21.572861,0.05530900000000116,True,cis,False,True,True,cis,False,0.38821954484605087,0.27267320844484094,0.4313124636518121,Tier_2_Validate,Adipose
32690,ENSRNOG00000078605,Vom2r44,vomeronasal 2 receptor 44,Chr2: 148.497149,6.77,78.0,Chr2: 149.828204,0.613,Chr2, 148.497149,Chr2, 149.828204,148.497149,149.828204,1.331054999999992,True,cis,False,False,False,cis,False,0.38821954484605087,0.12369907820398453,0.47917151806751235,Tier_1_HighConfidence,Adipose
19329,UNCHAR_LOC120102367,LOC120102367,endogenous retrovirus group K member 21 Env polyprotein-like,Chr4: 147.708406,3.788,77.4,Chr4: 148.389881,-2.321,Chr4, 147.708406,Chr4, 148.389881,147.708406,148.389881,0.681475000000006,True,cis,False,False,True,cis,False,0.38420348058902276,0.6315789473684211,0.6555238497851053,Tier_2_Validate,Adipose
17798,UNCHAR_LOC120099967,LOC120099967,uncharacterized LOC120099967,Chr1: 200.189260,4.467,77.0,Chr1: 201.365247,1.206,Chr1, 200.189260,Chr1, 201.365247,200.18926,201.365247,1.1759870000000205,True,cis,False,True,True,cis,False,0.38152610441767065,0.30002973535533745,0.43854454392055275,Tier_2_Validate,Adipose
11177,ENSRNOG00000016217,LOC103690178,nucleolar GTP-binding protein 1-like,Chr17: 61.404560,6.813,76.1,Chr17: 61.901363,0.74,Chr17, 61.404560,Chr17, 61.901363,61.40456,61.901363,0.496803000000007,True,cis,False,False,True,cis,False,0.37550200803212846,0.1614629794826048,0.48793774563015657,Tier_2_Validate,Adipose
25230,UNCHAR_Pira12,Pira12,paired-Ig-like receptor A12,Chr1: 65.304407,3.921,75.9,Chr1: 65.713205,1.022,Chr1, 65.304407,Chr1, 65.713205,65.304407,65.713205,0.40879800000000444,True,cis,False,False,False,cis,False,0.3741633199464525,0.24531668153434433,0.5168180005182789,Tier_1_HighConfidence,Adipose
27771,ENSRNOG00000030431,RT1-Db2,"RT1 class II, locus Db2",Chr20: 4.539723,5.944,75.8,Chr20: 4.679209,1.691,Chr20, 4.539723,Chr20, 4.679209,4.539723,4.679209,0.13948599999999978,True,cis,False,False,False,cis,False,0.37349397590361444,0.44424620874219445,0.5862090646260331,Tier_1_HighConfidence,Adipose
9000,UNCHAR_LOC102546604,LOC102546604,uncharacterized LOC102546604,Chr1: 12.073611,5.05,75.3,Chr1: 11.644866,0.872,Chr1, 12.073611,Chr1, 11.644866,12.073611,11.644866,0.42874499999999927,True,cis,False,True,True,cis,False,0.3701472556894243,0.20071364852809992,0.3998013164761335,Tier_2_Validate,Adipose
17050,UNCHAR_LOC120098766,LOC120098766,histocompatibility antigen 60b-like,Chr1: 1.517225,1.903,75.2,Chr1: 1.137347,2.319,Chr1, 1.517225,Chr1, 1.137347,1.517225,1.137347,0.37987799999999994,True,cis,False,False,True,cis,False,0.36947791164658633,0.6309842402616711,0.65016175316789,Tier_2_Validate,Adipose
23307,ENSRNOG00000025957,Ooep,oocyte expressed protein,Chr8: 79.224553,2.711,74.8,Chr9: 49.051196,1.488,Chr8, 79.224553,Chr9, 49.051196,79.224553,49.051196,inf,False,trans,False,False,False,trans_moderate,True,0.3668005354752342,0.383883437407077,0.46273939050880886,Tier_3_FlaggedInspect,Adipose
10232,UNCHAR_LOC102552179,LOC102552179,uncharacterized LOC102552179,Chr6: 89.523181,8.286,74.5,Chr6: 88.072336,-0.498,Chr6, 89.523181,Chr6, 88.072336,89.523181,88.072336,1.4508449999999868,True,cis,False,True,True,cis,False,0.3647925033467202,0.08950341956586381,0.35900357301940433,Tier_2_Validate,Adipose
32203,ENSRNOG00000000767,Ubd,ubiquitin like modifier D,Chr20: 1.387437,3.95,74.2,Chr20: 1.568617,1.746,Chr20, 1.387437,Chr20, 1.568617,1.387437,1.568617,0.1811799999999999,True,cis,False,False,False,cis,False,0.3627844712182062,0.4606006541778174,0.5881847938886082,Tier_1_HighConfidence,Adipose
22597,ENSRNOG00000008716,Nefh,neurofilament heavy chain,Chr14: 79.840346,4.808,74.1,Chr14: 79.465350,1.576,Chr14, 79.840346,Chr14, 79.465350,79.840346,79.46535,0.3749959999999959,True,cis,False,False,False,cis,False,0.3621151271753681,0.41005055010407376,0.5702579870478046,Tier_1_HighConfidence,Adipose
8354,UNCHAR_Lilrb1,Lilrb1,leukocyte immunoglobulin like receptor B1,Chr1: 65.457263,6.305,73.9,Chr1: 65.713205,0.825,Chr1, 65.457263,Chr1, 65.713205,65.457263,65.713205,0.25594200000000455,True,cis,False,False,False,cis,False,0.36077643908969215,0.18673803151947663,0.491630064713209,Tier_1_HighConfidence,Adipose
1954,ENSRNOG00000011130,Calca,calcitonin-related polypeptide alpha,Chr1: 168.883175,3.507,73.3,Chr1: 168.821778,1.407,Chr1, 168.883175,Chr1, 168.821778,168.883175,168.821778,0.06139699999999948,True,cis,False,False,False,cis,False,0.35676037483266393,0.359797799583705,0.550795361045729,Tier_1_HighConfidence,Adipose
32351,ENSRNOG00000059840,Unc5a,unc-5 netrin receptor A,Chr17: 9.670557,5.11,72.9,Chr17: 9.399220,1.147,Chr17, 9.670557,Chr17, 9.399220,9.670557,9.39922,0.2713370000000008,True,cis,False,False,False,cis,False,0.35408299866131193,0.2824858757062147,0.5227991060286342,Tier_1_HighConfidence,Adipose
7854,ENSRNOG00000060356,Kif15,kinesin family member 15,Chr8: 122.601887,5.689,72.5,Chr8: 123.157499,-0.713,Chr8, 122.601887,Chr8, 123.157499,122.601887,123.157499,0.5556119999999964,True,cis,False,False,False,cis,False,0.3514056224899598,0.1534344335414808,0.4766940196110042,Tier_2_Validate,Adipose
3538,ENSRNOG00000007057,Csmd2,CUB and Sushi multiple domains 2,Chr5: 140.342351,5.39,72.4,Chr5: 140.667634,1.307,Chr5, 140.342351,Chr5, 140.667634,140.342351,140.667634,0.32528299999998467,True,cis,False,False,False,cis,False,0.35073627844712185,0.33006244424620873,0.5382795529426656,Tier_1_HighConfidence,Adipose
9585,UNCHAR_LOC102549291,LOC102549291,uncharacterized LOC102549291,Chr3: 138.835646,4.499,72.3,Chr3: 138.848480,1.003,Chr3, 138.835646,Chr3, 138.848480,138.835646,138.84848,0.012833999999998014,True,cis,False,True,True,cis,False,0.35006693440428377,0.23966696402022,0.4064068644485763,Tier_2_Validate,Adipose
11657,UNCHAR_LOC103693572,LOC103693572,uncharacterized LOC103693572,Chr11: 56.002986,4.195,72.2,Chr11: 55.372546,-1.182,Chr11, 56.002986,Chr11, 55.372546,56.002986,55.372546,0.6304400000000001,True,cis,False,True,True,cis,False,0.3493975903614458,0.29289325007433836,0.4248017941525244,Tier_2_Validate,Adipose
9089,UNCHAR_LOC102547086,LOC102547086,uncharacterized LOC102547086,Chr4: 162.235045,8.643,72.1,Chr13: 102.773533,0.768,Chr4, 162.235045,Chr13, 102.773533,162.235045,102.773533,inf,False,trans,False,True,True,LOC_UNCHARACTERIZED,True,0.3487282463186077,0.16978887897710376,0.281480993853499,Tier_3_FlaggedInspect,Adipose
8591,ENSRNOG00000090721,LOC100362296,protein S100-A11-like,Chr3: 138.539299,1.718,71.5,Chr3: 138.348233,1.245,Chr3, 138.539299,Chr3, 138.348233,138.539299,138.348233,0.1910660000000064,True,cis,False,False,True,cis,False,0.34471218206157966,0.31162652393696105,0.5297185470994892,Tier_2_Validate,Adipose
2192,ENSRNOG00000063478,Ccdc168,coiled-coil domain containing 168,Chr9: 46.236324,3.058,71.4,Chr9: 46.531618,0.98,Chr9, 46.236324,Chr9, 46.531618,46.236324,46.531618,0.2952939999999984,True,cis,False,False,False,cis,False,0.34404283801874164,0.23282783229259588,0.5019047346089681,Tier_1_HighConfidence,Adipose
2714,ENSRNOG00000091108,Ces1f,carboxylesterase 1F,Chr19: 13.796622,9.1,71.2,Chr19: 14.059434,0.935,Chr19, 13.796622,Chr19, 14.059434,13.796622,14.059434,0.26281200000000027,True,cis,False,False,False,cis,False,0.3427041499330656,0.21944692239072255,0.4967528753133258,Tier_1_HighConfidence,Adipose
11430,UNCHAR_LOC103691954,LOC103691954,zinc finger protein 431-like,Chr4: 3.782885,2.324,71.0,Chr3: 138.848480,1.862,Chr4, 3.782885,Chr3, 138.848480,3.782885,138.84848,inf,False,trans,False,False,True,LOC_UNCHARACTERIZED,True,0.34136546184738953,0.4950936663693131,0.49276069487584584,Tier_3_FlaggedInspect,Adipose
1952,ENSRNOG00000007456,Calb1,calbindin 1,Chr5: 29.375623,5.265,70.7,Chr5: 29.456424,0.758,Chr5, 29.375623,Chr5, 29.456424,29.375623,29.456424,0.08080099999999746,True,cis,False,False,False,cis,False,0.3393574297188755,0.16681534344335414,0.47716047060678035,Tier_2_Validate,Adipose
2124,UNCHAR_Cbr1l1,Cbr1l1,carbonyl reductase 1 like 1,Chr11: 32.876562,8.75,70.3,Chr11: 34.213273,-1.69,Chr11, 32.876562,Chr11, 34.213273,32.876562,34.213273,1.336711000000001,True,cis,False,False,False,cis,False,0.3366800535475234,0.4439488551888195,0.57322011805772,Tier_1_HighConfidence,Adipose
26807,UNCHAR_RGD1560124,RGD1560124,uncharacterized RGD1560124,ChrX: 117.621325,2.568,70.3,Chr20: 6.323102,-1.505,ChrX, 117.621325,Chr20, 6.323102,117.621325,6.323102,inf,False,trans,False,True,False,trans_moderate,True,0.3366800535475234,0.38893844781445136,0.35396647547669113,Tier_3_FlaggedInspect,Adipose
14525,UNCHAR_LOC120095151,LOC120095151,uncharacterized LOC120095151,Chr10: 63.864377,4.316,70.1,Chr7: 109.093977,1.125,Chr10, 63.864377,Chr7, 109.093977,63.864377,109.093977,inf,False,trans,False,True,True,LOC_UNCHARACTERIZED,True,0.33534136546184734,0.27594409753196547,0.3139499120478345,Tier_3_FlaggedInspect,Adipose
14840,UNCHAR_LOC120095605,LOC120095605,uncharacterized LOC120095605,Chr11: 28.643442,2.98,69.5,Chr11: 28.831347,1.301,Chr11, 28.643442,Chr11, 28.831347,28.643442,28.831347,0.18790500000000065,True,cis,False,True,True,cis,False,0.3313253012048193,0.32827832292595893,0.4308612684457723,Tier_2_Validate,Adipose
10660,UNCHAR_LOC102554288,LOC102554288,uncharacterized LOC102554288,Chr3: 145.466044,4.346,69.3,Chr3: 145.050063,-2.032,Chr3, 145.466044,Chr3, 145.050063,145.466044,145.050063,0.41598100000001637,True,cis,False,True,True,cis,False,0.32998661311914324,0.5456437704430568,0.50647063424677,Tier_2_Validate,Adipose
27111,UNCHAR_RGD1565766,RGD1565766,uncharacterized RGD1565766,Chr6: 26.923604,6.919,69.3,Chr6: 20.949751,-0.743,Chr6, 26.923604,Chr6, 20.949751,26.923604,20.949751,5.973853000000002,False,trans,False,True,False,trans_moderate,True,0.32998661311914324,0.16235504014272972,0.27231957864165557,Tier_3_FlaggedInspect,Adipose
28364,ENSRNOG00000009613,Sh3bgrl2,SH3 domain binding glutamate-rich protein like 2,Chr8: 84.461018,8.462,69.2,Chr8: 84.236358,-0.608,Chr8, 84.461018,Chr8, 84.236358,84.461018,84.236358,0.22466000000000008,True,cis,False,False,False,cis,False,0.3293172690763052,0.12221231043710971,0.4580353528296952,Tier_2_Validate,Adipose
12767,ENSRNOG00000089679,LOC108352304,uncharacterized LOC108352304,Chr11: 28.991550,4.338,68.9,Chr11: 28.840444,1.368,Chr11, 28.991550,Chr11, 28.840444,28.99155,28.840444,0.15110599999999863,True,cis,False,True,True,cis,False,0.3273092369477912,0.3482010110020815,0.43642858678245544,Tier_2_Validate,Adipose
27033,UNCHAR_RGD1564482,RGD1564482,uncharacterized RGD1564482,Chr5: 148.517518,3.231,68.9,Chr5: 148.448833,0.772,Chr5, 148.517518,Chr5, 148.448833,148.517518,148.448833,0.0686849999999879,True,cis,False,True,False,cis,False,0.3273092369477912,0.17097829319060362,0.37440063554843817,Tier_2_Validate,Adipose
3118,ENSRNOG00000014075,Clybl,citramalyl-CoA lyase,Chr15: 99.283643,7.929,68.6,Chr15: 99.417966,-0.614,Chr15, 99.283643,Chr15, 99.417966,99.283643,99.417966,0.13432300000000907,True,cis,False,False,False,cis,False,0.32530120481927705,0.1239964317573595,0.4572541728018228,Tier_2_Validate,Adipose
23055,ENSRNOG00000022576,Nudt12,nudix hydrolase 12,Chr9: 98.755038,9.303,68.6,Chr9: 97.359745,-0.573,Chr9, 98.755038,Chr9, 97.359745,98.755038,97.359745,1.3952929999999952,True,cis,False,False,False,cis,False,0.32530120481927705,0.111804936068986,0.452987149310892,Tier_2_Validate,Adipose
29476,ENSRNOG00000002085,Spmap2l,sperm microtubule associated protein 2 like,Chr14: 31.152486,2.527,68.6,Chr14: 31.142847,-1.145,Chr14, 31.152486,Chr14, 31.142847,31.152486,31.142847,0.009638999999999953,True,cis,False,False,False,cis,False,0.32530120481927705,0.2818911685994647,0.5125173306965596,Tier_1_HighConfidence,Adipose
15110,UNCHAR_LOC120095967,LOC120095967,uncharacterized LOC120095967,Chr12: 33.243971,2.132,68.2,Chr12: 33.354417,-1.033,Chr12, 33.243971,Chr12, 33.354417,33.243971,33.354417,0.11044599999999605,True,cis,False,True,True,cis,False,0.32262382864792505,0.24858757062146888,0.3999239897442879,Tier_2_Validate,Adipose
3390,ENSRNOG00000084862,Cpm,carboxypeptidase M,Chr7: 53.225646,5.998,68.1,Chr7: 53.314244,0.631,Chr7, 53.225646,Chr7, 53.314244,53.225646,53.314244,0.08859800000000462,True,cis,False,False,False,cis,False,0.32195448460508697,0.12905144216473388,0.4578520743694373,Tier_2_Validate,Adipose
27107,UNCHAR_RGD1565693,RGD1565693,uncharacterized RGD1565693,Chr6: 107.202204,3.629,68.1,Chr6: 107.059969,1.211,Chr6, 107.202204,Chr6, 107.059969,107.202204,107.059969,0.14223499999999945,True,cis,False,True,False,cis,False,0.32195448460508697,0.30151650312221234,0.4182148457045547,Tier_2_Validate,Adipose
18247,UNCHAR_LOC120100693,LOC120100693,uncharacterized LOC120100693,Chr2: 33.734739,2.164,67.9,Chr2: 33.741686,-1.29,Chr2, 33.734739,Chr2, 33.741686,33.734739,33.741686,0.006947000000003811,True,cis,False,True,True,cis,False,0.320615796519411,0.32500743383883435,0.42596813062538585,Tier_2_Validate,Adipose
1187,ENSRNOG00000020202,Asrgl1,asparaginase and isoaspartyl peptidase 1,Chr1: 206.027114,9.409,67.7,Chr1: 205.159275,-0.684,Chr1, 206.027114,Chr1, 205.159275,206.027114,205.159275,0.8678390000000036,True,cis,False,False,False,cis,False,0.31927710843373497,0.14481118049360692,0.46243090112456964,Tier_2_Validate,Adipose
15806,UNCHAR_LOC120096968,LOC120096968,uncharacterized LOC120096968,Chr1: 85.121841,6.004,67.0,Chr1: 85.398518,0.598,Chr1, 85.121841,Chr1, 85.398518,85.121841,85.398518,0.2766769999999923,True,cis,False,True,True,cis,False,0.3145917001338688,0.11923877490336009,0.3518406662630301,Tier_2_Validate,Adipose
19029,UNCHAR_LOC120101891,LOC120101891,uncharacterized LOC120101891,Chr3: 13.538890,6.458,67.0,Chr3: 12.564220,-0.808,Chr3, 13.538890,Chr3, 12.564220,13.53889,12.56422,0.9746699999999997,True,cis,False,True,True,cis,False,0.3145917001338688,0.1816830211121023,0.3736961524360899,Tier_2_Validate,Adipose
16676,UNCHAR_LOC120098218,LOC120098218,uncharacterized LOC120098218,Chr18: 70.169583,3.042,66.8,Chr18: 70.329282,1.19,Chr18, 70.169583,Chr18, 70.329282,70.169583,70.329282,0.15969900000000337,True,cis,False,True,True,cis,False,0.3132530120481927,0.2952720785013381,0.41298378169233574,Tier_2_Validate,Adipose
10899,UNCHAR_LOC102555453,LOC102555453,uncharacterized LOC102555453,ChrX: 1.197282,9.106,66.6,Chr3: 16.490648,0.517,ChrX, 1.197282,Chr3, 16.490648,1.197282,16.490648,inf,False,trans,False,True,True,LOC_UNCHARACTERIZED,True,0.31191432396251667,0.09515313707998811,0.24247361136487666,Tier_3_FlaggedInspect,Adipose
10920,UNCHAR_LOC102555557,LOC102555557,MLV-related proviral Env polyprotein-like,Chr12: 26.822693,2.77,66.6,Chr12: 27.015140,-1.649,Chr12, 26.822693,Chr12, 27.015140,26.822693,27.01514,0.19244699999999781,True,cis,False,False,True,cis,False,0.31191432396251667,0.431757359500446,0.5602850892120369,Tier_2_Validate,Adipose
14915,UNCHAR_LOC120095687,LOC120095687,uncharacterized LOC120095687,Chr11: 76.630584,4.142,66.6,Chr11: 77.035984,-1.15,Chr11, 76.630584,Chr11, 77.035984,76.630584,77.035984,0.4054000000000002,True,cis,False,True,True,cis,False,0.31191432396251667,0.2833779363663395,0.40835229111509963,Tier_2_Validate,Adipose
20959,ENSRNOG00000050784,Macrod2,mono-ADP ribosylhydrolase 2,Chr3: 127.720065,8.238,66.4,Chr3: 129.153371,-1.025,Chr3, 127.720065,Chr3, 129.153371,127.720065,129.153371,1.4333059999999875,True,cis,False,False,False,cis,False,0.3105756358768407,0.24620874219446917,0.49487453232495837,Tier_1_HighConfidence,Adipose
10877,UNCHAR_LOC102555374,LOC102555374,uncharacterized LOC102555374,Chr13: 84.978985,4.778,66.0,Chr13: 84.954509,-0.65,Chr13, 84.978985,Chr13, 84.954509,84.978985,84.954509,0.024475999999992837,True,cis,False,True,True,cis,False,0.3078982597054886,0.13470115967885818,0.3549097967845214,Tier_2_Validate,Adipose
22919,UNCHAR_Npy4r,Npy4r,neuropeptide Y receptor Y4,Chr16: 9.469056,1.262,65.8,Chr16: 9.517626,-1.268,Chr16, 9.469056,Chr16, 9.517626,9.469056,9.517626,0.04856999999999978,True,cis,False,False,False,cis,False,0.30655957161981257,0.3184656556645852,0.5187588295495391,Tier_1_HighConfidence,Adipose
24276,ENSRNOG00000089681,Or6k2,olfactory receptor family 6 subfamily K member 2,Chr13: 86.186441,2.073,65.8,Chr13: 86.622151,1.083,Chr13, 86.186441,Chr13, 86.622151,86.186441,86.622151,0.43571000000000026,True,cis,False,False,False,cis,False,0.30655957161981257,0.26345524829021705,0.4995051869685103,Tier_1_HighConfidence,Adipose
17647,ENSRNOG00000037348,LOC120099798,interferon stimulated exonuclease gene 20 like 1,Chr1: 93.701376,6.85,65.7,Chr1: 93.830128,0.617,Chr1, 93.701376,Chr1, 93.830128,93.701376,93.830128,0.12875200000000575,True,cis,False,False,True,cis,False,0.3058902275769746,0.12488849241748438,0.45077255199806066,Tier_2_Validate,Adipose
18272,UNCHAR_LOC120100724,LOC120100724,uncharacterized LOC120100724,Chr2: 51.952729,5.818,65.7,Chr2: 52.627302,-0.821,Chr2, 51.952729,Chr2, 52.627302,51.952729,52.627302,0.6745730000000023,True,cis,False,True,True,cis,False,0.3058902275769746,0.18554861730597677,0.37200359570903296,Tier_2_Validate,Adipose
583,ENSRNOG00000039504,Albfm1,albumin superfamily member 1,Chr14: 17.525024,2.396,65.5,Chr14: 17.530689,-1.168,Chr14, 17.525024,Chr14, 17.530689,17.525024,17.530689,0.005665000000000475,True,cis,False,False,False,cis,False,0.30455153949129854,0.28873030032708885,0.5076486439364355,Tier_1_HighConfidence,Adipose
11873,UNCHAR_LOC108348488,LOC108348488,uncharacterized LOC108348488,Chr1: 53.829903,4.641,65.3,Chr1: 53.025976,-0.774,Chr1, 53.829903,Chr1, 53.025976,53.829903,53.025976,0.8039270000000016,True,cis,False,True,True,cis,False,0.3032128514056225,0.17157300029735353,0.3661750480960416,Tier_2_Validate,Adipose
2414,ENSRNOG00000042251,Cd300ld,Cd300 molecule-like family member D,Chr10: 100.115852,3.59,65.2,Chr10: 99.574645,-1.202,Chr10, 100.115852,Chr10, 99.574645,100.115852,99.574645,0.541207,True,cis,False,False,False,cis,False,0.30254350736278446,0.2988403211418376,0.5104843399766177,Tier_1_HighConfidence,Adipose
5149,ENSRNOG00000002110,Fam114a1l1,"family with sequence similarity 114, member A1-like 1",Chr9: 111.659570,5.296,64.7,Chr14: 43.285791,0.65,Chr9, 111.659570,Chr14, 43.285791,111.65957,43.285791,inf,False,trans,False,False,False,trans_moderate,True,0.2991967871485944,0.13470115967885818,0.35186428138960835,Tier_3_FlaggedInspect,Adipose
27764,UNCHAR_RT1-CE3,RT1-CE3,"RT1 class I, locus CE3",Chr20: 3.520937,6.85,64.7,Chr20: 4.679209,1.123,Chr20, 3.520937,Chr20, 4.679209,3.520937,4.679209,1.1582720000000002,True,cis,False,False,False,cis,False,0.2991967871485944,0.27534939042521556,0.5010911621508334,Tier_1_HighConfidence,Adipose
1273,ENSRNOG00000030269,Atp2b2,ATPase plasma membrane Ca2+ transporting 2,Chr4: 147.208059,4.507,64.6,Chr4: 145.227332,-1.377,Chr4, 147.208059,Chr4, 145.227332,147.208059,145.227332,1.9807270000000017,True,cis,False,False,False,cis,False,0.2985274431057563,0.3508771929824561,0.5272916226308743,Tier_1_HighConfidence,Adipose
11424,UNCHAR_LOC103691939,LOC103691939,uncharacterized LOC103691939,Chr3: 143.139772,8.354,64.0,Chr8: 79.366724,0.687,Chr3, 143.139772,Chr8, 79.366724,143.139772,79.366724,inf,False,trans,False,True,True,LOC_UNCHARACTERIZED,True,0.29451137884872824,0.1457032411537318,0.25407511700086105,Tier_3_FlaggedInspect,Adipose
9804,UNCHAR_LOC102550304,LOC102550304,uncharacterized LOC102550304,Chr3: 131.526273,5.52,63.9,Chr3: 131.462440,0.678,Chr3, 131.526273,Chr3, 131.462440,131.526273,131.46244,0.06383300000001668,True,cis,False,True,True,cis,False,0.2938420348058902,0.14302705917335715,0.3529041828927365,Tier_2_Validate,Adipose
11440,UNCHAR_LOC103691992,LOC103691992,uncharacterized LOC103691992,Chr3: 164.305928,4.021,63.9,Chr3: 163.652536,-1.057,Chr3, 164.305928,Chr3, 163.652536,164.305928,163.652536,0.6533919999999966,True,cis,False,True,True,cis,False,0.2938420348058902,0.255724055902468,0.3923481317479254,Tier_2_Validate,Adipose
12616,UNCHAR_LOC108351754,LOC108351754,uncharacterized LOC108351754,Chr8: 84.651605,0.955,63.7,Chr8: 84.736853,1.067,Chr8, 84.651605,Chr8, 84.736853,84.651605,84.736853,0.08524799999999289,True,cis,False,True,True,cis,False,0.2925033467202142,0.2586975914362176,0.3929203283547511,Tier_2_Validate,Adipose
10471,UNCHAR_LOC102553363,LOC102553363,uncharacterized LOC102553363,Chr1: 20.663698,1.523,63.6,Chr1: 20.006034,-0.911,Chr1, 20.663698,Chr1, 20.006034,20.663698,20.006034,0.6576640000000005,True,cis,False,True,True,cis,False,0.2918340026773762,0.21231043710972344,0.3764505539254849,Tier_2_Validate,Adipose
16033,ENSRNOG00000061398,LOC120097291,U1 spliceosomal RNA,Chr15: 21.239755,3.425,63.3,Chr6: 72.936638,1.611,Chr15, 21.239755,Chr6, 72.936638,21.239755,72.936638,inf,False,trans,False,False,True,LOC_UNCHARACTERIZED,True,0.2898259705488621,0.42045792447219743,0.4485993632573708,Tier_3_FlaggedInspect,Adipose
27793,ENSRNOG00000073529,RT1-T24-1,"RT1 class I, locus T24, gene 1",Chr20: 2.761494,5.531,62.6,Chr20: 3.601132,0.666,Chr20, 2.761494,Chr20, 3.601132,2.761494,3.601132,0.8396380000000003,True,cis,False,False,False,cis,False,0.285140562248996,0.13945881653285758,0.4486097825736487,Tier_2_Validate,Adipose
27816,ENSRNOG00000000279,Rtn4ip1,reticulon 4 interacting protein 1,Chr20: 47.382250,7.377,62.5,Chr20: 47.342075,0.516,Chr20, 47.382250,Chr20, 47.342075,47.38225,47.342075,0.04017499999999785,True,cis,False,False,False,cis,False,0.28447121820615795,0.09485578352661314,0.43276445060646984,Tier_2_Validate,Adipose
12846,UNCHAR_LOC108352547,LOC108352547,uncharacterized LOC108352547,Chr13: 56.747096,2.015,62.4,Chr13: 56.452309,-1.088,Chr13, 56.747096,Chr13, 56.452309,56.747096,56.452309,0.29478699999999947,True,cis,False,True,True,cis,False,0.2838018741633199,0.2649420160570919,0.3920603615771441,Tier_2_Validate,Adipose
8502,UNCHAR_LOC100360200,LOC100360200,uncharacterized LOC100360200,Chr12: 10.211743,3.988,62.2,Chr12: 9.403643,1.263,Chr12, 10.211743,Chr12, 9.403643,10.211743,9.403643,0.8080999999999996,True,cis,False,True,True,cis,False,0.2824631860776439,0.31697888789771034,0.40980472589137396,Tier_2_Validate,Adipose
32002,ENSRNOG00000004411,Tspan8,tetraspanin 8,Chr7: 51.444945,7.137,62.0,Chr7: 51.760433,-0.804,Chr7, 51.444945,Chr7, 51.760433,51.444945,51.760433,0.315488000000002,True,cis,False,False,False,cis,False,0.28112449799196787,0.18049360689860244,0.46156633671169955,Tier_2_Validate,Adipose
1724,ENSRNOG00000002728,Btc,betacellulin,Chr14: 16.708446,3.978,61.9,Chr14: 17.079721,-1.065,Chr14, 16.708446,Chr14, 17.079721,16.708446,17.079721,0.3712750000000007,True,cis,False,False,False,cis,False,0.28045515394912984,0.2581028843294677,0.48849531339750907,Tier_1_HighConfidence,Adipose
8793,UNCHAR_LOC100911030,LOC100911030,uncharacterized LOC100911030,Chr1: 207.703429,5.861,61.9,Chr1: 208.647015,-0.963,Chr1, 207.703429,Chr1, 208.647015,207.703429,208.647015,0.9435860000000105,True,cis,False,True,True,cis,False,0.28045515394912984,0.22777282188522152,0.377879791542023,Tier_2_Validate,Adipose
8955,UNCHAR_LOC102546433,LOC102546433,uncharacterized LOC102546433,Chr18: 0.125306,6.176,61.8,Chr18: 0.012173,0.554,Chr18, 0.125306,Chr18, 0.012173,0.125306,0.012173,0.113133,True,cis,False,True,True,cis,False,0.2797858099062918,0.10615521855486175,0.33507935996140376,Tier_2_Validate,Adipose
10100,UNCHAR_LOC102551569,LOC102551569,uncharacterized LOC102551569,Chr1: 174.135540,1.072,61.8,Chr1: 175.800813,1.441,Chr1, 174.135540,Chr1, 175.800813,174.13554,175.800813,1.6652730000000133,True,cis,False,True,True,cis,False,0.2797858099062918,0.36990782039845377,0.4273927706066609,Tier_2_Validate,Adipose
31075,ENSRNOG00000021091,Trank1,tetratricopeptide repeat and ankyrin repeat containing 1,Chr8: 111.275972,5.425,61.8,Chr8: 110.719344,-0.934,Chr8, 111.275972,Chr8, 110.719344,111.275972,110.719344,0.5566279999999892,True,cis,False,False,False,cis,False,0.2797858099062918,0.21914956883734762,0.4746273825602738,Tier_2_Validate,Adipose
28908,UNCHAR_Slfn13,Slfn13,uncharacterized Slfn13,Chr10: 67.955911,9.726,61.4,Chr10: 68.317118,-0.504,Chr10, 67.955911,Chr10, 68.317118,67.955911,68.317118,0.3612069999999932,True,cis,False,True,False,cis,False,0.27710843373493976,0.09128754088611359,0.3289385911173687,Tier_2_Validate,Adipose
32664,ENSRNOG00000054736,Vom2r16,"vomeronasal 2 receptor, 16",Chr1: 63.236377,1.133,61.4,Chr1: 63.505542,1.064,Chr1, 63.236377,Chr1, 63.505542,63.236377,63.505542,0.269165000000001,True,cis,False,False,False,cis,False,0.27710843373493976,0.25780553077609275,0.48721988757886137,Tier_1_HighConfidence,Adipose
290,ENSRNOG00000042478,Adam22,ADAM metallopeptidase domain 22,Chr4: 25.716054,7.668,61.1,Chr4: 25.286406,0.567,Chr4, 25.716054,Chr4, 25.286406,25.716054,25.286406,0.42964800000000025,True,cis,False,False,False,cis,False,0.2751004016064257,0.11002081474873623,0.43479242572430665,Tier_2_Validate,Adipose
23031,ENSRNOG00000031136,Ntng1,netrin G1,Chr2: 197.827680,5.885,61.0,Chr2: 196.146024,-0.71,Chr2, 197.827680,Chr2, 196.146024,197.82768,196.146024,1.6816559999999754,True,cis,False,False,False,cis,False,0.27443105756358765,0.15254237288135591,0.4494407006557303,Tier_2_Validate,Adipose
15837,ENSRNOG00000069144,LOC120097004,uncharacterized LOC120097004,Chr15: 35.449433,1.746,60.9,Chr15: 35.414731,1.007,Chr15, 35.449433,Chr15, 35.414731,35.449433,35.414731,0.03470199999999579,True,cis,False,True,True,cis,False,0.2737617135207496,0.24085637823371983,0.38011633211406426,Tier_2_Validate,Adipose
27752,ENSRNOG00000071249,RT1-A3,"RT1 class I, locus A3",Chr20: 4.847572,10.8,60.7,Chr20: 4.680142,0.635,Chr20, 4.847572,Chr20, 4.680142,4.847572,4.680142,0.1674300000000004,True,cis,False,False,False,cis,False,0.27242302543507363,0.1302408563782337,0.4409323586346575,Tier_2_Validate,Adipose
26979,UNCHAR_RGD1563400,RGD1563400,uncharacterized RGD1563400,Chr12: 18.580285,4.983,60.6,Chr12: 19.031953,-1.061,Chr12, 18.580285,Chr12, 19.031953,18.580285,19.031953,0.4516680000000015,True,cis,False,True,False,cis,False,0.2717536813922356,0.2569134701159678,0.3850335030278712,Tier_2_Validate,Adipose
30118,UNCHAR_Tatdn3,Tatdn3,uncharacterized Tatdn3,Chr13: 102.649048,7.616,60.5,Chr13: 102.773533,0.499,Chr13, 102.649048,Chr13, 102.773533,102.649048,102.773533,0.12448500000000706,True,cis,False,True,False,cis,False,0.2710843373493976,0.08980077311923877,0.3263097886640227,Tier_2_Validate,Adipose
10942,ENSRNOG00000074084,LOC102555661,uncharacterized LOC102555661,Chr3: 139.325803,1.607,60.0,Chr3: 138.848480,1.081,Chr3, 139.325803,Chr3, 138.848480,139.325803,138.84848,0.4773230000000126,True,cis,False,True,True,cis,False,0.2677376171352075,0.26286054118346713,0.38570935541153606,Tier_2_Validate,Adipose
195,ENSRNOG00000032508,Acot5,acyl-CoA thioesterase 5,Chr6: 103.701907,1.045,59.6,Chr6: 103.587155,0.985,Chr6, 103.701907,Chr6, 103.587155,103.701907,103.587155,0.11475200000000996,True,cis,False,False,False,cis,False,0.26506024096385544,0.23431460005947072,0.4747811943581641,Tier_2_Validate,Adipose
16384,UNCHAR_LOC120097800,LOC120097800,thymosin beta-10-like,Chr17: 14.135653,6.495,59.4,Chr4: 105.344429,-0.789,Chr17, 14.135653,Chr4, 105.344429,14.135653,105.344429,inf,False,trans,False,False,True,trans_moderate,True,0.2637215528781794,0.17603330359797803,0.35391419976665506,Tier_3_FlaggedInspect,Adipose
26756,UNCHAR_RGD1359290,RGD1359290,uncharacterized RGD1359290,Chr10: 92.373734,8.543,59.1,Chr18: 68.328736,1.399,Chr10, 92.373734,Chr18, 68.328736,92.373734,68.328736,inf,False,trans,False,True,False,trans_moderate,True,0.2617135207496653,0.3574189711567053,0.3166963721672297,Tier_3_FlaggedInspect,Adipose
13789,UNCHAR_LOC120094140,LOC120094140,uncharacterized LOC120094140,Chr8: 48.730792,6.77,59.0,Chr8: 48.395402,0.569,Chr8, 48.730792,Chr8, 48.395402,48.730792,48.395402,0.33539000000000385,True,cis,False,True,True,cis,False,0.2610441767068273,0.11061552185548616,0.3300808944968097,Tier_2_Validate,Adipose
6861,UNCHAR_Hmgb1-ps28,Hmgb1-ps28,"high-mobility group box 1, pseudogene 28",Chr16: 48.746341,3.022,58.6,Chr12: 5.995145,1.819,Chr16, 48.746341,Chr12, 5.995145,48.746341,5.995145,inf,False,trans,True,False,False,PSEUDOGENE_TRANS,True,0.2583668005354752,0.4823074635741897,0.35923599243838267,Tier_3_FlaggedInspect,Adipose
22083,ENSRNOG00000026387,Ms4a12,membrane spanning 4-domains A12,Chr1: 207.894632,5.078,58.6,Chr1: 207.840211,-1.212,Chr1, 207.894632,Chr1, 207.840211,207.894632,207.840211,0.05442099999999073,True,cis,False,False,False,cis,False,0.2583668005354752,0.30181385667558724,0.49606323002387187,Tier_1_HighConfidence,Adipose
4453,ENSRNOG00000016632,Dsg3,desmoglein 3,Chr18: 11.799354,1.439,58.5,Chr18: 12.199016,1.241,Chr18, 11.799354,Chr18, 12.199016,11.799354,12.199016,0.39966200000000107,True,cis,False,False,False,cis,False,0.2576974564926372,0.3104371097234612,0.49884709817563444,Tier_1_HighConfidence,Adipose
22922,ENSRNOG00000017820,Nqo2,N-ribosyldihydronicotinamide:quinone dehydrogenase 2,Chr17: 30.938724,7.736,58.3,Chr17: 30.819586,-0.481,Chr17, 30.938724,Chr17, 30.819586,30.938724,30.819586,0.11913799999999952,True,cis,False,False,False,cis,False,0.25635876840696115,0.08444840915848943,0.4192825121479077,Tier_2_Validate,Adipose
20443,UNCHAR_LOC685453,LOC685453,uncharacterized LOC685453,Chr5: 113.944482,3.322,58.2,Chr5: 113.292868,0.755,Chr5, 113.944482,Chr5, 113.292868,113.944482,113.292868,0.651613999999995,True,cis,False,True,True,cis,False,0.2556894243641232,0.16592328278322926,0.34756444750157334,Tier_2_Validate,Adipose
19280,UNCHAR_LOC120102311,LOC120102311,uncharacterized LOC120102311,Chr4: 105.288959,4.79,58.1,Chr4: 105.344429,-0.683,Chr4, 105.288959,Chr4, 105.344429,105.288959,105.344429,0.055469999999999686,True,cis,False,True,True,cis,False,0.25502008032128515,0.14451382694023196,0.339836867541531,Tier_2_Validate,Adipose
27751,ENSRNOG00000069480,RT1-A2,"RT1 class Ia, locus A2",Chr20: 4.870938,11.794,58.0,Chr20: 3.601132,0.706,Chr20, 4.870938,Chr20, 3.601132,4.870938,3.601132,1.2698059999999995,True,cis,False,False,False,cis,False,0.2543507362784471,0.15135295866785606,0.44199629323120615,Tier_2_Validate,Adipose
25024,ENSRNOG00000014462_1,Pfas,"farnesyltransferase, CAAX box, subunit alpha",Chr10: 53.711810,8.925,57.9,Chr10: 53.742243,-0.469,Chr10, 53.711810,Chr10, 53.742243,53.71181,53.742243,0.030433000000002153,True,cis,False,False,False,cis,False,0.2536813922356091,0.08088016651798988,0.41709654556375964,Tier_2_Validate,Adipose
26134,ENSRNOG00000015072,Ptgr1,prostaglandin reductase 1,Chr5: 73.802623,7.755,57.2,Chr5: 73.809984,-0.938,Chr5, 73.802623,Chr5, 73.809984,73.802623,73.809984,0.0073610000000030595,True,cis,False,False,False,cis,False,0.248995983935743,0.22033898305084743,0.4642672384453066,Tier_2_Validate,Adipose
27761,UNCHAR_RT1-CE15,RT1-CE15,"RT1 class I, locus CE15",Chr20: 3.279073,8.382,57.1,Chr20: 4.680142,0.672,Chr20, 3.279073,Chr20, 4.680142,3.279073,4.680142,1.4010690000000001,True,cis,False,False,False,cis,False,0.24832663989290496,0.14124293785310735,0.43634935221110427,Tier_2_Validate,Adipose
11290,UNCHAR_LOC103691157,LOC103691157,uncharacterized LOC103691157,Chr1: 121.055567,2.183,56.6,Chr1: 121.190327,-0.866,Chr1, 121.055567,Chr1, 121.190327,121.055567,121.190327,0.13476,True,cis,False,True,True,cis,False,0.24497991967871485,0.19892952720785015,0.3553683064102977,Tier_2_Validate,Adipose
10683,UNCHAR_LOC102554403,LOC102554403,uncharacterized LOC102554403,Chr11: 70.656790,1.183,56.4,Chr11: 70.604547,-0.919,Chr11, 70.656790,Chr11, 70.604547,70.65679,70.604547,0.05224300000000426,True,cis,False,True,True,cis,False,0.2436412315930388,0.21468926553672316,0.36041567399541663,Tier_2_Validate,Adipose
4410,ENSRNOG00000025404,Dppa4,developmental pluripotency associated 4,Chr11: 52.578778,2.165,56.3,Chr11: 52.576144,-1.098,Chr11, 52.578778,Chr11, 52.576144,52.578778,52.576144,0.0026340000000004693,True,cis,False,False,False,cis,False,0.24297188755020077,0.2679155515908415,0.4788106036993648,Tier_1_HighConfidence,Adipose
21731,UNCHAR_Mir6321,Mir6321,microRNA 6321,Chr14: 19.459456,2.083,56.1,Chr14: 19.903596,0.952,Chr14, 19.459456,Chr14, 19.903596,19.459456,19.903596,0.44414000000000087,True,cis,False,False,False,cis,False,0.24163319946452477,0.2245019327980969,0.46314729629191753,Tier_2_Validate,Adipose
10841,ENSRNOG00000065630,LOC102555217,zinc finger protein 120-like,Chr3: 138.595664,9.091,55.4,Chr3: 140.097827,-0.436,Chr3, 138.595664,Chr3, 140.097827,138.595664,140.097827,1.502162999999996,True,cis,False,False,True,cis,False,0.2369477911646586,0.07106749925661611,0.40780535164744613,Tier_2_Validate,Adipose
8901,UNCHAR_LOC100912427,LOC100912427,Y box binding protein 1 like 1,Chr1: 171.306091,7.897,55.3,Chr5: 133.068819,0.428,Chr1, 171.306091,Chr5, 133.068819,171.306091,133.068819,inf,False,trans,False,False,True,trans_moderate,True,0.23627844712182058,0.06868867082961641,0.30673849128300296,Tier_3_FlaggedInspect,Adipose
17729,UNCHAR_LOC120099890,LOC120099890,uncharacterized LOC120099890,Chr1: 153.484558,3.019,55.2,Chr1: 153.308472,1.095,Chr1, 153.484558,Chr1, 153.308472,153.484558,153.308472,0.17608599999999797,True,cis,False,True,True,cis,False,0.2356091030789826,0.2670234909307166,0.3759214079033947,Tier_2_Validate,Adipose
16627,UNCHAR_LOC120098153,LOC120098153,uncharacterized LOC120098153,Chr18: 22.110778,1.055,55.1,Chr18: 22.039241,1.049,Chr18, 22.110778,Chr18, 22.039241,22.110778,22.039241,0.0715369999999993,True,cis,False,True,True,cis,False,0.23493975903614459,0.2533452274754683,0.37089974527906444,Tier_2_Validate,Adipose
22441,ENSRNOG00000067962,Nat8f3,N-acetyltransferase 8 (GCN5-related) family member 3,Chr4: 118.246009,6.471,55.1,Chr4: 118.133979,-0.67,Chr4, 118.246009,Chr4, 118.133979,118.246009,118.133979,0.11203000000000429,True,cis,False,False,False,cis,False,0.23493975903614459,0.14064823074635743,0.43145579642387566,Tier_2_Validate,Adipose
2766,ENSRNOG00000006114,Cfap69,cilia and flagella associated protein 69,Chr4: 28.379631,5.904,54.8,Chr4: 28.255022,-0.457,Chr4, 28.379631,Chr4, 28.255022,28.379631,28.255022,0.12460899999999953,True,cis,False,False,False,cis,False,0.2329317269076305,0.07731192387749034,0.40858527777479225,Tier_2_Validate,Adipose
13400,UNCHAR_LOC120093590,LOC120093590,uncharacterized LOC120093590,Chr7: 50.433096,6.747,54.7,Chr7: 50.445816,-1.05,Chr7, 50.433096,Chr7, 50.445816,50.433096,50.445816,0.012720000000001619,True,cis,False,True,True,cis,False,0.2322623828647925,0.2536425810288433,0.3700667373627725,Tier_2_Validate,Adipose
25254,ENSRNOG00000045626,Pkd1l2,polycystin 1 like 2,Chr19: 45.136502,4.332,54.7,Chr19: 45.316201,0.896,Chr19, 45.136502,Chr19, 45.316201,45.136502,45.316201,0.1796989999999994,True,cis,False,False,False,cis,False,0.2322623828647925,0.20785013380909903,0.45403938083586204,Tier_2_Validate,Adipose
26801,UNCHAR_RGD1560017,RGD1560017,uncharacterized RGD1560017,Chr3: 91.267802,5.635,54.7,Chr18: 68.328736,2.044,Chr3, 91.267802,Chr18, 68.328736,91.267802,68.328736,inf,False,trans,False,True,False,MEGA_EFFECT,True,0.2322623828647925,0.5492120130835564,0.37351603858192206,Tier_3_FlaggedInspect,Adipose
5916,ENSRNOG00000000168,Gatm,glycine amidinotransferase,Chr3: 109.675507,8.261,54.5,Chr3: 109.270516,-0.763,Chr3, 109.675507,Chr3, 109.270516,109.675507,109.270516,0.40499099999999544,True,cis,False,False,False,cis,False,0.23092369477911645,0.16830211121022898,0.4397290320962709,Tier_2_Validate,Adipose
28073,ENSRNOG00000009528,Sdcbp2,syndecan binding protein 2,Chr3: 140.060745,8.57,54.5,Chr3: 140.097827,0.453,Chr3, 140.060745,Chr3, 140.097827,140.060745,140.097827,0.03708199999999806,True,cis,False,False,False,cis,False,0.23092369477911645,0.07612250966399049,0.40746617155508746,Tier_2_Validate,Adipose
1746,ENSRNOG00000064738,Btnl8,butyrophilin-like 8,Chr20: 4.264839,2.823,53.9,Chr20: 4.101122,-1.232,Chr20, 4.264839,Chr20, 4.101122,4.264839,4.101122,0.1637170000000001,True,cis,False,False,False,cis,False,0.22690763052208834,0.3077609277430865,0.4871339953928111,Tier_1_HighConfidence,Adipose
3397,ENSRNOG00000000522,Cpne5,copine 5,Chr20: 7.289308,2.726,53.9,Chr20: 7.361183,1.092,Chr20, 7.289308,Chr20, 7.361183,7.289308,7.361183,0.07187499999999947,True,cis,False,False,False,cis,False,0.22690763052208834,0.2661314302705917,0.4725636712774379,Tier_2_Validate,Adipose
19432,UNCHAR_LOC120102499,LOC120102499,uncharacterized LOC120102499,Chr4: 129.420527,1.351,53.9,Chr4: 129.196723,1.111,Chr4, 129.420527,Chr4, 129.196723,129.420527,129.196723,0.22380400000000122,True,cis,False,True,True,cis,False,0.22690763052208834,0.271781147784716,0.37454107240738155,Tier_2_Validate,Adipose
8536,UNCHAR_LOC100361025,LOC100361025,uncharacterized LOC100361025,Chr14: 87.552304,6.119,53.7,Chr1: 95.648114,0.567,Chr14, 87.552304,Chr1, 95.648114,87.552304,95.648114,inf,False,trans,False,True,True,trans_moderate,True,0.22556894243641232,0.11002081474873623,0.217456415014802,Tier_3_FlaggedInspect,Adipose
1872,ENSRNOG00000007256,C5h8orf88,similar to human chromosome 8 open reading frame 88,Chr5: 28.330166,5.442,53.6,Chr5: 28.616757,-1.357,Chr5, 28.330166,Chr5, 28.616757,28.330166,28.616757,0.2865910000000014,True,cis,False,False,False,cis,False,0.2248995983935743,0.34493012191495687,0.4994404021079859,Tier_1_HighConfidence,Adipose
9062,UNCHAR_LOC102546903,LOC102546903,uncharacterized LOC102546903,Chr12: 18.837514,2.6,53.2,Chr12: 19.031953,1.159,Chr12, 18.837514,Chr12, 19.031953,18.837514,19.031953,0.1944390000000027,True,cis,False,True,True,cis,False,0.22222222222222224,0.28605411834671424,0.3778967191991277,Tier_2_Validate,Adipose
18700,ENSRNOG00000056780,LOC120101379,U1 spliceosomal RNA,Chr2: 112.190390,4.21,53.1,Chr6: 72.936638,1.155,Chr2, 112.190390,Chr6, 72.936638,112.19039,72.936638,inf,False,trans,False,False,True,trans_moderate,True,0.2215528781793842,0.2848647041332144,0.3772461538094095,Tier_3_FlaggedInspect,Adipose
23093,ENSRNOG00000004727,Nup37,nucleoporin 37,Chr7: 22.556563,7.473,53.1,Chr7: 22.632021,-0.408,Chr7, 22.556563,Chr7, 22.632021,22.556563,22.632021,0.07545800000000114,True,cis,False,False,False,cis,False,0.2215528781793842,0.06274159976211714,0.39950306727952545,Tier_2_Validate,Adipose
9634,UNCHAR_LOC102549494,LOC102549494,uncharacterized LOC102549494,Chr12: 4.982436,5.745,52.9,Chr12: 4.504911,0.735,Chr12, 4.982436,Chr12, 4.504911,4.982436,4.504911,0.477525,True,cis,False,True,True,cis,False,0.22021419009370816,0.15997621171573,0.3330666406333034,Tier_2_Validate,Adipose
28659,ENSRNOG00000033251,Slc25a52,"solute carrier family 25, member 52",Chr14: 45.398336,4.318,52.8,Chr5: 59.115211,0.701,Chr14, 45.398336,Chr5, 59.115211,45.398336,59.115211,inf,False,trans,False,False,False,trans_moderate,True,0.21954484605087013,0.14986619090098127,0.329293862933148,Tier_3_FlaggedInspect,Adipose
13125,UNCHAR_LOC120093158,LOC120093158,uncharacterized LOC120093158,Chr2: 91.501917,4.342,52.6,Chr2: 90.622770,0.587,Chr2, 91.501917,Chr2, 90.622770,91.501917,90.62277,0.8791470000000032,True,cis,False,True,True,cis,False,0.2182061579651941,0.11596788581623549,0.31696091532350035,Tier_2_Validate,Adipose
15511,UNCHAR_LOC120096582,LOC120096582,uncharacterized LOC120096582,Chr14: 17.483031,1.865,52.5,Chr14: 18.063211,-0.906,Chr14, 17.483031,Chr14, 18.063211,17.483031,18.063211,0.5801799999999986,True,cis,False,True,True,cis,False,0.21753681392235608,0.21082366934284866,0.34992616914282165,Tier_2_Validate,Adipose
6790,ENSRNOG00000003464,Hid1,HID1 domain containing,Chr10: 100.610049,10.153,52.3,Chr10: 100.351953,-0.571,Chr10, 100.610049,Chr10, 100.351953,100.610049,100.351953,0.258096000000009,True,cis,False,False,False,cis,False,0.21619812583668002,0.11121022896223608,0.41459292417962057,Tier_2_Validate,Adipose
28217,ENSRNOG00000042634,Serpina12,serpin family A member 12,Chr6: 122.967270,9.872,52.3,Chr6: 123.067730,-1.632,Chr6, 122.967270,Chr6, 123.067730,122.96727,123.06773,0.10045999999999822,True,cis,False,False,False,cis,False,0.21619812583668002,0.4267023490930716,0.525015166225413,Tier_1_HighConfidence,Adipose
27766,ENSRNOG00000071226,RT1-CE5,"RT1 class I, locus CE5",Chr20: 3.479475,11.786,52.2,Chr20: 3.601132,0.492,Chr20, 3.479475,Chr20, 3.601132,3.479475,3.601132,0.12165700000000035,True,cis,False,False,False,cis,False,0.21552878179384205,0.08771929824561403,0.40613682801380957,Tier_2_Validate,Adipose
18235,UNCHAR_LOC120100680,LOC120100680,uncharacterized LOC120100680,Chr2: 29.788923,1.992,52.1,Chr2: 30.036105,-0.93,Chr2, 29.788923,Chr2, 30.036105,29.788923,30.036105,0.24718199999999868,True,cis,False,True,True,cis,False,0.21485943775100402,0.2179601546238478,0.3514868573311981,Tier_2_Validate,Adipose
26840,UNCHAR_RGD1560860,RGD1560860,uncharacterized RGD1560860,Chr17: 54.808183,1.365,52.1,Chr17: 54.649901,1.016,Chr17, 54.808183,Chr17, 54.649901,54.808183,54.649901,0.1582819999999998,True,cis,False,True,False,cis,False,0.21485943775100402,0.24353256021409456,0.3604371992877845,Tier_2_Validate,Adipose
29554,ENSRNOG00000000172,Sqor,sulfide quinone oxidoreductase,Chr3: 109.841224,9.017,52.1,Chr3: 108.634297,-0.509,Chr3, 109.841224,Chr3, 108.634297,109.841224,108.634297,1.2069269999999932,True,cis,False,False,False,cis,False,0.21485943775100402,0.0927743086529884,0.4076718112413973,Tier_2_Validate,Adipose
4939,ENSRNOG00000026323,Eqtn,equatorin,Chr5: 109.762047,6.962,51.7,Chr5: 109.530252,0.389,Chr5, 109.762047,Chr5, 109.530252,109.762047,109.530252,0.2317949999999911,True,cis,False,False,False,cis,False,0.21218206157965194,0.057091882247992866,0.39424588033967567,Tier_2_Validate,Adipose
17166,UNCHAR_LOC120098896,LOC120098896,uncharacterized LOC120098896,Chr20: 4.865697,7.514,51.6,Chr20: 3.601132,0.619,Chr20, 4.865697,Chr20, 3.601132,4.865697,3.601132,1.2645649999999997,True,cis,False,True,True,cis,False,0.21151271753681392,0.1254831995242343,0.31794857097136686,Tier_2_Validate,Adipose
9439,UNCHAR_LOC102548553,LOC102548553,uncharacterized LOC102548553,Chr4: 72.088277,4.179,51.5,Chr4: 71.606853,-0.761,Chr4, 72.088277,Chr4, 71.606853,72.088277,71.606853,0.48142400000000407,True,cis,False,True,True,cis,False,0.2108433734939759,0.16770740410347906,0.3324927721591092,Tier_2_Validate,Adipose
1975,ENSRNOG00000013260,Calr3,calreticulin 3,Chr16: 17.396088,7.043,51.4,Chr16: 17.484384,0.43,Chr16, 17.396088,Chr16, 17.484384,17.396088,17.484384,0.08829599999999971,True,cis,False,False,False,cis,False,0.21017402945113786,0.06928337793636634,0.3978100925856265,Tier_2_Validate,Adipose
29038,ENSRNOG00000066945,Smpdl3a,"sphingomyelin phosphodiesterase, acid-like 3A",Chr20: 37.132591,11.135,51.4,Chr20: 37.180412,-0.473,Chr20, 37.132591,Chr20, 37.180412,37.132591,37.180412,0.047820999999999,True,cis,False,False,False,cis,False,0.21017402945113786,0.08206958073148973,0.4022852635639197,Tier_2_Validate,Adipose
10553,UNCHAR_LOC102553770,LOC102553770,uncharacterized LOC102553770,Chr2: 31.068284,1.32,51.1,Chr2: 31.931397,-1.258,Chr2, 31.068284,Chr2, 31.931397,31.068284,31.931397,0.863113000000002,True,cis,False,True,True,cis,False,0.20816599732262384,0.31549212013083555,0.3832803411087108,Tier_2_Validate,Adipose
26092,ENSRNOG00000000925,Psph,phosphoserine phosphatase,Chr12: 26.882523,7.999,51.0,Chr12: 27.015140,0.412,Chr12, 26.882523,Chr12, 27.015140,26.882523,27.01514,0.13261699999999976,True,cis,False,False,False,cis,False,0.2074966532797858,0.063931013975617,0.39499968353939097,Tier_2_Validate,Adipose
8818,UNCHAR_LOC100911367,LOC100911367,uncharacterized LOC100911367,Chr18: 31.252491,1.461,50.8,Chr18: 31.650799,1.425,Chr18, 31.252491,Chr18, 31.650799,31.252491,31.650799,0.3983080000000001,True,cis,False,True,True,cis,False,0.20615796519410975,0.36515016354445434,0.3999578450584974,Tier_2_Validate,Adipose
11018,UNCHAR_LOC102556043,LOC102556043,zinc finger protein 431 like 12,Chr1: 93.655246,1.36,50.6,Chr1: 93.830128,0.938,Chr1, 93.655246,Chr1, 93.830128,93.655246,93.830128,0.17488199999999665,True,cis,False,False,True,cis,False,0.20481927710843373,0.22033898305084743,0.44880539105574835,Tier_2_Validate,Adipose
15547,UNCHAR_LOC120096622,LOC120096622,uncharacterized LOC120096622,Chr14: 66.834087,2.917,50.5,Chr14: 66.887304,0.93,Chr14, 66.834087,Chr14, 66.887304,66.834087,66.887304,0.05321700000000362,True,cis,False,True,True,cis,False,0.2041499330655957,0.2179601546238478,0.3477385306913052,Tier_2_Validate,Adipose
3967,ENSRNOG00000057125,Ddr1,discoidin domain receptor tyrosine kinase 1,Chr20: 3.042493,8.326,50.3,Chr20: 2.687516,-0.643,Chr20, 3.042493,Chr20, 2.687516,3.042493,2.687516,0.3549769999999999,True,cis,False,False,False,cis,False,0.20281124497991965,0.13261968480523342,0.4174008254248036,Tier_2_Validate,Adipose
9531,UNCHAR_LOC102549007,LOC102549007,uncharacterized LOC102549007,Chr3: 164.291121,2.027,50.2,Chr3: 164.153483,-1.166,Chr3, 164.291121,Chr3, 164.153483,164.291121,164.153483,0.1376380000000097,True,cis,False,True,True,cis,False,0.20214190093708168,0.28813559322033894,0.37159712295509717,Tier_2_Validate,Adipose
9113,UNCHAR_LOC102547177,LOC102547177,uncharacterized LOC102547177,Chr1: 156.162118,2.774,50.1,Chr1: 156.192687,0.985,Chr1, 156.162118,Chr1, 156.192687,156.162118,156.192687,0.030569000000014057,True,cis,False,True,True,cis,False,0.20147255689424365,0.23431460005947072,0.35252550493379997,Tier_2_Validate,Adipose
20373,UNCHAR_LOC680933,LOC680933,uncharacterized LOC680933,Chr6: 0.192191,7.455,50.0,Chr7: 0.798459,-0.454,Chr6, 0.192191,Chr7, 0.798459,0.192191,0.798459,inf,False,trans,False,True,True,trans_moderate,True,0.20080321285140562,0.07641986321736545,0.19702807662406988,Tier_3_FlaggedInspect,Adipose
6557,ENSRNOG00000069498,Gvinp1,"GTPase, very large interferon inducible 1",Chr1: 160.203002,3.854,49.8,Chr1: 161.575647,1.362,Chr1, 160.203002,Chr1, 161.575647,160.203002,161.575647,1.3726450000000057,True,cis,False,False,False,cis,False,0.19946452476572957,0.3464168896818317,0.49105849505664645,Tier_1_HighConfidence,Adipose
1874,ENSRNOG00000024115,C6,complement C6,Chr2: 53.846027,13.382,49.7,Chr2: 54.732908,0.588,Chr2, 53.846027,Chr2, 54.732908,53.846027,54.732908,0.8868810000000025,True,cis,False,False,False,cis,False,0.19879518072289157,0.11626523936961046,0.41027114703237566,Tier_2_Validate,Adipose
21859,ENSRNOG00000086807,Mmp24os,MMP24 opposite strand,Chr3: 144.324448,9.682,49.4,Chr3: 144.547298,0.372,Chr3, 144.324448,Chr3, 144.547298,144.324448,144.547298,0.22285000000002242,True,cis,False,False,False,cis,False,0.1967871485943775,0.05203687184061849,0.38708840715224857,Tier_2_Validate,Adipose
24703,ENSRNOG00000002035,Paqr3,progestin and adipoQ receptor family member 3,Chr14: 12.462567,8.391,49.4,Chr14: 12.809827,0.464,Chr14, 12.462567,Chr14, 12.809827,12.462567,12.809827,0.34726000000000035,True,cis,False,False,False,cis,False,0.1967871485943775,0.07939339875111508,0.39666319157092245,Tier_2_Validate,Adipose
30731,ENSRNOG00000031348,Tmem232,transmembrane protein 232,Chr9: 105.115736,2.032,49.4,Chr9: 105.308155,-1.103,Chr9, 105.115736,Chr9, 105.308155,105.115736,105.308155,0.192419000000001,True,cis,False,False,False,cis,False,0.1967871485943775,0.2694023193577163,0.4631663137832328,Tier_2_Validate,Adipose
2125,ENSRNOG00000049693,Cbr1l2,carbonyl reductase 1 like 2,Chr11: 32.892639,9.084,49.3,Chr11: 33.102109,-2.285,Chr11, 32.892639,Chr11, 33.102109,32.892639,33.102109,0.20946999999999605,True,cis,False,False,False,cis,False,0.19611780455153946,0.6208742194469224,0.5859472083994616,Tier_1_HighConfidence,Adipose
6668,UNCHAR_Hbb-b1,Hbb-b1,"hemoglobin, beta adult major chain",Chr1: 158.231674,10.524,49.3,Chr1: 158.468568,1.123,Chr1, 158.231674,Chr1, 158.468568,158.231674,158.468568,0.2368940000000066,True,cis,False,False,False,cis,False,0.19611780455153946,0.27534939042521556,0.4650135182418642,Tier_2_Validate,Adipose
3632,ENSRNOG00000016496,Ctsc,cathepsin C,Chr1: 142.028385,10.563,49.2,Chr1: 142.042856,-0.529,Chr1, 142.028385,Chr1, 142.042856,142.028385,142.042856,0.014471000000014556,True,cis,False,False,False,cis,False,0.1954484605087015,0.09872137972048767,0.4029594440802162,Tier_2_Validate,Adipose
8700,UNCHAR_LOC100909671,LOC100909671,uncharacterized LOC100909671,Chr10: 100.126303,4.984,49.1,Chr10: 99.846935,0.975,Chr10, 100.126303,Chr10, 99.846935,100.126303,99.846935,0.27936799999999096,True,cis,False,True,True,cis,False,0.19477911646586346,0.2313410645257211,0.3491420633470546,Tier_2_Validate,Adipose
27794,UNCHAR_RT1-T24-2,RT1-T24-2,"RT1 class I, locus T24, gene 2",Chr20: 2.738658,6.224,49.1,Chr20: 2.611182,0.592,Chr20, 2.738658,Chr20, 2.611182,2.738658,2.611182,0.12747600000000014,True,cis,False,False,False,cis,False,0.19477911646586346,0.1174546535831103,0.4092818195171408,Tier_2_Validate,Adipose
30583,ENSRNOG00000000033,Tmcc2,transmembrane and coiled-coil domain family 2,Chr13: 43.831715,7.431,48.9,Chr1: 231.862988,0.909,Chr13, 43.831715,Chr1, 231.862988,43.831715,231.862988,inf,False,trans,False,False,False,trans_moderate,True,0.1934404283801874,0.21171573000297353,0.3418046554341063,Tier_3_FlaggedInspect,Adipose
5171,ENSRNOG00000021693,Fam149a,"family with sequence similarity 149, member A",Chr16: 46.855376,8.533,48.8,Chr16: 46.596353,-0.39,Chr16, 46.855376,Chr16, 46.596353,46.855376,46.596353,0.2590229999999991,True,cis,False,False,False,cis,False,0.19277108433734938,0.05738923580136783,0.387556112048551,Tier_2_Validate,Adipose
17201,UNCHAR_LOC120098942,LOC120098942,uncharacterized LOC120098942,Chr20: 44.943037,0.67,48.7,Chr20: 44.128952,-1.054,Chr20, 44.943037,Chr20, 44.128952,44.943037,44.128952,0.8140849999999986,True,cis,False,True,True,cis,False,0.19210174029451138,0.2548319952423431,0.356426807437899,Tier_2_Validate,Adipose
27790,ENSRNOG00000032664,RT1-S2,"RT1 class Ib, locus S2",Chr20: 2.650232,1.166,48.3,Chr20: 2.611182,0.983,Chr20, 2.650232,Chr20, 2.611182,2.650232,2.611182,0.03905000000000003,True,cis,False,False,False,cis,False,0.18942436412315927,0.2337198929527208,0.44810048997655805,Tier_2_Validate,Adipose
1394,ENSRNOG00000061346,B3glct,beta 3-glucosyltransferase,Chr12: 5.346806,8.748,48.2,Chr12: 5.017960,0.374,Chr12, 5.346806,Chr12, 5.017960,5.346806,5.01796,0.3288459999999995,True,cis,False,False,False,cis,False,0.1887550200803213,0.05263157894736842,0.3844853096596914,Tier_2_Validate,Adipose
1744,UNCHAR_Btnl5,Btnl5,butyrophilin-like 5,Chr20: 4.366779,0.831,48.2,Chr20: 4.679209,-1.076,Chr20, 4.366779,Chr20, 4.679209,4.366779,4.679209,0.31243,True,cis,False,False,False,cis,False,0.1887550200803213,0.26137377341659235,0.4575450777239197,Tier_2_Validate,Adipose
3570,ENSRNOG00000005195,Cst3,cystatin C,Chr3: 136.340795,13.127,48.2,Chr3: 136.490118,-0.469,Chr3, 136.340795,Chr3, 136.490118,136.340795,136.490118,0.14932299999998122,True,cis,False,False,False,cis,False,0.1887550200803213,0.08088016651798988,0.39437231530940886,Tier_2_Validate,Adipose
10807,ENSRNOG00000071122,LOC102555043,uncharacterized LOC102555043,Chr13: 102.802660,2.883,48.2,Chr13: 101.534140,-0.856,Chr13, 102.802660,Chr13, 101.534140,102.80266,101.53414,1.2685200000000094,True,cis,False,True,True,cis,False,0.1887550200803213,0.19595599167410052,0.33464885411404766,Tier_2_Validate,Adipose
26236,ENSRNOG00000016975,Pxmp4,peroxisomal membrane protein 4,Chr3: 143.110619,7.255,47.9,Chr3: 142.720320,-0.481,Chr3, 143.110619,Chr3, 142.720320,143.110619,142.72032,0.39029900000002726,True,cis,False,False,False,cis,False,0.18674698795180722,0.08444840915848943,0.39491838898860376,Tier_2_Validate,Adipose
26952,UNCHAR_RGD1562844,RGD1562844,uncharacterized RGD1562844,Chr17: 31.386217,0.496,47.6,Chr17: 31.438420,-0.751,Chr17, 31.386217,Chr17, 31.438420,31.386217,31.43842,0.05220300000000222,True,cis,False,True,False,cis,False,0.18473895582329317,0.16473386856972944,0.32231548853755787,Tier_2_Validate,Adipose
340,UNCHAR_Adat2,Adat2,"adenosine deaminase, tRNA-specific 2",Chr1: 7.954519,6.883,47.4,Chr1: 7.181875,0.472,Chr1, 7.954519,Chr1, 7.181875,7.954519,7.181875,0.7726440000000006,True,cis,False,False,False,cis,False,0.1834002677376171,0.08177222717811476,0.39281037322050616,Tier_2_Validate,Adipose
6867,ENSRNOG00000011193,Hmgcll1,3-hydroxy-3-methylglutaryl-CoA lyase like 1,Chr8: 76.757300,4.885,47.3,Chr8: 77.002080,0.652,Chr8, 76.757300,Chr8, 77.002080,76.7573,77.00208,0.24478000000000577,True,cis,False,False,False,cis,False,0.18273092369477908,0.1352958667856081,0.4113093766681355,Tier_2_Validate,Adipose
16079,UNCHAR_LOC120097360,LOC120097360,uncharacterized LOC120097360,Chr1: 196.090053,3.402,47.2,Chr1: 196.761300,-0.728,Chr1, 196.090053,Chr1, 196.761300,196.090053,196.7613,0.6712469999999939,True,cis,False,True,True,cis,False,0.1820615796519411,0.15789473684210523,0.31898471077291624,Tier_2_Validate,Adipose
27405,ENSRNOG00000056116,Rnu1-39,"RNA, U1 small nuclear 39",Chr3: 136.257920,1.758,47.1,Chr6: 72.936638,1.038,Chr3, 136.257920,Chr6, 72.936638,136.25792,72.936638,inf,False,trans,False,False,False,trans_moderate,True,0.1813922356091031,0.25007433838834375,0.35101330089910643,Tier_3_FlaggedInspect,Adipose
6830,UNCHAR_Hist2h2aa2,Hist2h2aa2,histone cluster 2 H2A family member A2,Chr2: 183.801890,8.127,47.0,Chr2: 183.798575,1.587,Chr2, 183.801890,Chr2, 183.798575,183.80189,183.798575,0.003314999999986412,True,cis,False,False,False,cis,False,0.18072289156626506,0.4133214391911983,0.5079155157651121,Tier_1_HighConfidence,Adipose
1870,ENSRNOG00000026169,C5h1orf87,similar to human chromosome 1 open reading frame 87,Chr5: 111.411575,1.24,46.8,Chr5: 111.411343,-0.885,Chr5, 111.411575,Chr5, 111.411343,111.411575,111.411343,0.00023199999999690135,True,cis,False,False,False,cis,False,0.179384203480589,0.20457924472197442,0.43438720687089716,Tier_2_Validate,Adipose
26657,ENSRNOG00000014090,Retsat,retinol saturase,Chr4: 104.653305,15.233,46.6,Chr4: 104.785882,-0.48,Chr4, 104.653305,Chr4, 104.785882,104.653305,104.785882,0.13257699999999772,True,cis,False,False,False,cis,False,0.17804551539491298,0.08415105560511447,0.39176879985000956,Tier_2_Validate,Adipose
3422,ENSRNOG00000015902,Cpxm2,"carboxypeptidase X (M14 family), member 2",Chr1: 186.947221,9.134,46.5,Chr1: 186.963051,-0.735,Chr1, 186.947221,Chr1, 186.963051,186.947221,186.963051,0.015829999999994016,True,cis,False,False,False,cis,False,0.17737617135207495,0.15997621171573,0.4180733340737317,Tier_2_Validate,Adipose
14097,UNCHAR_LOC120094596,LOC120094596,uncharacterized LOC120094596,Chr9: 0.413569,1.993,46.5,Chr7: 0.194932,0.929,Chr9, 0.413569,Chr7, 0.194932,0.413569,0.194932,inf,False,trans,False,True,True,trans_moderate,True,0.17737617135207495,0.21766280107047278,0.23826364034789171,Tier_3_FlaggedInspect,Adipose
18725,UNCHAR_LOC120101456,LOC120101456,uncharacterized LOC120101456,Chr3: 110.284853,3.518,46.5,Chr2: 122.277665,0.869,Chr3, 110.284853,Chr2, 122.277665,110.284853,122.277665,inf,False,trans,False,True,True,trans_moderate,True,0.17737617135207495,0.199821587867975,0.23201921572701747,Tier_3_FlaggedInspect,Adipose
11759,UNCHAR_LOC103694354,LOC103694354,uncharacterized LOC103694354,Chr19: 50.620703,5.317,46.4,Chr19: 50.602551,-0.582,Chr19, 50.620703,Chr19, 50.602551,50.620703,50.602551,0.018152000000000612,True,cis,False,True,True,cis,False,0.17670682730923692,0.11448111804936068,0.3019157808755092,Tier_2_Validate,Adipose
6497,ENSRNOG00000001242,Gstt3,"glutathione S-transferase, theta 3",Chr20: 12.875183,10.729,46.3,Chr20: 12.773685,1.02,Chr20, 12.875183,Chr20, 12.773685,12.875183,12.773685,0.10149799999999942,True,cis,False,False,False,cis,False,0.1760374832663989,0.24472197442759439,0.4472658101928977,Tier_2_Validate,Adipose
11194,UNCHAR_LOC103690428,LOC103690428,uncharacterized LOC103690428,Chr7: 90.389901,3.054,46.3,Chr7: 90.263240,-0.947,Chr7, 90.389901,Chr7, 90.263240,90.389901,90.26324,0.12666099999999858,True,cis,False,True,True,cis,False,0.1760374832663989,0.22301516503122212,0.3396684269041674,Tier_2_Validate,Adipose
30702,ENSRNOG00000047783,Tmem200a,transmembrane protein 200A,Chr1: 19.323645,3.543,46.3,Chr1: 19.651811,-1.08,Chr1, 19.323645,Chr1, 19.651811,19.323645,19.651811,0.3281659999999995,True,cis,False,False,False,cis,False,0.1760374832663989,0.2625631876300922,0.45351023481377184,Tier_2_Validate,Adipose
6399,ENSRNOG00000024651,Greb1,growth regulating estrogen receptor binding 1,Chr6: 39.562363,6.173,46.0,Chr6: 39.599091,1.064,Chr6, 39.562363,Chr6, 39.599091,39.562363,39.599091,0.03672800000000365,True,cis,False,False,False,cis,False,0.17402945113788487,0.25780553077609275,0.4511422436698921,Tier_2_Validate,Adipose
19835,UNCHAR_LOC120103114,LOC120103114,uncharacterized LOC120103114,Chr5: 112.442855,6.312,46.0,Chr5: 112.457794,-0.421,Chr5, 112.442855,Chr5, 112.457794,112.442855,112.457794,0.01493900000001247,True,cis,False,True,True,cis,False,0.17402945113788487,0.06660719595599167,0.2842228264828568,Tier_2_Validate,Adipose
21086,ENSRNOG00000090872,Map6d1,MAP6 domain containing 1,Chr11: 80.734147,5.378,46.0,Chr11: 81.008767,0.768,Chr11, 80.734147,Chr11, 81.008767,80.734147,81.008767,0.27462000000001296,True,cis,False,False,False,cis,False,0.17402945113788487,0.16978887897710376,0.42033641554024603,Tier_2_Validate,Adipose
18863,UNCHAR_LOC120101645,LOC120101645,uncharacterized LOC120101645,Chr3: 109.684141,2.076,45.8,Chr3: 109.771053,-1.05,Chr3, 109.684141,Chr3, 109.771053,109.684141,109.771053,0.0869119999999981,True,cis,False,True,True,cis,False,0.17269076305220882,0.2536425810288433,0.34921667042836824,Tier_2_Validate,Adipose
27122,UNCHAR_RGD1566006,RGD1566006,uncharacterized RGD1566006,Chr12: 17.732680,3.926,45.8,Chr12: 19.031953,0.811,Chr12, 17.732680,Chr12, 19.031953,17.73268,19.031953,1.299273000000003,True,cis,False,True,False,cis,False,0.17269076305220882,0.1825750817722272,0.3243430456885526,Tier_2_Validate,Adipose
13132,UNCHAR_LOC120093165,LOC120093165,uncharacterized LOC120093165,Chr2: 52.023028,4.391,45.7,Chr2: 52.627302,-1.195,Chr2, 52.023028,Chr2, 52.627302,52.023028,52.627302,0.6042740000000038,True,cis,False,True,True,cis,False,0.17202141900937082,0.2967588462682129,0.3640730928471543,Tier_2_Validate,Adipose
21248,ENSRNOG00000032813,Mdc1,mediator of DNA damage checkpoint 1,Chr20: 2.912393,7.957,45.6,Chr20: 2.611182,-0.417,Chr20, 2.912393,Chr20, 2.611182,2.912393,2.611182,0.3012109999999999,True,cis,False,False,False,cis,False,0.1713520749665328,0.06541778174249181,0.3828694498481586,Tier_2_Validate,Adipose
33610,ENSRNOG00000057989,Zp2,zona pellucida glycoprotein 2,Chr1: 174.525287,2.044,45.4,Chr1: 174.151110,-1.158,Chr1, 174.525287,Chr1, 174.151110,174.525287,174.15111,0.3741770000000031,True,cis,False,False,False,cis,False,0.17001338688085674,0.2857567647933392,0.4595195530859686,Tier_2_Validate,Adipose
10348,UNCHAR_LOC102552725,LOC102552725,uncharacterized LOC102552725,Chr11: 25.048702,9.11,45.3,Chr11: 25.911036,0.398,Chr11, 25.048702,Chr11, 25.911036,25.048702,25.911036,0.8623340000000006,True,cis,False,True,True,cis,False,0.1693440428380187,0.059768064228367536,0.2801892374732352,Tier_2_Validate,Adipose
14322,ENSRNOG00000057331,LOC120094884,U1 spliceosomal RNA,Chr9: 1.931715,2.12,45.3,Chr6: 72.936638,1.178,Chr9, 1.931715,Chr6, 72.936638,1.931715,72.936638,inf,False,trans,False,False,True,trans_moderate,True,0.1693440428380187,0.2917038358608385,0.3613667575446,Tier_3_FlaggedInspect,Adipose
1646,ENSRNOG00000017577,Bphl,biphenyl hydrolase like,Chr17: 30.837276,9.161,45.1,Chr17: 30.819586,0.445,Chr17, 30.837276,Chr17, 30.819586,30.837276,30.819586,0.017689999999998207,True,cis,False,False,False,cis,False,0.1680053547523427,0.07374368123699078,0.38461216259626674,Tier_2_Validate,Adipose
4273,ENSRNOG00000015581,Dnah6,"dynein, axonemal, heavy chain 6",Chr4: 105.284360,5.661,45.1,Chr4: 105.344429,-0.623,Chr4, 105.284360,Chr4, 105.344429,105.28436,105.344429,0.060068999999998596,True,cis,False,False,False,cis,False,0.1680053547523427,0.12667261373773417,0.4031372889715269,Tier_2_Validate,Adipose
26887,UNCHAR_RGD1561730,RGD1561730,uncharacterized RGD1561730,Chr12: 18.216470,3.857,45.1,Chr12: 19.031953,-0.892,Chr12, 18.216470,Chr12, 19.031953,18.21647,19.031953,0.8154830000000004,True,cis,False,True,False,cis,False,0.1680053547523427,0.20666071959559917,0.3311331260217797,Tier_2_Validate,Adipose
11140,UNCHAR_LOC102557269,LOC102557269,uncharacterized LOC102557269,Chr5: 49.791190,3.075,45.0,Chr5: 49.912070,0.786,Chr5, 49.791190,Chr5, 49.912070,49.79119,49.91207,0.12087999999999965,True,cis,False,True,True,cis,False,0.16733601070950468,0.1751412429378531,0.3198670387765752,Tier_2_Validate,Adipose
6495,ENSRNOG00000049771,Gstt1,glutathione S-transferase theta 1,Chr20: 12.856612,9.217,44.9,Chr20: 13.278239,-0.528,Chr20, 12.856612,Chr20, 13.278239,12.856612,13.278239,0.4216269999999991,True,cis,False,False,False,cis,False,0.16666666666666666,0.0984240261671127,0.39278174249182274,Tier_2_Validate,Adipose
10056,UNCHAR_LOC102551372,LOC102551372,uncharacterized LOC102551372,Chr5: 21.749063,6.156,44.8,Chr5: 20.965022,0.544,Chr5, 21.749063,Chr5, 20.965022,21.749063,20.965022,0.7840409999999984,True,cis,False,True,True,cis,False,0.16599732262382863,0.10318168302111211,0.29421265197572927,Tier_2_Validate,Adipose
9613,UNCHAR_LOC102549403,LOC102549403,uncharacterized LOC102549403,Chr7: 50.423294,3.339,44.7,Chr7: 50.445816,-0.992,Chr7, 50.423294,Chr7, 50.445816,50.423294,50.445816,0.02252200000000215,True,cis,False,True,True,cis,False,0.16532797858099063,0.23639607493309542,0.3406034187299301,Tier_2_Validate,Adipose
12645,UNCHAR_LOC108351885,LOC108351885,uncharacterized LOC108351885,Chr9: 10.025220,3.91,44.7,Chr9: 9.211178,-0.762,Chr9, 10.025220,Chr9, 9.211178,10.02522,9.211178,0.8140419999999988,True,cis,False,True,True,cis,False,0.16532797858099063,0.168004757656854,0.31666645768324564,Tier_2_Validate,Adipose
26322,ENSRNOG00000008001,Rab3b,"RAB3B, member RAS oncogene family",Chr5: 123.629561,7.623,44.7,Chr5: 122.524709,0.943,Chr5, 123.629561,Chr5, 122.524709,123.629561,122.524709,1.104851999999994,True,cis,False,False,False,cis,False,0.16532797858099063,0.22182575081772227,0.43550380528954946,Tier_2_Validate,Adipose
1166,ENSRNOG00000059765,Asic1,acid sensing ion channel subunit 1,Chr7: 130.798316,3.788,44.6,Chr7: 131.242066,0.706,Chr7, 130.798316,Chr7, 131.242066,130.798316,131.242066,0.4437499999999943,True,cis,False,False,False,cis,False,0.1646586345381526,0.15135295866785606,0.41060405762210306,Tier_2_Validate,Adipose
10848,UNCHAR_LOC102555240,LOC102555240,uncharacterized LOC102555240,Chr10: 0.990682,2.104,44.5,Chr10: 1.082663,0.803,Chr10, 0.990682,Chr10, 1.082663,0.990682,1.082663,0.09198099999999998,True,cis,False,True,True,cis,False,0.16398929049531458,0.18019625334522751,0.3204649403441897,Tier_2_Validate,Adipose
28443,ENSRNOG00000021474,Siglec5,sialic acid binding Ig-like lectin 5,Chr1: 93.768189,9.046,44.5,Chr1: 92.967471,-0.585,Chr1, 93.768189,Chr1, 92.967471,93.768189,92.967471,0.8007180000000034,True,cis,False,False,False,cis,False,0.16398929049531458,0.11537317870948556,0.39777686422168,Tier_2_Validate,Adipose
8127,ENSRNOG00000070593,Krtap16-1,keratin associated protein 16-1,Chr10: 84.916983,1.537,44.4,Chr10: 84.798077,-1.345,Chr10, 84.916983,Chr10, 84.798077,84.916983,84.798077,0.11890599999999552,True,cis,False,False,False,cis,False,0.16331994645247655,0.3413618792744573,0.4766386390044268,Tier_2_Validate,Adipose
20858,ENSRNOG00000003244,Ltc4s,leukotriene C4 synthase,Chr10: 34.562789,6.783,44.4,Chr10: 34.244081,-0.593,Chr10, 34.562789,Chr10, 34.244081,34.562789,34.244081,0.3187080000000009,True,cis,False,False,False,cis,False,0.16331994645247655,0.11775200713648527,0.3983751837561367,Tier_2_Validate,Adipose
4128,ENSRNOG00000082925,Dhfr,dihydrofolate reductase,Chr2: 23.585875,5.485,44.3,Chr2: 24.478320,0.496,Chr2, 23.585875,Chr2, 24.478320,23.585875,24.47832,0.8924449999999986,True,cis,False,False,False,cis,False,0.16265060240963852,0.08890871245911389,0.38804576020406334,Tier_2_Validate,Adipose
28232,ENSRNOG00000002583,Serpinb11,serpin family B member 11,Chr13: 23.304774,0.389,44.0,Chr13: 23.525450,0.663,Chr13, 23.304774,Chr13, 23.525450,23.304774,23.52545,0.22067600000000098,True,cis,False,False,False,cis,False,0.1606425702811245,0.13856675587273268,0.40472326415384996,Tier_2_Validate,Adipose
24281,ENSRNOG00000077027,Or6n2,olfactory receptor family 6 subfamily N member 2,Chr13: 86.076856,3.247,43.9,Chr13: 86.622151,0.725,Chr13, 86.076856,Chr13, 86.622151,86.076856,86.622151,0.5452949999999959,True,cis,False,False,False,cis,False,0.15997322623828647,0.15700267618198038,0.4109415658470934,Tier_2_Validate,Adipose
11641,ENSRNOG00000066982,LOC103693502,zinc finger protein 431-like,Chr9: 113.729582,6.629,43.7,Chr9: 113.311047,0.445,Chr9, 113.729582,Chr9, 113.311047,113.729582,113.311047,0.41853499999999144,True,cis,False,False,True,cis,False,0.15863453815261044,0.07374368123699078,0.38133237678636045,Tier_2_Validate,Adipose
27113,UNCHAR_RGD1565779,RGD1565779,uncharacterized RGD1565779,Chr18: 28.295203,1.921,43.7,Chr18: 29.534165,-1.387,Chr18, 28.295203,Chr18, 29.534165,28.295203,29.534165,1.2389620000000008,True,cis,False,True,False,cis,False,0.15863453815261044,0.35385072851620575,0.37936984333408563,Tier_2_Validate,Adipose
6093,ENSRNOG00000007561,Glb1l2,"galactosidase, beta 1-like 2",Chr8: 25.166842,2.038,43.6,Chr8: 25.570084,-0.976,Chr8, 25.166842,Chr8, 25.570084,25.166842,25.570084,0.4032420000000023,True,cis,False,False,False,cis,False,0.15796519410977242,0.23163841807909602,0.436361264266104,Tier_2_Validate,Adipose
7399,ENSRNOG00000012375,Inpp1,inositol polyphosphate-1-phosphatase,Chr9: 48.688036,9.392,43.3,Chr9: 48.546520,-0.409,Chr9, 48.688036,Chr9, 48.546520,48.688036,48.54652,0.14151599999999576,True,cis,False,False,False,cis,False,0.15595716198125834,0.06303895331549211,0.3766486403538627,Tier_2_Validate,Adipose
12677,UNCHAR_LOC108351976,LOC108351976,uncharacterized LOC108351976,Chr9: 98.857960,4.184,43.3,Chr9: 97.359745,-0.803,Chr9, 98.857960,Chr9, 97.359745,98.85796,97.359745,1.4982150000000019,True,cis,False,True,True,cis,False,0.15595716198125834,0.18019625334522751,0.31765369536427,Tier_2_Validate,Adipose
20206,UNCHAR_LOC259244,LOC259244,uncharacterized LOC259244,Chr5: 74.912889,2.347,43.3,Chr5: 74.310359,1.319,Chr5, 74.912889,Chr5, 74.310359,74.912889,74.310359,0.6025300000000016,True,cis,False,True,True,cis,False,0.15595716198125834,0.33363068688670827,0.37135574710378827,Tier_2_Validate,Adipose
1743,ENSRNOG00000068088,Btnl4,butyrophilin-like 4,Chr20: 4.231349,0.714,43.2,Chr20: 4.679209,-1.004,Chr20, 4.231349,Chr20, 4.679209,4.231349,4.679209,0.44786000000000037,True,cis,False,False,False,cis,False,0.15528781793842036,0.239964317573595,0.43833824742920535,Tier_2_Validate,Adipose
25023,ENSRNOG00000028015,Pf4,platelet factor 4,Chr14: 17.299219,7.98,42.9,Chr14: 17.530689,-0.472,Chr14, 17.299219,Chr14, 17.530689,17.299219,17.530689,0.23146999999999807,True,cis,False,False,False,cis,False,0.15327978580990628,0.08177222717811476,0.38226820454580734,Tier_2_Validate,Adipose
9389,UNCHAR_LOC102548352,LOC102548352,uncharacterized LOC102548352,Chr8: 118.817450,4.986,42.8,Chr8: 118.892957,-0.555,Chr8, 118.817450,Chr8, 118.892957,118.81745,118.892957,0.07550700000000177,True,cis,False,True,True,cis,False,0.15261044176706826,0.1064525721082367,0.2906720548563567,Tier_2_Validate,Adipose
10490,UNCHAR_LOC102553457,LOC102553457,uncharacterized LOC102553457,Chr1: 20.935165,3.386,42.8,Chr1: 21.009060,-0.641,Chr1, 20.935165,Chr1, 21.009060,20.935165,21.00906,0.07389500000000027,True,cis,False,True,True,cis,False,0.15261044176706826,0.1320249776984835,0.2996223968129431,Tier_2_Validate,Adipose
26771,UNCHAR_RGD1559588,RGD1559588,uncharacterized RGD1559588,Chr12: 17.398843,4.169,42.8,Chr12: 17.449158,1.049,Chr12, 17.398843,Chr12, 17.449158,17.398843,17.449158,0.05031500000000122,True,cis,False,True,False,cis,False,0.15261044176706826,0.2533452274754683,0.3420844842348878,Tier_2_Validate,Adipose
23325,ENSRNOG00000016768,Oprl1,opioid related nociceptin receptor 1,Chr3: 168.831933,0.962,42.7,Chr3: 168.114441,0.772,Chr3, 168.831933,Chr3, 168.114441,168.831933,168.114441,0.7174919999999929,True,cis,False,False,False,cis,False,0.15194109772423026,0.17097829319060362,0.41302178682019186,Tier_2_Validate,Adipose
19297,ENSRNOG00000077167,LOC120102331,uncharacterized LOC120102331,Chr4: 120.366388,3.743,42.6,Chr4: 114.991264,1.043,Chr4, 120.366388,Chr4, 114.991264,120.366388,114.991264,5.375124,False,trans,False,True,True,trans_moderate,True,0.15127175368139223,0.25156110615521854,0.24099150094281377,Tier_3_FlaggedInspect,Adipose
12495,UNCHAR_LOC108351294,LOC108351294,uncharacterized LOC108351294,Chr6: 122.953903,2.774,42.5,Chr6: 123.067730,-1.296,Chr6, 122.953903,Chr6, 123.067730,122.953903,123.06773,0.11382700000000057,True,cis,False,True,True,cis,False,0.1506024096385542,0.32679155515908415,0.36708788767917344,Tier_2_Validate,Adipose
12953,UNCHAR_LOC108352885,LOC108352885,uncharacterized LOC108352885,Chr15: 9.951774,6.013,42.5,Chr15: 10.208703,-0.562,Chr15, 9.951774,Chr15, 10.208703,9.951774,10.208703,0.2569289999999995,True,cis,False,True,True,cis,False,0.1506024096385542,0.10853404698186145,0.2906977598171455,Tier_2_Validate,Adipose
27130,UNCHAR_RGD1566099,RGD1566099,uncharacterized RGD1566099,Chr13: 50.418973,5.758,42.5,Chr13: 50.307539,0.369,Chr13, 50.418973,Chr13, 50.307539,50.418973,50.307539,0.1114340000000027,True,cis,False,True,False,cis,False,0.1506024096385542,0.051144811180493605,0.2706115272866667,Tier_2_Validate,Adipose
30916,ENSRNOG00000014464,Tnfsf13b,TNF superfamily member 13b,Chr16: 79.492887,6.608,42.5,Chr16: 79.457688,0.524,Chr16, 79.492887,Chr16, 79.457688,79.492887,79.457688,0.03519899999999154,True,cis,False,False,False,cis,False,0.1506024096385542,0.09723461195361285,0.3867429575572585,Tier_2_Validate,Adipose
11993,UNCHAR_LOC108348977,LOC108348977,uncharacterized LOC108348977,Chr19: 54.622765,1.942,42.4,Chr19: 54.681161,-0.809,Chr19, 54.622765,Chr19, 54.681161,54.622765,54.681161,0.05839600000000189,True,cis,False,True,True,cis,False,0.14993306559571618,0.18198037466547728,0.31616970409141776,Tier_2_Validate,Adipose
18943,UNCHAR_LOC120101770,LOC120101770,protein NDRG3-like,Chr3: 145.584912,3.071,42.3,Chr3: 145.190228,1.268,Chr3, 145.584912,Chr3, 145.190228,145.584912,145.190228,0.39468400000001225,True,cis,False,False,True,cis,False,0.14926372155287815,0.3184656556645852,0.46370528202611216,Tier_2_Validate,Adipose
1857,ENSRNOG00000004062,C4bpa,"complement component 4 binding protein, alpha",Chr13: 42.111204,7.991,42.2,Chr13: 42.434735,0.705,Chr13, 42.111204,Chr13, 42.434735,42.111204,42.434735,0.3235310000000027,True,cis,False,False,False,cis,False,0.14859437751004018,0.15105560511448113,0.4048774939185824,Tier_2_Validate,Adipose
2446,ENSRNOG00000006604_2,Cd7,Thy-1 cell surface antigen,Chr10: 106.306962,4.517,42.2,Chr10: 105.235480,-0.944,Chr10, 106.306962,Chr10, 105.235480,106.306962,105.23548,1.0714820000000032,True,cis,False,False,False,cis,False,0.14859437751004018,0.2221231043710972,0.4297511186583981,Tier_2_Validate,Adipose
17843,UNCHAR_LOC120100024,LOC120100024,uncharacterized LOC120100024,Chr1: 233.599641,7.516,42.1,Chr1: 233.311150,-0.393,Chr1, 233.599641,Chr1, 233.311150,233.599641,233.31115,0.2884909999999934,True,cis,False,True,True,cis,False,0.14792503346720215,0.058281296461492715,0.2721722154750432,Tier_2_Validate,Adipose
5672,ENSRNOG00000042605,Fpr2,formyl peptide receptor 2,Chr1: 58.776591,1.666,41.9,Chr1: 58.660722,-0.956,Chr1, 58.776591,Chr1, 58.660722,58.776591,58.660722,0.11586900000000355,True,cis,False,False,False,cis,False,0.1465863453815261,0.22569134701159677,0.430297192337593,Tier_2_Validate,Adipose
3619,ENSRNOG00000010649,Ctnnd2,catenin delta 2,Chr2: 81.168524,6.224,41.8,Chr2: 81.456230,0.898,Chr2, 81.168524,Chr2, 81.456230,81.168524,81.45623,0.287706,True,cis,False,False,False,cis,False,0.14591700133868807,0.20844484091584897,0.4240266447890879,Tier_2_Validate,Adipose
11172,UNCHAR_LOC103690119,LOC103690119,uncharacterized LOC103690119,Chr7: 7.548917,6.566,41.8,Chr7: 1.964338,0.505,Chr7, 7.548917,Chr7, 1.964338,7.548917,1.964338,5.584579000000001,False,trans,False,True,True,trans_moderate,True,0.14591700133868807,0.09158489443948856,0.18312566352236181,Tier_3_FlaggedInspect,Adipose
7052,ENSRNOG00000047966,Hspa1l,heat shock protein family A (Hsp70) member 1 like,Chr20: 3.851325,4.982,41.6,Chr20: 3.601132,0.768,Chr20, 3.851325,Chr20, 3.601132,3.851325,3.601132,0.2501929999999999,True,cis,False,False,False,cis,False,0.14457831325301204,0.16978887897710376,0.41002851728054057,Tier_2_Validate,Adipose
17195,UNCHAR_LOC120098934,LOC120098934,uncharacterized LOC120098934,Chr20: 7.369460,4.212,41.5,Chr20: 6.858809,-0.599,Chr20, 7.369460,Chr20, 6.858809,7.36946,6.858809,0.5106510000000002,True,cis,False,True,True,cis,False,0.14390896921017401,0.11953612845673504,0.29220578418341814,Tier_2_Validate,Adipose
25806,ENSRNOG00000012486,Prim2,DNA primase subunit 2,Chr9: 35.904520,6.192,41.4,Chr9: 35.390780,-0.464,Chr9, 35.904520,Chr9, 35.390780,35.90452,35.39078,0.5137399999999985,True,cis,False,False,False,cis,False,0.143239625167336,0.07939339875111508,0.3779215583714579,Tier_2_Validate,Adipose
28392,ENSRNOG00000011357,Shbg,sex hormone binding globulin,Chr10: 54.350408,5.291,41.4,Chr10: 54.389422,-0.544,Chr10, 54.350408,Chr10, 54.389422,54.350408,54.389422,0.03901400000000166,True,cis,False,False,False,cis,False,0.143239625167336,0.10318168302111211,0.3862474578659568,Tier_2_Validate,Adipose
13035,UNCHAR_LOC108353253,LOC108353253,uncharacterized LOC108353253,Chr20: 3.260747,9.157,41.3,Chr20: 3.210100,-0.582,Chr20, 3.260747,Chr20, 3.210100,3.260747,3.2101,0.050646999999999665,True,cis,False,True,True,cis,False,0.14257028112449796,0.11448111804936068,0.2899679897108505,Tier_2_Validate,Adipose
12931,UNCHAR_LOC108352809,LOC108352809,uncharacterized LOC108352809,Chr14: 95.020004,2.457,41.1,Chr14: 95.007131,0.896,Chr14, 95.020004,Chr14, 95.007131,95.020004,95.007131,0.012872999999999024,True,cis,False,True,True,cis,False,0.14123159303882196,0.20785013380909903,0.3221786043967724,Tier_2_Validate,Adipose
10356,UNCHAR_LOC102552767,LOC102552767,uncharacterized LOC102552767,Chr15: 11.906056,3.013,41.0,Chr15: 11.837354,0.817,Chr15, 11.906056,Chr15, 11.837354,11.906056,11.837354,0.06870200000000004,True,cis,False,True,True,cis,False,0.14056224899598393,0.18435920309247691,0.31372250823096126,Tier_2_Validate,Adipose
15264,UNCHAR_LOC120096223,LOC120096223,uncharacterized LOC120096223,Chr13: 10.007429,4.468,41.0,Chr15: 20.685537,0.505,Chr13, 10.007429,Chr15, 20.685537,10.007429,20.685537,inf,False,trans,False,True,True,trans_moderate,True,0.14056224899598393,0.09158489443948856,0.18125150020241537,Tier_3_FlaggedInspect,Adipose
22440,ENSRNOG00000069710,Nat8f2,N-acetyltransferase 8 (GCN5-related) family member 2,Chr4: 118.323158,2.215,41.0,Chr4: 118.133979,0.97,Chr4, 118.323158,Chr4, 118.133979,118.323158,118.133979,0.18917900000000998,True,cis,False,False,False,cis,False,0.14056224899598393,0.22985429675884625,0.42964579101419054,Tier_2_Validate,Adipose
37,ENSRNOG00000039494,Aass,aminoadipate-semialdehyde synthase,Chr4: 51.663135,3.445,40.9,Chr4: 52.192420,0.925,Chr4, 51.663135,Chr4, 52.192420,51.663135,52.19242,0.5292850000000016,True,cis,False,False,False,cis,False,0.1398929049531459,0.21647338685697293,0.42472820213354157,Tier_2_Validate,Adipose
3782,UNCHAR_Cyp2d5,Cyp2d5,uncharacterized Cyp2d5,Chr7: 113.904457,3.274,40.8,Chr7: 113.822112,1.062,Chr7, 113.904457,Chr7, 113.822112,113.904457,113.822112,0.08234499999998945,True,cis,False,True,False,cis,False,0.13922356091030788,0.25721082366934284,0.3387520346028777,Tier_2_Validate,Adipose
27053,UNCHAR_RGD1564786,RGD1564786,uncharacterized RGD1564786,Chr17: 31.068701,3.15,40.5,Chr17: 31.438420,0.672,Chr17, 31.068701,Chr17, 31.438420,31.068701,31.43842,0.3697189999999999,True,cis,False,True,False,cis,False,0.13721552878179383,0.14124293785310735,0.29746046332221543,Tier_2_Validate,Adipose
27768,UNCHAR_RT1-CE7,RT1-CE7,"RT1 class I, locus CE7",Chr20: 3.434258,1.034,40.5,Chr20: 6.357718,2.196,Chr20, 3.434258,Chr20, 6.357718,3.434258,6.357718,2.9234600000000004,True,cis,False,False,False,cis,False,0.13721552878179383,0.5944097531965508,0.5560688486924206,Tier_1_HighConfidence,Adipose
9931,UNCHAR_LOC102550849,LOC102550849,uncharacterized LOC102550849,Chr5: 73.956548,2.596,40.4,Chr5: 73.810363,-0.703,Chr5, 73.956548,Chr5, 73.810363,73.956548,73.810363,0.14618500000000267,True,cis,False,True,True,cis,False,0.1365461847389558,0.1504608980077312,0.3004524789613404,Tier_2_Validate,Adipose
32521,UNCHAR_Vdac1-ps11,Vdac1-ps11,"voltage-dependent anion channel 1, pseudogene 11",Chr18: 50.003240,5.071,40.4,Chr18: 49.764351,1.02,Chr18, 50.003240,Chr18, 49.764351,50.00324,49.764351,0.23888900000000035,True,cis,True,False,False,cis,False,0.1365461847389558,0.24472197442759439,0.3334438557082926,Tier_2_Validate,Adipose
2749,ENSRNOG00000043410,Cfap300,cilia and flagella associated protein 300,Chr8: 5.198839,5.769,40.3,Chr8: 4.162938,-0.447,Chr8, 5.198839,Chr8, 4.162938,5.198839,4.162938,1.0359010000000008,True,cis,False,False,False,cis,False,0.13587684069611777,0.07433838834374071,0.3735753301639505,Tier_2_Validate,Adipose
17588,UNCHAR_LOC120099587,LOC120099587,uncharacterized LOC120099587,ChrY: 12.161298,4.983,40.3,Chr1: 143.735958,-0.506,ChrY, 12.161298,Chr1, 143.735958,12.161298,143.735958,inf,False,trans,False,True,True,trans_moderate,True,0.13587684069611777,0.09188224799286351,0.17971568104114344,Tier_3_FlaggedInspect,Adipose
5613,ENSRNOG00000007660,Fntb,"farnesyltransferase, CAAX box, subunit beta",Chr6: 95.536614,7.015,40.2,Chr6: 95.470641,-0.441,Chr6, 95.536614,Chr6, 95.470641,95.536614,95.470641,0.06597299999999962,True,cis,False,False,False,cis,False,0.1352074966532798,0.07255426702349092,0.3727166172868698,Tier_2_Validate,Adipose
6411,ENSRNOG00000006957,Gria4,glutamate ionotropic receptor AMPA type subunit 4,Chr8: 2.035034,4.214,40.2,Chr8: 1.532979,1.022,Chr8, 2.035034,Chr8, 1.532979,2.035034,1.532979,0.5020549999999999,True,cis,False,False,False,cis,False,0.1352074966532798,0.24531668153434433,0.4331834623656684,Tier_2_Validate,Adipose
11629,UNCHAR_LOC103693420,LOC103693420,uncharacterized LOC103693420,Chr10: 78.711665,8.405,40.2,Chr4: 105.344429,-0.797,Chr10, 78.711665,Chr4, 105.344429,78.711665,105.344429,inf,False,trans,False,True,True,trans_moderate,True,0.1352074966532798,0.17841213202497772,0.20976687003739014,Tier_3_FlaggedInspect,Adipose
26944,UNCHAR_RGD1562690,RGD1562690,uncharacterized RGD1562690,Chr8: 30.363219,8.06,40.2,Chr1: 97.168285,0.466,Chr8, 30.363219,Chr1, 97.168285,30.363219,97.168285,inf,False,trans,False,True,False,trans_moderate,True,0.1352074966532798,0.079988105857865,0.17531846087890068,Tier_3_FlaggedInspect,Adipose
3123,ENSRNOG00000010149,Cmc1,C-x(9)-C motif containing 1,Chr8: 117.900457,7.426,40.1,Chr8: 117.689838,0.409,Chr8, 117.900457,Chr8, 117.689838,117.900457,117.689838,0.21061900000000833,True,cis,False,False,False,cis,False,0.13453815261044177,0.06303895331549211,0.3691519870740768,Tier_2_Validate,Adipose
11174,ENSRNOG00000047682,LOC103690152,disintegrin and metalloproteinase domain-containing protein 21-like,Chr6: 101.265827,3.326,40.1,Chr6: 100.909467,-0.672,Chr6, 101.265827,Chr6, 100.909467,101.265827,100.909467,0.3563599999999951,True,cis,False,False,True,cis,False,0.13453815261044177,0.14124293785310735,0.3965233816622422,Tier_2_Validate,Adipose
26831,ENSRNOG00000042726,RGD1560775,similar to RIKEN cDNA 4930579C12 gene,Chr8: 89.716766,1.775,40.1,Chr8: 89.699592,0.922,Chr8, 89.716766,Chr8, 89.699592,89.716766,89.699592,0.017174000000011347,True,cis,False,False,False,cis,False,0.13453815261044177,0.21558132619684808,0.4225418175825515,Tier_2_Validate,Adipose
28287,ENSRNOG00000025612,Sez6l,seizure related 6 homolog like,Chr12: 44.064900,1.538,40.1,Chr12: 43.066301,1.508,Chr12, 44.064900,Chr12, 43.066301,44.0649,43.066301,0.9985989999999987,True,cis,False,False,False,cis,False,0.13453815261044177,0.38983050847457623,0.4835290313797562,Tier_1_HighConfidence,Adipose
1980,ENSRNOG00000017882,Camk1d,calcium/calmodulin-dependent protein kinase ID,Chr17: 72.581898,7.719,40.0,Chr17: 72.549821,0.417,Chr17, 72.581898,Chr17, 72.549821,72.581898,72.549821,0.03207700000000102,True,cis,False,False,False,cis,False,0.13386880856760375,0.06541778174249181,0.3697503066085335,Tier_2_Validate,Adipose
25312,ENSRNOG00000010516,Plau,"plasminogen activator, urokinase",Chr15: 3.462731,9.404,40.0,Chr15: 3.436152,0.524,Chr15, 3.462731,Chr15, 3.436152,3.462731,3.436152,0.026578999999999908,True,cis,False,False,False,cis,False,0.13386880856760375,0.09723461195361285,0.3808861971824258,Tier_2_Validate,Adipose
29462,ENSRNOG00000013116,Spink5,"serine peptidase inhibitor, Kazal type 5",Chr18: 36.264451,1.173,39.9,Chr18: 35.289721,-1.159,Chr18, 36.264451,Chr18, 35.289721,36.264451,35.289721,0.974730000000001,True,cis,False,False,False,cis,False,0.13319946452476572,0.28605411834671424,0.44673875400501795,Tier_2_Validate,Adipose
31151,ENSRNOG00000015347,Trim45,tripartite motif-containing 45,Chr2: 188.349978,4.976,39.9,Chr2: 187.994697,-0.487,Chr2, 188.349978,Chr2, 187.994697,188.349978,187.994697,0.35528099999999085,True,cis,False,False,False,cis,False,0.13319946452476572,0.08623253047873922,0.3768011982512267,Tier_2_Validate,Adipose
3793,ENSRNOG00000011053,Cyp2u1,"cytochrome P450, family 2, subfamily u, polypeptide 1",Chr2: 219.866958,8.326,39.8,Chr2: 219.970144,0.356,Chr2, 219.866958,Chr2, 219.970144,219.866958,219.970144,0.10318599999999378,True,cis,False,False,False,cis,False,0.1325301204819277,0.047279214986619085,0.36293326741399135,Tier_2_Validate,Adipose
29088,ENSRNOG00000055018,Snora26,"small nucleolar RNA, H/ACA box 26",Chr14: 34.127759,0.897,39.6,Chr14: 33.884771,-1.461,Chr14, 34.127759,Chr14, 33.884771,34.127759,33.884771,0.24298799999999687,True,cis,False,False,False,cis,False,0.13119143239625167,0.375854891465953,0.47746621335177164,Tier_1_HighConfidence,Adipose
10934,UNCHAR_LOC102555623,LOC102555623,uncharacterized LOC102555623,Chr2: 226.558531,4.097,39.5,Chr2: 226.753542,-0.633,Chr2, 226.558531,Chr2, 226.753542,226.558531,226.753542,0.19501100000002225,True,cis,False,True,True,cis,False,0.13052208835341364,0.1296461492714838,0.2910588831687141,Tier_2_Validate,Adipose
12434,UNCHAR_LOC108351105,LOC108351105,uncharacterized LOC108351105,Chr5: 128.430903,5.641,39.5,Chr5: 128.754736,-0.689,Chr5, 128.430903,Chr5, 128.754736,128.430903,128.754736,0.3238330000000076,True,cis,False,True,True,cis,False,0.13052208835341364,0.1462979482604817,0.2968870128148634,Tier_2_Validate,Adipose
24521,ENSRNOG00000064999,Ormdl1,ORMDL sphingolipid biosynthesis regulator 1,Chr9: 48.253308,8.063,39.4,Chr9: 48.046200,0.345,Chr9, 48.253308,Chr9, 48.046200,48.253308,48.0462,0.20710799999999807,True,cis,False,False,False,cis,False,0.1298527443105756,0.04400832589949449,0.36085137457352456,Tier_2_Validate,Adipose
8173,ENSRNOG00000025273,L3mbtl4,L3MBTL histone methyl-lysine binding protein 4,Chr9: 108.295003,6.125,39.1,Chr9: 107.121395,0.685,Chr9, 108.295003,Chr9, 107.121395,108.295003,107.121395,1.1736079999999873,True,cis,False,False,False,cis,False,0.1278447121820616,0.14510853404698187,0.39553363618016524,Tier_2_Validate,Adipose
7510,ENSRNOG00000011533,Irx3,iroquois homeobox 3,Chr19: 15.211881,3.339,39.0,Chr19: 14.762585,0.976,Chr19, 15.211881,Chr19, 14.762585,15.211881,14.762585,0.44929600000000036,True,cis,False,False,False,cis,False,0.12717536813922356,0.23163841807909602,0.42558482517641183,Tier_2_Validate,Adipose
11086,UNCHAR_LOC102556463,LOC102556463,uncharacterized LOC102556463,Chr9: 114.045240,7.941,39.0,Chr9: 113.311047,0.387,Chr9, 114.045240,Chr9, 113.311047,114.04524,113.311047,0.7341930000000048,True,cis,False,True,True,cis,False,0.12717536813922356,0.05649717514124294,0.2642853901481633,Tier_2_Validate,Adipose
11531,UNCHAR_LOC103692665,LOC103692665,uncharacterized LOC103692665,Chr6: 96.385027,6.067,39.0,Chr6: 96.215505,0.993,Chr6, 96.385027,Chr6, 96.215505,96.385027,96.215505,0.16952200000000062,True,cis,False,True,True,cis,False,0.12717536813922356,0.23669342848647043,0.3273540788189929,Tier_2_Validate,Adipose
27759,UNCHAR_RT1-CE13,RT1-CE13,"RT1 class I, locus CE13",Chr20: 3.318049,8.804,39.0,Chr20: 3.601132,0.55,Chr20, 3.318049,Chr20, 3.601132,3.318049,3.601132,0.2830830000000004,True,cis,False,False,False,cis,False,0.12717536813922356,0.10496580434136189,0.3812494103682049,Tier_2_Validate,Adipose
28328,ENSRNOG00000014603,Sgcg,"sarcoglycan, gamma",Chr15: 35.435071,10.13,38.8,Chr15: 35.414731,0.44,Chr15, 35.435071,Chr15, 35.414731,35.435071,35.414731,0.02033999999999736,True,cis,False,False,False,cis,False,0.1258366800535475,0.07225691347011597,0.3693327577332822,Tier_2_Validate,Adipose
9639,UNCHAR_LOC102549526,LOC102549526,uncharacterized LOC102549526,Chr4: 104.672362,6.775,38.7,Chr4: 104.785882,0.506,Chr4, 104.672362,Chr4, 104.785882,104.672362,104.785882,0.11351999999999407,True,cis,False,True,True,cis,False,0.1251673360107095,0.09188224799286351,0.27596735440125053,Tier_2_Validate,Adipose
8812,UNCHAR_LOC100911312,LOC100911312,uncharacterized LOC100911312,Chr16: 64.775086,1.321,38.5,Chr16: 64.696515,0.901,Chr16, 64.775086,Chr16, 64.696515,64.775086,64.696515,0.07857099999999662,True,cis,False,True,True,cis,False,0.12382864792503347,0.20933690157597382,0.31660794232535255,Tier_2_Validate,Adipose
2530,ENSRNOG00000033837,Cdh9,cadherin 9,Chr2: 66.280421,2.61,38.4,Chr2: 66.085261,-0.901,Chr2, 66.280421,Chr2, 66.085261,66.280421,66.085261,0.19516000000000133,True,cis,False,False,False,cis,False,0.12315930388219544,0.20933690157597382,0.41637367191035923,Tier_2_Validate,Adipose
14032,UNCHAR_LOC120094466,LOC120094466,uncharacterized LOC120094466,Chr8: 73.623017,1.347,38.4,Chr4: 119.127967,0.887,Chr8, 73.623017,Chr4, 119.127967,73.623017,119.127967,inf,False,trans,False,True,True,trans_moderate,True,0.12315930388219544,0.20517395182872433,0.21491663949882192,Tier_3_FlaggedInspect,Adipose
19016,UNCHAR_LOC120101877,LOC120101877,uncharacterized LOC120101877,Chr3: 5.387811,6.572,38.4,Chr3: 8.469538,0.877,Chr3, 5.387811,Chr3, 8.469538,5.387811,8.469538,3.081727,True,cis,False,True,True,cis,False,0.12315930388219544,0.2022004162949747,0.31387590206200955,Tier_2_Validate,Adipose
26109,ENSRNOG00000046946,Ptchd3,patched domain containing 3,Chr10: 107.097550,1.813,38.4,Chr10: 104.734659,-1.091,Chr10, 107.097550,Chr10, 104.734659,107.09755,104.734659,2.3628910000000047,True,cis,False,False,False,cis,False,0.12315930388219544,0.26583407671721676,0.43614768320979425,Tier_2_Validate,Adipose
31978,ENSRNOG00000027784,Tsku,"tsukushi, small leucine rich proteoglycan",Chr1: 152.671681,8.409,38.3,Chr1: 152.301954,0.548,Chr1, 152.671681,Chr1, 152.301954,152.671681,152.301954,0.3697270000000117,True,cis,False,False,False,cis,False,0.12248995983935741,0.10437109723461196,0.37940136997588925,Tier_2_Validate,Adipose
5892,UNCHAR_Gas2,Gas2,growth arrest-specific 2,Chr1: 101.452360,5.193,38.2,Chr1: 101.230005,0.59,Chr1, 101.452360,Chr1, 101.230005,101.45236,101.230005,0.2223549999999932,True,cis,False,False,False,cis,False,0.12182061579651943,0.11685994647636039,0.38353819679550794,Tier_2_Validate,Adipose
18828,UNCHAR_LOC120101602,LOC120101602,uncharacterized LOC120101602,Chr3: 79.342516,2.2,38.2,Chr3: 79.134092,-0.818,Chr3, 79.342516,Chr3, 79.134092,79.342516,79.134092,0.20842400000000794,True,cis,False,True,True,cis,False,0.12182061579651943,0.18465655664585193,0.30726701035482995,Tier_2_Validate,Adipose
2255,ENSRNOG00000037206,Ccdc77,coiled-coil domain containing 77,Chr4: 153.565907,7.281,38.1,Chr4: 153.708588,-0.535,Chr4, 153.565907,Chr4, 153.708588,153.565907,153.708588,0.14268099999998185,True,cis,False,False,False,cis,False,0.1211512717536814,0.10050550104073744,0.37757987047804664,Tier_2_Validate,Adipose
21143,ENSRNOG00000018297,Marveld2,MARVEL domain containing 2,Chr2: 31.764149,3.467,38.1,Chr2: 31.925135,-0.66,Chr2, 31.764149,Chr2, 31.925135,31.764149,31.925135,0.16098600000000118,True,cis,False,False,False,cis,False,0.1211512717536814,0.1376746952126078,0.39058908843820117,Tier_2_Validate,Adipose
22776,ENSRNOG00000023143,Nlrp1a,"NLR family, pyrin domain containing 1A",Chr10: 55.833638,8.908,38.1,Chr10: 55.177413,-0.438,Chr10, 55.833638,Chr10, 55.177413,55.833638,55.177413,0.6562249999999992,True,cis,False,False,False,cis,False,0.1211512717536814,0.07166220636336604,0.36748471734096655,Tier_2_Validate,Adipose
25204,ENSRNOG00000089133,Pilra,paired immunoglobin-like type 2 receptor alpha,Chr12: 17.787168,6.101,38.1,Chr12: 19.031953,0.655,Chr12, 17.787168,Chr12, 19.031953,17.787168,19.031953,1.2447850000000003,True,cis,False,False,False,cis,False,0.1211512717536814,0.136187927445733,0.39006871971979507,Tier_2_Validate,Adipose
25558,ENSRNOG00000012146,Pomt2,protein-O-mannosyltransferase 2,Chr6: 106.794848,7.97,38.1,Chr6: 106.786871,-0.437,Chr6, 106.794848,Chr6, 106.786871,106.794848,106.786871,0.007976999999996792,True,cis,False,False,False,cis,False,0.1211512717536814,0.07136485280999108,0.3673806435972854,Tier_2_Validate,Adipose
10277,ENSRNOG00000090849,LOC102552389,uncharacterized LOC102552389,Chr15: 51.149509,3.926,38.0,Chr15: 50.896269,0.615,Chr15, 51.149509,Chr15, 50.896269,51.149509,50.896269,0.25324000000000524,True,cis,False,True,True,cis,False,0.12048192771084337,0.12429378531073446,0.2856714995575522,Tier_2_Validate,Adipose
27103,UNCHAR_RGD1565648,RGD1565648,uncharacterized RGD1565648,Chr3: 138.989651,1.463,38.0,Chr3: 138.848480,0.865,Chr3, 138.989651,Chr3, 138.848480,138.989651,138.84848,0.14117100000001415,True,cis,False,True,False,cis,False,0.12048192771084337,0.19863217365447516,0.3116899354778615,Tier_2_Validate,Adipose
11167,UNCHAR_LOC103690066,LOC103690066,uncharacterized LOC103690066,Chr6: 101.227471,3.688,37.9,Chr6: 100.909467,-0.528,Chr6, 101.227471,Chr6, 100.909467,101.227471,100.909467,0.31800399999998774,True,cis,False,True,True,cis,False,0.11981258366800535,0.0984240261671127,0.2763828134422913,Tier_2_Validate,Adipose
19227,UNCHAR_LOC120102251,LOC120102251,uncharacterized LOC120102251,Chr4: 59.197471,4.992,37.9,Chr4: 58.304409,0.773,Chr4, 59.197471,Chr4, 58.304409,59.197471,58.304409,0.8930620000000005,True,cis,False,True,True,cis,False,0.11981258366800535,0.1712756467439786,0.3018808806441944,Tier_2_Validate,Adipose
7120,ENSRNOG00000002158,Ibsp,integrin-binding sialoprotein,Chr14: 5.452569,0.984,37.6,Chr14: 5.618685,-0.894,Chr14, 5.452569,Chr14, 5.618685,5.452569,5.618685,0.1661159999999997,True,cis,False,False,False,cis,False,0.1178045515394913,0.20725542670234912,0.4137709923846441,Tier_2_Validate,Adipose
9462,UNCHAR_LOC102548668,LOC102548668,uncharacterized LOC102548668,Chr1: 243.600352,3.561,37.6,Chr1: 243.679443,0.76,Chr1, 243.600352,Chr1, 243.679443,243.600352,243.679443,0.07909100000000535,True,cis,False,True,True,cis,False,0.1178045515394913,0.16741005055010405,0.2998251107313584,Tier_2_Validate,Adipose
13106,UNCHAR_LOC120093125,LOC120093125,uncharacterized LOC120093125,Chr20: 2.624072,7.184,37.6,Chr20: 2.687516,0.53,Chr20, 2.624072,Chr20, 2.687516,2.624072,2.687516,0.06344400000000006,True,cis,False,True,True,cis,False,0.1178045515394913,0.09901873327386262,0.2758881496846739,Tier_2_Validate,Adipose
24278,ENSRNOG00000085155,Or6k6,olfactory receptor family 6 subfamily K member 6,Chr13: 86.149324,2.568,37.6,Chr13: 86.622151,0.716,Chr13, 86.149324,Chr13, 86.622151,86.149324,86.622151,0.47282700000000943,True,cis,False,False,False,cis,False,0.1178045515394913,0.15432649420160569,0.39524586600938394,Tier_2_Validate,Adipose
11360,UNCHAR_LOC103691580,LOC103691580,uncharacterized LOC103691580,Chr9: 0.366431,2.606,37.5,Chr7: 0.798459,0.759,Chr9, 0.366431,Chr7, 0.798459,0.366431,0.798459,inf,False,trans,False,True,True,trans_moderate,True,0.11713520749665328,0.16711269699672912,0.19948676657268383,Tier_3_FlaggedInspect,Adipose
21435,ENSRNOG00000016038,Mgmt,O-6-methylguanine-DNA methyltransferase,Chr1: 191.710979,8.197,37.5,Chr1: 191.587372,0.377,Chr1, 191.710979,Chr1, 191.587372,191.710979,191.587372,0.12360700000002112,True,cis,False,False,False,cis,False,0.11713520749665328,0.05352363960749331,0.35973059648645134,Tier_2_Validate,Adipose
21816,ENSRNOG00000033809,Mlh1,mutL homolog 1,Chr8: 111.233720,8.115,37.4,Chr8: 110.719344,0.372,Chr8, 111.233720,Chr8, 110.719344,111.23372,110.719344,0.5143759999999986,True,cis,False,False,False,cis,False,0.11646586345381525,0.05203687184061849,0.35897595735305177,Tier_2_Validate,Adipose
33389,ENSRNOG00000037428,Zfp605,zinc finger protein 605,Chr12: 46.574881,6.778,37.4,Chr12: 45.311821,-0.461,Chr12, 46.574881,Chr12, 45.311821,46.574881,45.311821,1.2630599999999959,True,cis,False,False,False,cis,False,0.11646586345381525,0.07850133809099019,0.36823852054068185,Tier_2_Validate,Adipose
10698,UNCHAR_LOC102554479,LOC102554479,uncharacterized LOC102554479,Chr3: 163.896383,7.45,37.3,Chr3: 164.153483,-0.307,Chr3, 163.896383,Chr3, 164.153483,163.896383,164.153483,0.2571000000000083,True,cis,False,True,True,cis,False,0.11579651941097723,0.032708890871245906,0.25197689359877806,Tier_2_Validate,Adipose
19638,UNCHAR_LOC120102848,LOC120102848,uncharacterized LOC120102848,Chr5: 46.040830,3.48,37.3,Chr5: 46.108175,-0.659,Chr5, 46.040830,Chr5, 46.108175,46.04083,46.108175,0.0673450000000031,True,cis,False,True,True,cis,False,0.11579651941097723,0.13737734165923282,0.28861085137457354,Tier_2_Validate,Adipose
30651,ENSRNOG00000013238,Tmem14a,transmembrane protein 14A,Chr9: 23.640593,5.247,37.3,Chr9: 21.934821,-0.637,Chr9, 23.640593,Chr9, 21.934821,23.640593,21.934821,1.7057719999999996,True,cis,False,False,False,cis,False,0.11579651941097723,0.13083556348498365,0.38632122901358634,Tier_2_Validate,Adipose
22437,ENSRNOG00000056962_1,Nat8,N-acetyltransferase 8B,Chr4: 118.284670,2.667,37.2,Chr4: 118.133979,-0.677,Chr4, 118.284670,Chr4, 118.133979,118.28467,118.133979,0.150691000000009,True,cis,False,False,False,cis,False,0.11512717536813924,0.14272970561998216,0.3902499083458425,Tier_2_Validate,Adipose
8503,UNCHAR_LOC100360260,LOC100360260,uncharacterized LOC100360260,Chr16: 29.188608,4.682,37.0,Chr4: 80.894921,0.613,Chr16, 29.188608,Chr4, 80.894921,29.188608,80.894921,inf,False,trans,False,True,True,trans_moderate,True,0.11378848728246319,0.12369907820398453,0.1831206479202567,Tier_3_FlaggedInspect,Adipose
29674,ENSRNOG00000014002,St7l,suppression of tumorigenicity 7-like,Chr2: 192.364755,8.503,37.0,Chr2: 192.504908,-0.283,Chr2, 192.364755,Chr2, 192.504908,192.364755,192.504908,0.14015299999999797,True,cis,False,False,False,cis,False,0.11378848728246319,0.025572405590246792,0.3487763125054485,Tier_2_Validate,Adipose
3780,ENSRNOG00000080638,Cyp2d3,"cytochrome P450, family 2, subfamily d, polypeptide 3",Chr7: 113.922067,3.526,36.9,Chr7: 113.822112,1.062,Chr7, 113.922067,Chr7, 113.822112,113.922067,113.822112,0.09995499999999424,True,cis,False,False,False,cis,False,0.11311914323962516,0.25721082366934284,0.4296154884181388,Tier_2_Validate,Adipose
24766,ENSRNOG00000000386,Pbld1,phenazine biosynthesis-like protein domain containing 1,Chr20: 25.566542,2.921,36.9,Chr20: 25.549211,1.024,Chr20, 25.566542,Chr20, 25.549211,25.566542,25.549211,0.017330999999998653,True,cis,False,False,False,cis,False,0.11311914323962516,0.24591138864109424,0.4256606861582518,Tier_2_Validate,Adipose
12772,UNCHAR_LOC108352312,LOC108352312,uncharacterized LOC108352312,Chr11: 34.018286,4.631,36.7,Chr11: 33.611309,0.622,Chr11, 34.018286,Chr11, 33.611309,34.018286,33.611309,0.4069770000000048,True,cis,False,True,True,cis,False,0.11178045515394915,0.1263752601843592,0.2833545003684079,Tier_2_Validate,Adipose
1904,ENSRNOG00000001173,Cabp1,calcium binding protein 1,Chr12: 41.385233,4.165,36.5,Chr12: 40.946310,0.655,Chr12, 41.385233,Chr12, 40.946310,41.385233,40.94631,0.4389230000000026,True,cis,False,False,False,cis,False,0.11044176706827309,0.136187927445733,0.38632039307990207,Tier_2_Validate,Adipose
5931,UNCHAR_Gbp6-ps3,Gbp6-ps3,uncharacterized Gbp6-ps3,Chr14: 4.474086,5.099,36.5,Chr14: 4.330834,0.743,Chr14, 4.474086,Chr14, 4.330834,4.474086,4.330834,0.1432519999999995,True,cis,False,True,False,cis,False,0.11044176706827309,0.16235504014272972,0.295478882523851,Tier_2_Validate,Adipose
17222,UNCHAR_LOC120098966,LOC120098966,uncharacterized LOC120098966,Chr20: 2.681715,2.765,36.5,Chr20: 2.611182,0.735,Chr20, 2.681715,Chr20, 2.611182,2.681715,2.611182,0.07053300000000018,True,cis,False,True,True,cis,False,0.11044176706827309,0.15997621171573,0.2946462925744011,Tier_2_Validate,Adipose
29351,ENSRNOG00000008232,Spaca1,sperm acrosome associated 1,Chr5: 48.540675,0.535,36.5,Chr5: 48.741140,0.677,Chr5, 48.540675,Chr5, 48.741140,48.540675,48.74114,0.20046500000000123,True,cis,False,False,False,cis,False,0.11044176706827309,0.14272970561998216,0.38861001544088936,Tier_2_Validate,Adipose
5575,ENSRNOG00000004461,Flywch2,FLYWCH family member 2,Chr10: 12.807081,4.912,36.4,Chr10: 13.039414,0.437,Chr10, 12.807081,Chr10, 13.039414,12.807081,13.039414,0.23233300000000057,True,cis,False,False,False,cis,False,0.10977242302543506,0.07136485280999108,0.36339804654239916,Tier_2_Validate,Adipose
3484,ENSRNOG00000006779,Crot,carnitine O-octanoyltransferase,Chr4: 25.068269,10.239,36.3,Chr4: 25.286406,0.268,Chr4, 25.068269,Chr4, 25.286406,25.068269,25.286406,0.2181369999999987,True,cis,False,False,False,cis,False,0.10910307898259704,0.021112102289622365,0.3455753134452768,Tier_2_Validate,Adipose
21204,ENSRNOG00000017752,Mccc2,methylcrotonyl-CoA carboxylase subunit 2,Chr2: 31.375977,9.92,36.3,Chr2: 31.327760,0.321,Chr2, 31.375977,Chr2, 31.327760,31.375977,31.32776,0.04821699999999751,True,cis,False,False,False,cis,False,0.10910307898259704,0.03687184061849539,0.35109122186038233,Tier_2_Validate,Adipose
11959,UNCHAR_LOC108348835,LOC108348835,uncharacterized LOC108348835,Chr18: 76.254355,5.104,36.2,Chr18: 77.007959,0.612,Chr18, 76.254355,Chr18, 77.007959,76.254355,77.007959,0.7536039999999957,True,cis,False,True,True,cis,False,0.10843373493975905,0.12340172465060957,0.28114241085662905,Tier_2_Validate,Adipose
7315,ENSRNOG00000023214,Il20rb,interleukin 20 receptor subunit beta,Chr8: 101.010828,7.872,36.1,Chr8: 101.106071,0.491,Chr8, 101.010828,Chr8, 101.106071,101.010828,101.106071,0.09524299999999641,True,cis,False,False,False,cis,False,0.10776439089692103,0.08742194469223907,0.368315217456206,Tier_2_Validate,Adipose
17896,UNCHAR_LOC120100100,LOC120100100,uncharacterized LOC120100100,Chr1: 49.223034,5.3,36.1,Chr1: 49.931211,0.395,Chr1, 49.223034,Chr1, 49.931211,49.223034,49.931211,0.7081769999999992,True,cis,False,True,True,cis,False,0.10776439089692103,0.058876003568242644,0.2583241380628073,Tier_2_Validate,Adipose
8352,ENSRNOG00000014605,Lig4,DNA ligase 4,Chr16: 79.518392,8.637,36.0,Chr16: 79.457688,-0.309,Chr16, 79.518392,Chr16, 79.457688,79.518392,79.457688,0.0607040000000012,True,cis,False,False,False,cis,False,0.107095046854083,0.033303597977995834,0.34913952569122764,Tier_2_Validate,Adipose
12862,UNCHAR_LOC108352578,LOC108352578,uncharacterized LOC108352578,Chr13: 87.408928,6.018,36.0,Chr13: 87.830037,0.6,Chr13, 87.408928,Chr13, 87.830037,87.408928,87.830037,0.4211090000000013,True,cis,False,True,True,cis,False,0.107095046854083,0.11983348201011002,0.27942498510246755,Tier_2_Validate,Adipose
22531,ENSRNOG00000062245,Ndufa10l1,NADH dehydrogenase (ubiquinone) 1 alpha subcomplex 10-like 1,Chr6: 59.881251,8.884,36.0,Chr9: 92.945792,0.449,Chr6, 59.881251,Chr9, 92.945792,59.881251,92.945792,inf,False,trans,False,False,False,trans_moderate,True,0.107095046854083,0.07493309545049064,0.2637098498066008,Tier_3_FlaggedInspect,Adipose
24279,ENSRNOG00000022329,Or6k8,olfactory receptor family 6 subfamily K member 8,Chr13: 86.180578,1.257,36.0,Chr13: 86.622151,0.74,Chr13, 86.180578,Chr13, 86.622151,86.180578,86.622151,0.4415730000000053,True,cis,False,False,False,cis,False,0.107095046854083,0.1614629794826048,0.39399530921784076,Tier_2_Validate,Adipose
11143,UNCHAR_LOC102557304,LOC102557304,uncharacterized LOC102557304,Chr14: 83.406041,4.06,35.9,Chr14: 83.449396,-0.767,Chr14, 83.406041,Chr14, 83.449396,83.406041,83.449396,0.04335499999999115,True,cis,False,True,True,cis,False,0.10642570281124497,0.16949152542372883,0.2965710298822408,Tier_2_Validate,Adipose
46,ENSRNOG00000015783,Abca16,"ATP-binding cassette, subfamily A (ABC1), member 16",Chr1: 174.795053,5.348,35.8,Chr1: 174.788504,-0.43,Chr1, 174.795053,Chr1, 174.788504,174.795053,174.788504,0.006549000000006799,True,cis,False,False,False,cis,False,0.10575635876840694,0.06928337793636634,0.3612639078466706,Tier_2_Validate,Adipose
8598,UNCHAR_LOC100362400,LOC100362400,60S ribosomal protein L13-like,Chr10: 39.102737,6.583,35.8,Chr10: 38.923472,0.557,Chr10, 39.102737,Chr10, 38.923472,39.102737,38.923472,0.1792650000000009,True,cis,False,False,True,cis,False,0.10575635876840694,0.10704727921498663,0.3744812732941878,Tier_2_Validate,Adipose
12582,UNCHAR_LOC108351646,LOC108351646,uncharacterized LOC108351646,Chr8: 2.508579,0.533,35.8,Chr1: 178.794376,0.676,Chr8, 2.508579,Chr1, 178.794376,2.508579,178.794376,inf,False,trans,False,True,True,trans_moderate,True,0.10575635876840694,0.1424323520666072,0.18686604879225494,Tier_3_FlaggedInspect,Adipose
21287,ENSRNOG00000005059,Med22,mediator complex subunit 22,Chr3: 10.238835,7.48,35.8,Chr3: 9.367438,0.359,Chr3, 10.238835,Chr3, 9.367438,10.238835,9.367438,0.871397,True,cis,False,False,False,cis,False,0.10575635876840694,0.04817127564674397,0.35387467204530276,Tier_2_Validate,Adipose
20331,UNCHAR_LOC678756,LOC678756,uncharacterized LOC678756,Chr16: 35.983015,2.613,35.7,Chr3: 9.132890,1.119,Chr16, 35.983015,Chr3, 9.132890,35.983015,9.13289,inf,False,trans,False,True,True,trans_moderate,True,0.10508701472556896,0.27415997621171573,0.23273644682804964,Tier_3_FlaggedInspect,Adipose
20426,UNCHAR_LOC685085,LOC685085,uncharacterized LOC685085,Chr4: 120.934258,6.431,35.7,Chr8: 44.681539,-0.455,Chr4, 120.934258,Chr8, 44.681539,120.934258,44.681539,inf,False,trans,False,True,True,trans_moderate,True,0.10508701472556896,0.0767172167707404,0.16363148102370828,Tier_3_FlaggedInspect,Adipose
1116,ENSRNOG00000026937,Arsk,"arylsulfatase family, member K",Chr2: 5.631450,8.07,35.6,Chr2: 2.134674,-0.289,Chr2, 5.631450,Chr2, 2.134674,5.63145,2.134674,3.496776,True,cis,False,False,False,cis,False,0.10441767068273093,0.027356526910496573,0.34612096915762963,Tier_2_Validate,Adipose
4010,ENSRNOG00000008236,Decr1,"2,4-dienoyl-CoA reductase 1",Chr5: 29.439053,11.28,35.6,Chr5: 29.456424,-0.4,Chr5, 29.439053,Chr5, 29.456424,29.439053,29.456424,0.01737099999999714,True,cis,False,False,False,cis,False,0.10441767068273093,0.06036277133511746,0.35767315470624694,Tier_2_Validate,Adipose
12141,UNCHAR_LOC108349848,LOC108349848,thymosin beta 10 like 5,Chr1: 121.498137,3.696,35.5,Chr4: 105.344429,-0.665,Chr1, 121.498137,Chr4, 105.344429,121.498137,105.344429,inf,False,trans,False,False,True,trans_moderate,True,0.1037483266398929,0.13916146297948262,0.28501842636678143,Tier_3_FlaggedInspect,Adipose
1851,ENSRNOG00000010963,C3h11orf91,similar to human chromosome 11 open reading frame 91,Chr3: 90.479195,6.954,35.4,Chr3: 90.111206,0.374,Chr3, 90.479195,Chr3, 90.111206,90.479195,90.111206,0.36798900000000856,True,cis,False,False,False,cis,False,0.10307898259705488,0.05263157894736842,0.3544986965405481,Tier_2_Validate,Adipose
8185,ENSRNOG00000011300,Lama3,laminin subunit alpha 3,Chr18: 3.523167,8.619,35.4,Chr18: 3.385653,0.593,Chr18, 3.523167,Chr18, 3.385653,3.523167,3.385653,0.13751399999999991,True,cis,False,False,False,cis,False,0.10307898259705488,0.11775200713648527,0.37729084640673904,Tier_2_Validate,Adipose
23124,ENSRNOG00000027730,Nxpe1,"neurexophilin and PC-esterase domain family, member 1",Chr8: 48.749249,8.17,35.4,Chr8: 48.395402,-0.333,Chr8, 48.749249,Chr8, 48.395402,48.749249,48.395402,0.3538470000000018,True,cis,False,False,False,cis,False,0.10307898259705488,0.040440083258994945,0.35023167304961744,Tier_2_Validate,Adipose
2706,ENSRNOG00000001072,Cers4,ceramide synthase 4,Chr12: 2.851783,9.152,35.3,Chr12: 3.215309,0.32,Chr12, 2.851783,Chr12, 3.215309,2.851783,3.215309,0.3635259999999998,True,cis,False,False,False,cis,False,0.10240963855421685,0.036574487065120426,0.3486444439667681,Tier_2_Validate,Adipose
4619,UNCHAR_Eef1a1-ps15,Eef1a1-ps15,"eukaryotic translation elongation factor 1 alpha 1, pseudogene 15",Chr13: 68.389827,4.26,35.3,Chr8: 79.364511,0.575,Chr13, 68.389827,Chr8, 79.364511,68.389827,79.364511,inf,False,trans,True,False,False,PSEUDOGENE_TRANS,True,0.10240963855421685,0.11239964317573593,0.17518324860548348,Tier_3_FlaggedInspect,Adipose
15774,UNCHAR_LOC120096930,LOC120096930,uncharacterized LOC120096930,Chr15: 16.631026,4.649,35.2,Chr15: 16.723033,-0.761,Chr15, 16.631026,Chr15, 16.723033,16.631026,16.723033,0.09200700000000239,True,cis,False,True,True,cis,False,0.10174029451137886,0.16770740410347906,0.2943066945152003,Tier_2_Validate,Adipose
18904,UNCHAR_LOC120101717,LOC120101717,uncharacterized LOC120101717,Chr3: 129.961516,6.05,35.2,Chr3: 129.807011,0.554,Chr3, 129.961516,Chr3, 129.807011,129.961516,129.807011,0.15450500000000034,True,cis,False,True,True,cis,False,0.10174029451137886,0.10615521855486175,0.2727634295731842,Tier_2_Validate,Adipose
30569,ENSRNOG00000086479,Tma7b,translation machinery associated 7B,Chr4: 78.331162,5.436,35.2,Chr8: 110.715683,0.524,Chr4, 78.331162,Chr8, 110.715683,78.331162,110.715683,inf,False,trans,False,False,False,trans_moderate,True,0.10174029451137886,0.09723461195361285,0.26964121726274715,Tier_3_FlaggedInspect,Adipose
3013,ENSRNOG00000011424,Cldn23,claudin 23,Chr16: 56.413676,3.786,35.1,Chr16: 56.494473,-0.857,Chr16, 56.413676,Chr16, 56.494473,56.413676,56.494473,0.0807969999999969,True,cis,False,False,False,cis,False,0.10107095046854084,0.19625334522747545,0.40406350349360565,Tier_2_Validate,Adipose
4887,ENSRNOG00000057817,Epb41l1,erythrocyte membrane protein band 4.1-like 1,Chr3: 144.929194,11.432,35.0,Chr3: 145.050063,0.413,Chr3, 144.929194,Chr3, 145.050063,144.929194,145.050063,0.120868999999999,True,cis,False,False,False,cis,False,0.10040160642570281,0.06422836752899196,0.35762049088414316,Tier_2_Validate,Adipose
19770,UNCHAR_LOC120103009,LOC120103009,uncharacterized LOC120103009,Chr5: 148.318267,2.373,35.0,Chr5: 148.359819,0.667,Chr5, 148.318267,Chr5, 148.359819,148.318267,148.359819,0.041551999999995815,True,cis,False,True,True,cis,False,0.10040160642570281,0.13975617008623253,0.2840552217791774,Tier_2_Validate,Adipose
1818,ENSRNOG00000003259,C1qtnf1,C1q and TNF related 1,Chr10: 103.660318,11.351,34.9,Chr10: 103.365367,0.386,Chr10, 103.660318,Chr10, 103.365367,103.660318,103.365367,0.2949509999999975,True,cis,False,False,False,cis,False,0.09973226238286478,0.056199821587867974,0.3545762293897564,Tier_2_Validate,Adipose
4916,ENSRNOG00000017286,Ephx2,epoxide hydrolase 2,Chr15: 40.327631,9.016,34.8,Chr15: 52.133415,-0.797,Chr15, 40.327631,Chr15, 52.133415,40.327631,52.133415,11.805784000000003,False,trans,False,False,False,trans_moderate,True,0.09906291834002676,0.17841213202497772,0.29711626762775156,Tier_3_FlaggedInspect,Adipose
9068,UNCHAR_LOC102546950,LOC102546950,uncharacterized LOC102546950,Chr3: 168.132725,3.458,34.7,Chr3: 168.114441,-0.775,Chr3, 168.132725,Chr3, 168.114441,168.132725,168.114441,0.018283999999994194,True,cis,False,True,True,cis,False,0.09839357429718877,0.17187035385072855,0.29459237485177103,Tier_2_Validate,Adipose
22095,ENSRNOG00000047349,Ms4a6b,"membrane-spanning 4-domains, subfamily A, member 6B",Chr1: 208.281015,8.379,34.7,Chr1: 208.647015,0.598,Chr1, 208.281015,Chr1, 208.647015,208.281015,208.647015,0.36600000000001387,True,cis,False,False,False,cis,False,0.09839357429718877,0.11923877490336009,0.3761713222201921,Tier_2_Validate,Adipose
6094,ENSRNOG00000031469,Glb1l3,"galactosidase, beta 1-like 3",Chr8: 25.220903,1.282,34.6,Chr8: 25.570084,-0.79,Chr8, 25.220903,Chr8, 25.570084,25.220903,25.570084,0.3491810000000015,True,cis,False,False,False,cis,False,0.09772423025435074,0.17633065715135296,0.3959192105919963,Tier_2_Validate,Adipose
8345,ENSRNOG00000010357,Lhx9,LIM homeobox 9,Chr13: 50.409946,2.476,34.5,Chr13: 49.769641,0.593,Chr13, 50.409946,Chr13, 49.769641,50.409946,49.769641,0.6403049999999979,True,cis,False,False,False,cis,False,0.09705488621151272,0.11775200713648527,0.3751824126717993,Tier_2_Validate,Adipose
4577,ENSRNOG00000042253,Ecd,ecdysoneless cell cycle regulator,Chr15: 3.967208,7.353,34.3,Chr15: 4.081199,-0.328,Chr15, 3.967208,Chr15, 4.081199,3.967208,4.081199,0.11399099999999995,True,cis,False,False,False,cis,False,0.09571619812583666,0.03895331549212013,0.3471343297662849,Tier_2_Validate,Adipose
33468,ENSRNOG00000038004,Zfp804a,zinc finger protein 804A,Chr3: 67.033480,2.208,34.3,Chr3: 65.899735,-0.912,Chr3, 67.033480,Chr3, 65.899735,67.03348,65.899735,1.1337449999999905,True,cis,False,False,False,cis,False,0.09571619812583666,0.21260779066309846,0.4079133960761273,Tier_2_Validate,Adipose
503,UNCHAR_Ahsp,Ahsp,alpha hemoglobin stabilizing protein,Chr1: 182.879900,3.725,34.2,Chr1: 231.862988,1.03,Chr1, 182.879900,Chr1, 231.862988,182.8799,231.862988,48.98308800000001,False,trans,False,False,False,trans_moderate,True,0.09504685408299868,0.24769550996134404,0.31995982741552,Tier_3_FlaggedInspect,Adipose
4779,ENSRNOG00000028176,Elmod2,ELMO domain containing 2,Chr19: 24.786165,8.918,34.2,Chr19: 24.890095,-0.302,Chr19, 24.786165,Chr19, 24.890095,24.786165,24.890095,0.1039299999999983,True,cis,False,False,False,cis,False,0.09504685408299868,0.031222123104371093,0.3441941420155794,Tier_2_Validate,Adipose
15123,UNCHAR_LOC120095980,LOC120095980,uncharacterized LOC120095980,Chr12: 36.144502,0.941,34.2,Chr7: 133.200936,-0.683,Chr12, 36.144502,Chr7, 133.200936,36.144502,133.200936,inf,False,trans,False,True,True,trans_moderate,True,0.09504685408299868,0.14451382694023196,0.18384623835813071,Tier_3_FlaggedInspect,Adipose
9487,UNCHAR_LOC102548773,LOC102548773,uncharacterized LOC102548773,Chr6: 36.391240,2.715,34.1,Chr6: 36.489634,0.63,Chr6, 36.391240,Chr6, 36.489634,36.39124,36.489634,0.09839399999999898,True,cis,False,True,True,cis,False,0.09437751004016065,0.1287540886113589,0.27809605952803185,Tier_2_Validate,Adipose
11329,UNCHAR_LOC103691422,LOC103691422,uncharacterized LOC103691422,Chr2: 24.481553,0.933,34.1,Chr2: 24.478320,0.727,Chr2, 24.481553,Chr2, 24.478320,24.481553,24.47832,0.0032330000000015957,True,cis,False,True,True,cis,False,0.09437751004016065,0.1575973832887303,0.28819121266511183,Tier_2_Validate,Adipose
25467,ENSRNOG00000028622,Pnpla1,"patatin like domain 1, omega-hydroxyceramide transacylase",Chr20: 6.917992,4.778,34.1,Chr20: 7.862433,-0.495,Chr20, 6.917992,Chr20, 7.862433,6.917992,7.862433,0.9444410000000003,True,cis,False,False,False,cis,False,0.09437751004016065,0.08861135890573892,0.36404610413106486,Tier_2_Validate,Adipose
26677,ENSRNOG00000004381,Rfk-ps3,"riboflavin kinase, pseudogene 3",Chr3: 86.512352,2.906,34.1,Chr1: 214.758666,1.731,Chr3, 86.512352,Chr1, 214.758666,86.512352,214.758666,inf,False,trans,True,False,False,PSEUDOGENE_TRANS,True,0.09437751004016065,0.456140350877193,0.2926812513210738,Tier_3_FlaggedInspect,Adipose
7192,ENSRNOG00000033984,Ifnlr1,"interferon, lambda receptor 1",Chr5: 147.919546,5.574,34.0,Chr5: 147.994184,0.437,Chr5, 147.919546,Chr5, 147.994184,147.919546,147.994184,0.0746379999999931,True,cis,False,False,False,cis,False,0.09370816599732262,0.07136485280999108,0.3577755565825598,Tier_2_Validate,Adipose
17133,UNCHAR_LOC120098859,LOC120098859,uncharacterized LOC120098859,Chr20: 5.602499,5.067,34.0,Chr20: 4.680142,0.595,Chr20, 5.602499,Chr20, 4.680142,5.602499,4.680142,0.9223569999999999,True,cis,False,True,True,cis,False,0.09370816599732262,0.1183467142432352,0.27421920808419525,Tier_2_Validate,Adipose
3518,ENSRNOG00000028319,Cryz,crystallin zeta,Chr2: 243.552043,6.215,33.9,Chr2: 242.456126,-0.387,Chr2, 243.552043,Chr2, 242.456126,243.552043,242.456126,1.0959169999999858,True,cis,False,False,False,cis,False,0.0930388219544846,0.05649717514124294,0.3523375989835046,Tier_2_Validate,Adipose
23114,ENSRNOG00000048622_2,Nwd1,NACHT and WD repeat domain containing 1,Chr16: 17.242054,6.158,33.8,Chr16: 17.484384,-0.371,Chr16, 17.242054,Chr16, 17.484384,17.242054,17.484384,0.24232999999999905,True,cis,False,False,False,cis,False,0.09236947791164657,0.051739518287243526,0.35043814866961154,Tier_2_Validate,Adipose
28552,ENSRNOG00000023476,Slc16a5,solute carrier family 16 member 5,Chr10: 100.707433,2.455,33.8,Chr10: 100.893592,0.83,Chr10, 100.707433,Chr10, 100.893592,100.707433,100.893592,0.18615900000000352,True,cis,False,False,False,cis,False,0.09236947791164657,0.18822479928635147,0.3982079970192993,Tier_2_Validate,Adipose
4599,ENSRNOG00000028598,Edar,ectodysplasin-A receptor,Chr20: 26.666542,2.726,33.7,Chr20: 26.692945,-0.826,Chr20, 26.666542,Chr20, 26.692945,26.666542,26.692945,0.026403000000001953,True,cis,False,False,False,cis,False,0.09170013386880858,0.1870353850728516,0.397557431629581,Tier_2_Validate,Adipose
12342,UNCHAR_LOC108350743,LOC108350743,uncharacterized LOC108350743,Chr4: 143.321780,0.558,33.7,Chr4: 139.912263,-1.128,Chr4, 143.321780,Chr4, 139.912263,143.32178,139.912263,3.409516999999994,True,cis,False,True,True,cis,False,0.09170013386880858,0.27683615819209034,0.3289877022213146,Tier_2_Validate,Adipose
25206,ENSRNOG00000085391,Pilrb2,paired immunoglobin like type 2 receptor beta 2,Chr12: 17.779526,2.954,33.7,Chr12: 19.032032,0.744,Chr12, 17.779526,Chr12, 19.032032,17.779526,19.032032,1.2525060000000003,True,cis,False,False,False,cis,False,0.09170013386880858,0.16265239369610465,0.3890233846477196,Tier_2_Validate,Adipose
8910,UNCHAR_LOC100912622,LOC100912622,uncharacterized LOC100912622,Chr2: 223.868545,7.371,33.6,Chr2: 223.720312,-0.284,Chr2, 223.868545,Chr2, 223.720312,223.868545,223.720312,0.14823300000000472,True,cis,False,True,True,cis,False,0.09103078982597056,0.025869759143621756,0.24091519213935733,Tier_2_Validate,Adipose
8854,ENSRNOG00000089910,LOC100911962,uncharacterized LOC100911962,Chr11: 78.249721,1.975,33.5,Chr11: 78.236644,-0.964,Chr11, 78.249721,Chr11, 78.236644,78.249721,78.236644,0.013076999999995564,True,cis,False,True,True,cis,False,0.09036144578313253,0.22807017543859645,0.31145106742760514,Tier_2_Validate,Adipose
27656,UNCHAR_Rps2-ps18,Rps2-ps18,"ribosomal protein S2, pseudogene 18",Chr10: 63.283053,9.646,33.5,Chr10: 13.286123,0.448,Chr10, 63.283053,Chr10, 13.286123,63.283053,13.286123,49.996930000000006,False,trans,True,False,False,PSEUDOGENE_TRANS,True,0.09036144578313253,0.07463574189711566,0.15774901568808686,Tier_3_FlaggedInspect,Adipose
12459,UNCHAR_LOC108351200,LOC108351200,uncharacterized LOC108351200,Chr6: 31.393356,7.658,33.4,Chr6: 31.417411,-0.54,Chr6, 31.393356,Chr6, 31.417411,31.393356,31.417411,0.024055000000000604,True,cis,False,True,True,cis,False,0.0896921017402945,0.10199226880761227,0.26708952969176736,Tier_2_Validate,Adipose
29668,ENSRNOG00000012083,St6galnac2,"ST6 N-acetylgalactosaminide alpha-2,6-sialyltransferase 2",Chr10: 101.928411,5.849,33.4,Chr10: 101.964122,-0.626,Chr10, 101.928411,Chr10, 101.964122,101.928411,101.964122,0.035711000000006266,True,cis,False,False,False,cis,False,0.0896921017402945,0.12756467439785904,0.37603987164835373,Tier_2_Validate,Adipose
5929,ENSRNOG00000068418,Gbp6,guanylate binding protein family member 6,Chr14: 4.730285,6.899,33.3,Chr14: 3.829000,-0.55,Chr14, 4.730285,Chr14, 3.829000,4.730285,3.829,0.9012850000000001,True,cis,False,False,False,cis,False,0.08902275769745648,0.10496580434136189,0.3678959967135864,Tier_2_Validate,Adipose
18919,UNCHAR_LOC120101738,LOC120101738,uncharacterized LOC120101738,Chr3: 138.491425,1.174,33.3,Chr3: 138.348233,0.711,Chr3, 138.491425,Chr3, 138.348233,138.491425,138.348233,0.1431919999999991,True,cis,False,True,True,cis,False,0.08902275769745648,0.1528397264347309,0.2846518694462656,Tier_2_Validate,Adipose
32626,ENSRNOG00000091387,Vom1r69,vomeronasal 1 receptor 69,Chr4: 86.394570,0.449,33.2,Chr4: 84.549955,0.759,Chr4, 86.394570,Chr4, 84.549955,86.39457,84.549955,1.8446150000000046,True,cis,False,False,False,cis,False,0.08835341365461849,0.16711269699672912,0.3894131387279717,Tier_2_Validate,Adipose
3831,ENSRNOG00000010600,Cysrt1,cysteine rich tail 1,Chr3: 8.057806,2.693,33.1,Chr3: 7.973758,0.651,Chr3, 8.057806,Chr3, 7.973758,8.057806,7.973758,0.08404799999999923,True,cis,False,False,False,cis,False,0.08768406961178046,0.13499851323223314,0.37793890399540475,Tier_2_Validate,Adipose
24897,ENSRNOG00000011310,Pde10a,phosphodiesterase 10A,Chr1: 52.218085,7.622,33.1,Chr1: 51.796295,-0.386,Chr1, 52.218085,Chr1, 51.796295,52.218085,51.796295,0.42179000000000144,True,cis,False,False,False,cis,False,0.08768406961178046,0.056199821587867974,0.35035936191987693,Tier_2_Validate,Adipose
11306,UNCHAR_LOC103691243,LOC103691243,uncharacterized LOC103691243,Chr1: 184.090816,1.354,33.0,Chr1: 184.095736,0.676,Chr1, 184.090816,Chr1, 184.095736,184.090816,184.095736,0.004919999999998481,True,cis,False,True,True,cis,False,0.08701472556894244,0.1424323520666072,0.2803064771724424,Tier_2_Validate,Adipose
22435,ENSRNOG00000029977,Nat2,N-acetyltransferase 2,Chr16: 22.217849,8.035,33.0,Chr16: 22.210721,-0.306,Chr16, 22.217849,Chr16, 22.210721,22.217849,22.210721,0.0071280000000015775,True,cis,False,False,False,cis,False,0.08701472556894244,0.03241153731787094,0.34179919201038467,Tier_2_Validate,Adipose
20191,UNCHAR_LOC120103631,LOC120103631,uncharacterized LOC120103631,Chr6: 131.313677,0.784,32.9,Chr6: 131.511713,-0.656,Chr6, 131.313677,Chr6, 131.511713,131.313677,131.511713,0.19803599999997346,True,cis,False,True,True,cis,False,0.08634538152610441,0.13648528099910795,0.27799073188382434,Tier_2_Validate,Adipose
19681,UNCHAR_LOC120102902,LOC120102902,protein PRRC2C-like,Chr5: 95.553146,7.423,32.8,Chr13: 75.013561,0.367,Chr5, 95.553146,Chr13, 75.013561,95.553146,75.013561,inf,False,trans,False,False,True,trans_moderate,True,0.08567603748326638,0.050550104073743676,0.24767914954495354,Tier_3_FlaggedInspect,Adipose
11893,UNCHAR_LOC108348536,LOC108348536,uncharacterized LOC108348536,Chr17: 20.255148,4.128,32.7,Chr17: 20.134771,-0.685,Chr17, 20.255148,Chr17, 20.134771,20.255148,20.134771,0.12037699999999774,True,cis,False,True,True,cis,False,0.0850066934404284,0.14510853404698187,0.2805403296205936,Tier_2_Validate,Adipose
5512,ENSRNOG00000016866,Fhl2,four and a half LIM domains 2,Chr9: 45.462420,7.198,32.6,Chr9: 45.213337,-0.483,Chr9, 45.462420,Chr9, 45.213337,45.46242,45.213337,0.24908299999999883,True,cis,False,False,False,cis,False,0.08433734939759037,0.08504311626523936,0.35928316298199037,Tier_2_Validate,Adipose
2372,ENSRNOG00000047114,Cct8l2,chaperonin containing TCP1 subunit 8 like 2,Chr4: 9.606970,3.935,32.5,Chr4: 9.898950,-0.511,Chr4, 9.606970,Chr4, 9.898950,9.60697,9.89895,0.2919799999999988,True,cis,False,False,False,cis,False,0.08366800535475234,0.09336901575973833,0.3619629573900718,Tier_2_Validate,Adipose
19014,UNCHAR_LOC120101875,LOC120101875,uncharacterized LOC120101875,Chr3: 4.361354,4.032,32.5,Chr3: 9.132890,0.802,Chr3, 4.361354,Chr3, 9.132890,4.361354,9.13289,4.771535999999999,False,trans,False,True,True,trans_moderate,True,0.08366800535475234,0.1798988997918525,0.1922484168013117,Tier_3_FlaggedInspect,Adipose
6997,ENSRNOG00000012549,Hs2st1,heparan sulfate 2-O-sulfotransferase 1,Chr2: 233.641768,10.795,32.4,Chr2: 233.442422,-0.383,Chr2, 233.641768,Chr2, 233.442422,233.641768,233.442422,0.19934600000001979,True,cis,False,False,False,cis,False,0.08299866131191432,0.05530776092774309,0.3484072477838801,Tier_2_Validate,Adipose
8508,UNCHAR_LOC100360413,LOC100360413,uncharacterized LOC100360413,ChrX: 148.480779,13.168,32.4,Chr8: 79.366724,-0.447,ChrX, 148.480779,Chr8, 79.366724,148.480779,79.366724,inf,False,trans,False,True,True,trans_moderate,True,0.08299866131191432,0.07433838834374071,0.15506796737947925,Tier_3_FlaggedInspect,Adipose
10324,UNCHAR_LOC102552601,LOC102552601,uncharacterized LOC102552601,Chr6: 101.514172,3.006,32.3,Chr6: 101.610586,0.604,Chr6, 101.514172,Chr6, 101.610586,101.514172,101.610586,0.09641399999999578,True,cis,False,True,True,cis,False,0.08232931726907629,0.12102289622360986,0.2711732747224401,Tier_2_Validate,Adipose
32543,ENSRNOG00000068184,Vinac1,vinculin/alpha-catenin family member 1,Chr3: 116.285107,3.759,32.3,Chr3: 115.507993,0.556,Chr3, 116.285107,Chr3, 115.507993,116.285107,115.507993,0.7771139999999974,True,cis,False,False,False,cis,False,0.08232931726907629,0.10674992566161166,0.3661777350257408,Tier_2_Validate,Adipose
33256,ENSRNOG00000070848,Zfp27,zinc finger protein 27,Chr1: 85.130577,6.832,32.3,Chr1: 85.398518,0.342,Chr1, 85.130577,Chr1, 85.398518,85.130577,85.398518,0.2679409999999933,True,cis,False,False,False,cis,False,0.08232931726907629,0.043116265239369615,0.3439059538779561,Tier_2_Validate,Adipose
6018,ENSRNOG00000007351,Ggh,gamma-glutamyl hydrolase,Chr5: 33.529879,7.596,32.2,Chr5: 33.461794,-0.35,Chr5, 33.529879,Chr5, 33.461794,33.529879,33.461794,0.0680850000000035,True,cis,False,False,False,cis,False,0.0816599732262383,0.04549509366636931,0.3445042734124127,Tier_2_Validate,Adipose
31969,ENSRNOG00000027564,Tsga10ip,testis specific 10 interacting protein,Chr1: 202.714667,2.291,32.1,Chr1: 203.024851,-0.805,Chr1, 202.714667,Chr1, 203.024851,202.714667,203.024851,0.3101840000000209,True,cis,False,False,False,cis,False,0.08099062918340028,0.18079096045197743,0.3916235563723822,Tier_2_Validate,Adipose
24277,ENSRNOG00000066569,Or6k4,olfactory receptor family 6 subfamily K member 14B,Chr13: 86.164243,1.326,31.8,Chr13: 86.622151,0.683,Chr13, 86.164243,Chr13, 86.622151,86.164243,86.622151,0.4579080000000033,True,cis,False,False,False,cis,False,0.07898259705488621,0.14451382694023196,0.3782237483982913,Tier_2_Validate,Adipose
29105,ENSRNOG00000057075,Snora46,"small nucleolar RNA, H/ACA box 46",Chr19: 9.314440,4.798,31.8,Chr19: 9.115149,-1.029,Chr19, 9.314440,Chr19, 9.115149,9.31444,9.115149,0.19929099999999877,True,cis,False,False,False,cis,False,0.07898259705488621,0.24739815640796903,0.4142332637119993,Tier_2_Validate,Adipose
466,ENSRNOG00000012315,Agmat,agmatinase,Chr5: 154.043664,2.637,31.6,Chr5: 154.500033,0.733,Chr5, 154.043664,Chr5, 154.500033,154.043664,154.500033,0.45636899999999514,True,cis,False,False,False,cis,False,0.07764390896921018,0.1593815046089801,0.38295889475236655,Tier_2_Validate,Adipose
30574,ENSRNOG00000051262,Tmc1,transmembrane channel-like 1,Chr1: 218.446012,1.295,31.6,Chr1: 218.301993,-0.884,Chr1, 218.446012,Chr1, 218.301993,218.446012,218.301993,0.1440189999999859,True,cis,False,False,False,cis,False,0.07764390896921018,0.2042818911685995,0.39867403004823343,Tier_2_Validate,Adipose
3681,ENSRNOG00000024372,Cwf19l2,CWF19 like cell cycle control factor 2,Chr6: 0.356635,8.946,31.4,Chr6: 5.685173,0.419,Chr6, 0.356635,Chr6, 5.685173,0.356635,5.685173,5.328538,False,trans,False,False,False,trans_moderate,True,0.07630522088353413,0.06601248884924174,0.24981119840647156,Tier_3_FlaggedInspect,Adipose
4557,ENSRNOG00000004449,E2f6,E2F transcription factor 6,Chr6: 39.592223,9.031,31.4,Chr6: 39.599091,0.413,Chr6, 39.592223,Chr6, 39.599091,39.592223,39.599091,0.006868000000004315,True,cis,False,False,False,cis,False,0.07630522088353413,0.06422836752899196,0.34918675594438414,Tier_2_Validate,Adipose
11196,UNCHAR_LOC103690438,LOC103690438,uncharacterized LOC103690438,Chr8: 80.710124,2.061,31.4,Chr8: 80.385780,0.659,Chr8, 80.710124,Chr8, 80.385780,80.710124,80.38578,0.3243439999999964,True,cis,False,True,True,cis,False,0.07630522088353413,0.13737734165923282,0.27478889688996844,Tier_2_Validate,Adipose
15318,UNCHAR_LOC120096289,LOC120096289,uncharacterized LOC120096289,Chr13: 68.293427,1.929,31.4,Chr13: 67.852024,-0.811,Chr13, 68.293427,Chr13, 67.852024,68.293427,67.852024,0.441402999999994,True,cis,False,True,True,cis,False,0.07630522088353413,0.1825750817722272,0.29060810592951647,Tier_2_Validate,Adipose
21850,ENSRNOG00000005708,Mmp16,matrix metallopeptidase 16,Chr5: 31.312279,3.925,31.4,Chr5: 30.539069,0.891,Chr5, 31.312279,Chr5, 30.539069,31.312279,30.539069,0.7732099999999988,True,cis,False,False,False,cis,False,0.07630522088353413,0.2063633660422242,0.39893400542401536,Tier_2_Validate,Adipose
632,ENSRNOG00000024525,Alkbh8,"alkB homolog 8, tRNA methyltransferase",Chr6: 0.449381,7.399,31.3,Chr6: 5.685173,0.419,Chr6, 0.449381,Chr6, 5.685173,0.449381,5.685173,5.235792,False,trans,False,False,False,trans_moderate,True,0.07563587684069611,0.06601248884924174,0.24957692799147826,Tier_3_FlaggedInspect,Adipose
5587,ENSRNOG00000018076,Fmo5,flavin containing dimethylaniline monoxygenase 5,Chr2: 185.216118,7.092,31.3,Chr2: 185.553302,-0.313,Chr2, 185.216118,Chr2, 185.553302,185.216118,185.553302,0.3371840000000077,True,cis,False,False,False,cis,False,0.07563587684069611,0.034493012191495684,0.3385451111612672,Tier_2_Validate,Adipose
25364,ENSRNOG00000010650,Plekhh1,"pleckstrin homology, MyTH4 and FERM domain containing H1",Chr6: 97.839287,7.426,31.3,Chr6: 96.297826,-0.382,Chr6, 97.839287,Chr6, 96.297826,97.839287,96.297826,1.5414609999999982,True,cis,False,False,False,cis,False,0.07563587684069611,0.055010407374368124,0.3457261994752725,Tier_2_Validate,Adipose
27282,ENSRNOG00000025615_2,Rnase1,"ribonuclease, RNase A family, 1-like 1",Chr15: 24.363632,2.319,31.3,Chr15: 28.480643,2.131,Chr15, 24.363632,Chr15, 28.480643,24.363632,28.480643,4.1170110000000015,False,trans,False,False,False,MEGA_EFFECT,True,0.07563587684069611,0.575081772227178,0.4277511771737559,Tier_3_FlaggedInspect,Adipose
32696,ENSRNOG00000083545,Vom2r5,"vomeronasal 2 receptor, 5",Chr1: 1.161905,0.494,31.3,Chr1: 2.665618,0.7,Chr1, 1.161905,Chr1, 2.665618,1.161905,2.665618,1.5037129999999999,True,cis,False,False,False,cis,False,0.07563587684069611,0.14956883734760626,0.37882164996590584,Tier_2_Validate,Adipose
5102,ENSRNOG00000018003,F2rl1,F2R like trypsin receptor 1,Chr2: 26.785225,5.903,31.2,Chr2: 26.834458,-0.473,Chr2, 26.785225,Chr2, 26.834458,26.785225,26.834458,0.04923300000000097,True,cis,False,False,False,cis,False,0.07496653279785809,0.08206958073148973,0.35496263973527176,Tier_2_Validate,Adipose
9231,UNCHAR_LOC102547670,LOC102547670,uncharacterized LOC102547670,Chr19: 44.849825,4.104,31.1,Chr19: 44.839530,-0.694,Chr19, 44.849825,Chr19, 44.839530,44.849825,44.83953,0.010294999999999277,True,cis,False,True,True,cis,False,0.07429718875502009,0.14778471602735652,0.2777286666738318,Tier_2_Validate,Adipose
29647,ENSRNOG00000007332,Sstr3,somatostatin receptor 3,Chr7: 110.108921,3.568,31.1,Chr7: 109.614783,0.892,Chr7, 110.108921,Chr7, 109.614783,110.108921,109.614783,0.4941379999999924,True,cis,False,False,False,cis,False,0.07429718875502009,0.20666071959559917,0.3983352679227168,Tier_2_Validate,Adipose
33270,ENSRNOG00000049605,Zfp296,zinc finger protein 296,Chr1: 79.228769,3.023,31.1,Chr1: 79.165093,-0.65,Chr1, 79.228769,Chr1, 79.165093,79.228769,79.165093,0.06367600000000095,True,cis,False,False,False,cis,False,0.07429718875502009,0.13470115967885818,0.3731494219518574,Tier_2_Validate,Adipose
3698,ENSRNOG00000022242,Cxcl9,C-X-C motif chemokine ligand 9,Chr14: 15.722867,8.019,31.0,Chr14: 15.587596,-0.412,Chr14, 15.722867,Chr14, 15.587596,15.722867,15.587596,0.13527100000000125,True,cis,False,False,False,cis,False,0.07362784471218206,0.063931013975617,0.3481456005407297,Tier_2_Validate,Adipose
3813,ENSRNOG00000042496,Cyp4f37,"cytochrome P450, family 4, subfamily f, polypeptide 37",Chr7: 11.572572,7.9,30.9,Chr7: 11.404448,-0.425,Chr7, 11.572572,Chr7, 11.404448,11.572572,11.404448,0.16812399999999883,True,cis,False,False,False,cis,False,0.07295850066934403,0.06779661016949153,0.34926428879359245,Tier_2_Validate,Adipose
26130,ENSRNOG00000046468,Ptgfr,prostaglandin F receptor,Chr2: 240.766673,8.076,30.9,Chr2: 240.799657,0.546,Chr2, 240.766673,Chr2, 240.799657,240.766673,240.799657,0.032983999999999014,True,cis,False,False,False,cis,False,0.07295850066934403,0.10377639012786204,0.3618572117790221,Tier_2_Validate,Adipose
10591,UNCHAR_LOC102553943,LOC102553943,uncharacterized LOC102553943,Chr2: 208.902560,4.814,30.8,Chr2: 208.854647,-0.744,Chr2, 208.902560,Chr2, 208.854647,208.90256,208.854647,0.0479129999999941,True,cis,False,True,True,cis,False,0.07228915662650602,0.16265239369610465,0.2822295426129138,Tier_2_Validate,Adipose
11478,UNCHAR_LOC103692300,LOC103692300,uncharacterized LOC103692300,Chr5: 22.916041,1.115,30.8,Chr5: 22.915517,-0.631,Chr5, 22.916041,Chr5, 22.915517,22.916041,22.915517,0.0005239999999986367,True,cis,False,True,True,cis,False,0.07228915662650602,0.12905144216473388,0.270469209576934,Tier_2_Validate,Adipose
20356,UNCHAR_LOC680254,LOC680254,uncharacterized LOC680254,Chr13: 69.569484,5.576,30.8,Chr13: 69.694938,0.326,Chr13, 69.569484,Chr13, 69.694938,69.569484,69.694938,0.12545399999999063,True,cis,False,True,True,cis,False,0.07228915662650602,0.0383586083853702,0.2387267177541567,Tier_2_Validate,Adipose
27789,ENSRNOG00000076074,RT1-O1,"RT1 class Ib, locus O1",Chr20: 2.655115,3.396,30.8,Chr20: 3.601132,0.67,Chr20, 2.655115,Chr20, 3.601132,2.655115,3.601132,0.9460170000000003,True,cis,False,False,False,cis,False,0.07228915662650602,0.14064823074635743,0.3745280855805022,Tier_2_Validate,Adipose
88,ENSRNOG00000069481_1,Abcg3,"ATP-binding cassette, subfamily G (WHITE), member 3-like 1",Chr14: 4.763551,7.657,30.7,Chr14: 4.330834,0.326,Chr14, 4.763551,Chr14, 4.330834,4.763551,4.330834,0.43271699999999935,True,cis,False,False,False,cis,False,0.071619812583668,0.0383586083853702,0.3384924473391634,Tier_2_Validate,Adipose
16649,UNCHAR_LOC120098188,LOC120098188,uncharacterized LOC120098188,Chr18: 70.086768,1.946,30.7,Chr18: 70.329282,0.716,Chr18, 70.086768,Chr18, 70.329282,70.086768,70.329282,0.2425139999999999,True,cis,False,True,True,cis,False,0.071619812583668,0.15432649420160569,0.27908120737484576,Tier_2_Validate,Adipose
4456,ENSRNOG00000013928,Dsp,desmoplakin,Chr17: 26.671691,7.158,30.6,Chr17: 27.011152,0.714,Chr17, 26.671691,Chr17, 27.011152,26.671691,27.011152,0.339461,True,cis,False,False,False,cis,False,0.07095046854083,0.15373178709485574,0.37863878947248997,Tier_2_Validate,Adipose
9902,UNCHAR_LOC102550711,LOC102550711,uncharacterized LOC102550711,Chr9: 113.501632,8.244,30.6,Chr9: 112.444670,0.326,Chr9, 113.501632,Chr9, 112.444670,113.501632,112.44467,1.0569619999999986,True,cis,False,True,True,cis,False,0.07095046854083,0.0383586083853702,0.2382581769241701,Tier_2_Validate,Adipose
14431,UNCHAR_LOC120095044,LOC120095044,uncharacterized LOC120095044,Chr10: 12.899069,3.112,30.6,Chr10: 13.043610,0.709,Chr10, 12.899069,Chr10, 13.043610,12.899069,13.04361,0.14454099999999848,True,cis,False,True,True,cis,False,0.07095046854083,0.15224501932798098,0.2781184207540839,Tier_2_Validate,Adipose
28158,ENSRNOG00000006631,Sema3e,semaphorin 3E,Chr4: 20.555286,8.317,30.6,Chr4: 17.550656,-0.944,Chr4, 20.555286,Chr4, 17.550656,20.555286,17.550656,3.004629999999999,True,cis,False,False,False,cis,False,0.07095046854083,0.2221231043710972,0.4025757505191745,Tier_2_Validate,Adipose
3789,ENSRNOG00000031004,Cyp2j4,"cytochrome P450, family 2, subfamily j, polypeptide 4",Chr5: 111.207489,7.211,30.5,Chr5: 111.023453,0.321,Chr5, 111.207489,Chr5, 111.023453,111.207489,111.023453,0.18403599999999187,True,cis,False,False,False,cis,False,0.07028112449799197,0.03687184061849539,0.3375035377907706,Tier_2_Validate,Adipose
9244,ENSRNOG00000078624,LOC102547718,uncharacterized LOC102547718,Chr2: 112.309534,2.669,30.4,Chr2: 111.374519,0.677,Chr2, 112.309534,Chr2, 111.374519,112.309534,111.374519,0.9350149999999928,True,cis,False,True,True,cis,False,0.06961178045515394,0.14272970561998216,0.2743195201262977,Tier_2_Validate,Adipose
10291,UNCHAR_LOC102552452,LOC102552452,uncharacterized LOC102552452,Chr12: 2.688004,2.263,30.4,Chr12: 2.754668,0.684,Chr12, 2.688004,Chr12, 2.754668,2.688004,2.754668,0.06666400000000028,True,cis,False,True,True,cis,False,0.06961178045515394,0.14481118049360692,0.2750480363320663,Tier_2_Validate,Adipose
10569,UNCHAR_LOC102553843,LOC102553843,uncharacterized LOC102553843,Chr10: 35.892523,4.485,30.4,Chr10: 35.142813,0.472,Chr10, 35.892523,Chr10, 35.142813,35.892523,35.142813,0.7497100000000003,True,cis,False,True,True,cis,False,0.06961178045515394,0.08177222717811476,0.252984402671644,Tier_2_Validate,Adipose
14877,UNCHAR_LOC120095647,LOC120095647,uncharacterized LOC120095647,Chr11: 42.129748,6.313,30.4,Chr11: 42.949805,-0.322,Chr11, 42.129748,Chr11, 42.949805,42.129748,42.949805,0.8200569999999985,True,cis,False,True,True,cis,False,0.06961178045515394,0.037169194171870354,0.23737334111945851,Tier_2_Validate,Adipose
22734,ENSRNOG00000027797,Nit2,"nitrilase family, member 2",Chr11: 43.363838,10.359,30.4,Chr11: 43.455216,-0.226,Chr11, 43.363838,Chr11, 43.455216,43.363838,43.455216,0.09137799999999885,True,cis,False,False,False,cis,False,0.06961178045515394,0.008623253047873921,0.3273822617260598,Tier_2_Validate,Adipose
11008,UNCHAR_LOC102556004,LOC102556004,uncharacterized LOC102556004,Chr5: 9.296083,7.62,30.3,Chr5: 11.539025,-0.318,Chr5, 9.296083,Chr5, 11.539025,9.296083,11.539025,2.242942000000001,True,cis,False,True,True,cis,False,0.06894243641231593,0.035979779958370504,0.23672277572974026,Tier_2_Validate,Adipose
22442,ENSRNOG00000070875,Nat8f4,N-acetyltransferase 8 (GCN5-related) family member 4,Chr4: 118.332590,5.586,30.3,Chr4: 118.133979,-0.392,Chr4, 118.332590,Chr4, 118.133979,118.33259,118.133979,0.19861099999999965,True,cis,False,False,False,cis,False,0.06894243641231593,0.05798394290811775,0.3444242327621518,Tier_2_Validate,Adipose
27577,ENSRNOG00000086232,Rpl30,ribosomal protein L30,Chr7: 65.651400,10.446,30.3,Chr7: 67.388255,-0.461,Chr7, 65.651400,Chr7, 67.388255,65.6514,67.388255,1.7368550000000056,True,cis,False,False,False,cis,False,0.06894243641231593,0.07850133809099019,0.35160532107615716,Tier_2_Validate,Adipose
32086,ENSRNOG00000007139,Ttpa,alpha tocopherol transfer protein,Chr5: 33.497536,9.841,30.3,Chr5: 33.461794,-0.46,Chr5, 33.497536,Chr5, 33.461794,33.497536,33.461794,0.03574199999999905,True,cis,False,False,False,cis,False,0.06894243641231593,0.07820398453761523,0.3515012473324759,Tier_2_Validate,Adipose
12376,UNCHAR_LOC108350928,LOC108350928,uncharacterized LOC108350928,Chr5: 21.574911,0.475,30.2,Chr5: 21.572861,0.492,Chr5, 21.574911,Chr5, 21.572861,21.574911,21.572861,0.0020500000000005514,True,cis,False,True,True,cis,False,0.0682730923694779,0.08771929824561403,0.2545973367152822,Tier_2_Validate,Adipose
12892,ENSRNOG00000057919,LOC108352704,uncharacterized LOC108352704,Chr14: 7.347218,3.702,30.1,Chr14: 7.500727,-0.723,Chr14, 7.347218,Chr14, 7.500727,7.347218,7.500727,0.15350900000000056,True,cis,False,True,True,cis,False,0.0676037483266399,0.15640796907523047,0.2784041010906546,Tier_2_Validate,Adipose
7172,UNCHAR_Ifitm2,Ifitm2,interferon induced transmembrane protein 2,Chr1: 196.052718,11.198,30.0,Chr1: 196.261142,-0.338,Chr1, 196.052718,Chr1, 196.261142,196.052718,196.261142,0.20842400000000794,True,cis,False,False,False,cis,False,0.06693440428380187,0.041926851025869766,0.3381014393583851,Tier_2_Validate,Adipose
7831,ENSRNOG00000015682,Kel,Kell metallo-endopeptidase (Kell blood group),Chr4: 70.585665,2.409,30.0,Chr1: 231.862988,1.035,Chr4, 70.585665,Chr1, 231.862988,70.585665,231.862988,inf,False,trans,False,False,False,trans_moderate,True,0.06693440428380187,0.2491822777282188,0.3106408387042072,Tier_3_FlaggedInspect,Adipose
180,ENSRNOG00000011478,Ackr4,atypical chemokine receptor 4,Chr8: 104.720913,7.584,29.9,Chr8: 105.007455,0.447,Chr8, 104.720913,Chr8, 105.007455,104.720913,105.007455,0.2865419999999972,True,cis,False,False,False,cis,False,0.06626506024096385,0.07433838834374071,0.3492112070046466,Tier_2_Validate,Adipose
11848,UNCHAR_LOC108348385,LOC108348385,uncharacterized LOC108348385,Chr16: 17.706096,2.188,29.9,Chr16: 17.698296,-0.786,Chr16, 17.706096,Chr16, 17.698296,17.706096,17.698296,0.007799999999999585,True,cis,False,True,True,cis,False,0.06626506024096385,0.1751412429378531,0.28449220611258597,Tier_2_Validate,Adipose
27786,ENSRNOG00000040052,RT1-M6-2,"RT1 class I, locus M6, gene 2",Chr20: 1.583266,5.351,29.9,Chr20: 1.568617,-0.368,Chr20, 1.583266,Chr20, 1.568617,1.583266,1.568617,0.014649000000000134,True,cis,False,False,False,cis,False,0.06626506024096385,0.05084745762711864,0.3409893812538289,Tier_2_Validate,Adipose
4592,ENSRNOG00000023576,Ecrg4,ECRG4 augurin precursor,Chr9: 45.992953,5.891,29.7,Chr9: 46.531618,-0.404,Chr9, 45.992953,Chr9, 46.531618,45.992953,46.531618,0.5386650000000017,True,cis,False,False,False,cis,False,0.0649263721552878,0.061552185548617314,0.3442674951963668,Tier_2_Validate,Adipose
7230,ENSRNOG00000010635,Igfbp4,insulin-like growth factor binding protein 4,Chr10: 83.995315,11.698,29.7,Chr10: 83.904607,-0.457,Chr10, 83.995315,Chr10, 83.904607,83.995315,83.904607,0.09070800000000645,True,cis,False,False,False,cis,False,0.0649263721552878,0.07731192387749034,0.34978340361147237,Tier_2_Validate,Adipose
9135,UNCHAR_LOC102547278,LOC102547278,uncharacterized LOC102547278,Chr10: 81.965283,4.4,29.7,Chr10: 81.774513,-0.403,Chr10, 81.965283,Chr10, 81.774513,81.965283,81.774513,0.19077000000000055,True,cis,False,True,True,cis,False,0.0649263721552878,0.06125483199524235,0.24416342145268558,Tier_2_Validate,Adipose
14152,UNCHAR_LOC120094674,LOC120094674,uncharacterized LOC120094674,Chr9: 42.111834,1.282,29.7,Chr9: 42.018821,-0.631,Chr9, 42.111834,Chr9, 42.018821,42.111834,42.018821,0.09301299999999912,True,cis,False,True,True,cis,False,0.0649263721552878,0.12905144216473388,0.2678922350120076,Tier_2_Validate,Adipose
740,ENSRNOG00000014742,Ankrd13b,ankyrin repeat domain 13B,Chr10: 62.338341,6.021,29.6,Chr10: 62.441409,-0.471,Chr10, 62.338341,Chr10, 62.441409,62.338341,62.441409,0.10306800000000038,True,cis,False,False,False,cis,False,0.06425702811244981,0.0814748736247398,0.35100616560801634,Tier_2_Validate,Adipose
3692,ENSRNOG00000011984,Cxcl14,C-X-C motif chemokine ligand 14,Chr17: 8.317929,7.521,29.6,Chr20: 8.246703,0.689,Chr17, 8.317929,Chr20, 8.246703,8.317929,8.246703,inf,False,trans,False,False,False,trans_moderate,True,0.06425702811244981,0.1462979482604817,0.27369424173052603,Tier_3_FlaggedInspect,Adipose
9220,UNCHAR_LOC102547634,LOC102547634,uncharacterized LOC102547634,Chr7: 128.278671,2.646,29.6,Chr7: 128.577171,0.672,Chr7, 128.278671,Chr7, 128.577171,128.278671,128.577171,0.29849999999999,True,cis,False,True,True,cis,False,0.06425702811244981,0.14124293785310735,0.27192498808794496,Tier_2_Validate,Adipose
20102,UNCHAR_LOC120103526,LOC120103526,uncharacterized LOC120103526,Chr6: 61.275175,3.768,29.6,Chr6: 61.158879,-0.456,Chr6, 61.275175,Chr6, 61.158879,61.275175,61.158879,0.1162959999999984,True,cis,False,True,True,cis,False,0.06425702811244981,0.07701457032411538,0.24944505945279782,Tier_2_Validate,Adipose
10071,UNCHAR_LOC102551452,LOC102551452,uncharacterized LOC102551452,Chr1: 208.328600,6.301,29.5,Chr1: 208.647015,0.951,Chr1, 208.328600,Chr1, 208.647015,208.3286,208.647015,0.3184150000000159,True,cis,False,True,True,cis,False,0.06358768406961178,0.22420457924472198,0.3007272921600168,Tier_2_Validate,Adipose
19007,UNCHAR_LOC120101849,LOC120101849,uncharacterized LOC120101849,Chr3: 5.375105,6.759,29.5,Chr3: 9.132890,0.889,Chr3, 5.375105,Chr3, 9.132890,5.375105,9.13289,3.757785,True,cis,False,True,True,cis,False,0.06358768406961178,0.20576865893547427,0.2942747200517801,Tier_2_Validate,Adipose
20698,ENSRNOG00000025608,Lrat,lecithin retinol acyltransferase,Chr2: 168.273154,7.701,29.5,Chr2: 167.937010,-0.618,Chr2, 168.273154,Chr2, 167.937010,168.273154,167.93701,0.33614400000001865,True,cis,False,False,False,cis,False,0.06358768406961178,0.12518584597085936,0.3660707355141649,Tier_2_Validate,Adipose
3934,ENSRNOG00000013215,Dctd,dCMP deaminase,Chr16: 44.098653,5.703,29.4,Chr16: 40.235287,-0.441,Chr16, 44.098653,Chr16, 40.235287,44.098653,40.235287,3.863365999999999,True,cis,False,False,False,cis,False,0.06291834002677375,0.07255426702349092,0.34741541246759267,Tier_2_Validate,Adipose
23216,ENSRNOG00000019211,Olfml3,olfactomedin-like 3,Chr2: 191.247049,9.65,29.4,Chr2: 192.173900,0.321,Chr2, 191.247049,Chr2, 192.173900,191.247049,192.1739,0.9268509999999992,True,cis,False,False,False,cis,False,0.06291834002677375,0.03687184061849539,0.33492656322584424,Tier_2_Validate,Adipose
29930,ENSRNOG00000027645,Syndig1l,synapse differentiation inducing 1-like,Chr6: 104.344988,1.648,29.4,Chr6: 104.374072,-0.834,Chr6, 104.344988,Chr6, 104.374072,104.344988,104.374072,0.029083999999997445,True,cis,False,False,False,cis,False,0.06291834002677375,0.18941421349985132,0.3883163937343188,Tier_2_Validate,Adipose
11019,UNCHAR_LOC102556051,LOC102556051,uncharacterized LOC102556051,Chr2: 32.535777,2.293,29.3,Chr2: 32.342678,-0.685,Chr2, 32.535777,Chr2, 32.342678,32.535777,32.342678,0.19309900000000368,True,cis,False,True,True,cis,False,0.06224899598393575,0.14510853404698187,0.27257513551082113,Tier_2_Validate,Adipose
20886,UNCHAR_Ly49si2,Ly49si2,immunoreceptor Ly49si2,Chr4: 163.845960,8.919,29.3,Chr4: 165.066174,0.521,Chr4, 163.845960,Chr4, 165.066174,163.84596,165.066174,1.2202139999999986,True,cis,False,False,False,cis,False,0.06224899598393575,0.09634255129348795,0.35550704154709833,Tier_2_Validate,Adipose
23214,ENSRNOG00000014034,Olfml2a,olfactomedin-like 2A,Chr3: 22.688589,8.037,29.3,Chr3: 19.340542,0.635,Chr3, 22.688589,Chr3, 19.340542,22.688589,19.340542,3.348047000000001,True,cis,False,False,False,cis,False,0.06224899598393575,0.1302408563782337,0.3673714483267593,Tier_2_Validate,Adipose
1738,ENSRNOG00000052710,Btn3a2,"butyrophilin, subfamily 3, member A2",Chr20: 4.398253,1.829,29.2,Chr20: 4.679209,-0.979,Chr20, 4.398253,Chr20, 4.679209,4.398253,4.679209,0.28095599999999976,True,cis,False,False,False,cis,False,0.06157965194109772,0.23253047873922095,0.4029385457381115,Tier_2_Validate,Adipose
22608,ENSRNOG00000012757,Nek3,NIMA-related kinase 3,Chr16: 69.867019,6.38,29.2,Chr16: 69.905227,0.306,Chr16, 69.867019,Chr16, 69.905227,69.867019,69.905227,0.038207999999997355,True,cis,False,False,False,cis,False,0.06157965194109772,0.03241153731787094,0.33289691624063905,Tier_2_Validate,Adipose
28592,ENSRNOG00000022673,Slc22a20,solute carrier family 22 member 20,Chr1: 203.273853,1.466,29.2,Chr1: 202.576317,0.729,Chr1, 203.273853,Chr1, 202.576317,203.273853,202.576317,0.6975360000000137,True,cis,False,False,False,cis,False,0.06157965194109772,0.15819209039548024,0.37692010981780233,Tier_2_Validate,Adipose
33221,ENSRNOG00000086846,Zfp136,zinc finger protein 136,Chr18: 0.609471,7.427,29.2,Chr18: 0.731451,0.342,Chr18, 0.609471,Chr18, 0.731451,0.609471,0.731451,0.12197999999999998,True,cis,False,False,False,cis,False,0.06157965194109772,0.043116265239369615,0.33664357101316356,Tier_2_Validate,Adipose
29538,ENSRNOG00000003537,Spta1,"spectrin, alpha, erythrocytic 1",Chr13: 86.203503,3.52,29.0,Chr13: 86.622151,0.622,Chr13, 86.203503,Chr13, 86.622151,86.203503,86.622151,0.41864800000000457,True,cis,False,False,False,cis,False,0.060240963855421686,0.1263752601843592,0.3653156784139233,Tier_2_Validate,Adipose
2048,ENSRNOG00000024277,Card11,"caspase recruitment domain family, member 11",Chr12: 13.621139,6.877,28.9,Chr12: 13.152627,0.629,Chr12, 13.621139,Chr12, 13.152627,13.621139,13.152627,0.4685119999999987,True,cis,False,False,False,cis,False,0.05957161981258366,0.12845673505798394,0.3658099242046986,Tier_2_Validate,Adipose
2521,ENSRNOG00000033087,Cdh23,cadherin-related 23,Chr20: 28.622489,7.819,28.8,Chr20: 28.580491,0.506,Chr20, 28.622489,Chr20, 28.580491,28.622489,28.580491,0.04199800000000309,True,cis,False,False,False,cis,False,0.05890227576974565,0.09188224799286351,0.35277458331691325,Tier_2_Validate,Adipose
10502,UNCHAR_LOC102553526,LOC102553526,uncharacterized LOC102553526,Chr1: 20.935163,1.197,28.7,Chr1: 21.009060,-0.62,Chr1, 20.935163,Chr1, 21.009060,20.935163,21.00906,0.07389700000000232,True,cis,False,True,True,cis,False,0.058232931726907626,0.12578055307760927,0.26440471968158097,Tier_2_Validate,Adipose
20700,ENSRNOG00000004744,Lratd2,LRAT domain containing 2,Chr7: 92.387044,8.379,28.7,Chr7: 92.498331,-0.292,Chr7, 92.387044,Chr7, 92.498331,92.387044,92.498331,0.11128699999999014,True,cis,False,False,False,cis,False,0.058232931726907626,0.028248587570621462,0.3302685317541352,Tier_2_Validate,Adipose
23014,ENSRNOG00000000546,Nt5dc1,5'-nucleotidase domain containing 1,Chr20: 38.208612,8.101,28.7,Chr20: 37.180412,-0.26,Chr20, 38.208612,Chr20, 37.180412,38.208612,37.180412,1.0282000000000053,True,cis,False,False,False,cis,False,0.058232931726907626,0.01873327386262266,0.3269381719563356,Tier_2_Validate,Adipose
7461,ENSRNOG00000048553,Iqcc,IQ motif containing C,Chr5: 141.962100,6.484,28.6,Chr5: 142.075158,0.361,Chr5, 141.962100,Chr5, 142.075158,141.9621,142.075158,0.11305799999999522,True,cis,False,False,False,cis,False,0.05756358768406962,0.0487659827534939,0.33721534965314726,Tier_2_Validate,Adipose
13053,UNCHAR_LOC108353429,LOC108353429,endogenous retrovirus group K member 10 Gag polyprotein-like,Chr13: 25.625687,1.362,28.6,Chr4: 148.389881,-0.924,Chr13, 25.625687,Chr4, 148.389881,25.625687,148.389881,inf,False,trans,False,False,True,trans_moderate,True,0.05756358768406962,0.216176033303598,0.2958088673456837,Tier_3_FlaggedInspect,Adipose
13574,UNCHAR_LOC120093807,LOC120093807,uncharacterized LOC120093807,Chr7: 63.682556,1.082,28.5,Chr2: 31.925135,-0.716,Chr7, 63.682556,Chr2, 31.925135,63.682556,31.925135,inf,False,trans,False,True,True,trans_moderate,True,0.05689424364123159,0.15432649420160569,0.17392725824499305,Tier_3_FlaggedInspect,Adipose
22055,ENSRNOG00000010164,Mrps2,mitochondrial ribosomal protein S2,Chr3: 11.803043,7.162,28.5,Chr3: 11.829881,-0.253,Chr3, 11.803043,Chr3, 11.829881,11.803043,11.829881,0.026837999999999695,True,cis,False,False,False,cis,False,0.05689424364123159,0.016651798988997917,0.32574111492058033,Tier_2_Validate,Adipose
27288,ENSRNOG00000025615_1,Rnase1l1,"ribonuclease, RNase A family, 1-like 1",Chr15: 24.339933,1.727,28.5,Chr15: 28.480643,1.137,Chr15, 24.339933,Chr15, 28.480643,24.339933,28.480643,4.140710000000002,False,trans,False,False,False,trans_moderate,True,0.05689424364123159,0.27951234017246507,0.31774230433479383,Tier_3_FlaggedInspect,Adipose
10918,UNCHAR_LOC102555545,LOC102555545,uncharacterized LOC102555545,Chr4: 158.058336,1.929,28.4,Chr4: 157.629577,-1.057,Chr4, 158.058336,Chr4, 157.629577,158.058336,157.629577,0.42875899999998524,True,cis,False,True,True,cis,False,0.056224899598393566,0.255724055902468,0.3091821344253015,Tier_2_Validate,Adipose
28353,ENSRNOG00000069420,Sh2d1b2,SH2 domain containing 1B2,Chr13: 82.437417,5.168,28.4,Chr13: 83.183593,0.438,Chr13, 82.437417,Chr13, 83.183593,82.437417,83.183593,0.7461760000000055,True,cis,False,False,False,cis,False,0.056224899598393566,0.07166220636336604,0.3447604870866159,Tier_2_Validate,Adipose
33511,ENSRNOG00000026874,Zfp956,zinc finger protein 956,Chr4: 76.943238,6.928,28.4,Chr4: 77.017778,-0.387,Chr4, 76.943238,Chr4, 77.017778,76.943238,77.017778,0.07454000000001315,True,cis,False,False,False,cis,False,0.056224899598393566,0.05649717514124294,0.3394527261588728,Tier_2_Validate,Adipose
27167,ENSRNOG00000021984,Rgs7,regulator of G-protein signaling 7,Chr13: 87.408833,9.493,28.3,Chr13: 88.330154,-0.386,Chr13, 87.408833,Chr13, 88.330154,87.408833,88.330154,0.9213209999999918,True,cis,False,False,False,cis,False,0.05555555555555556,0.056199821587867974,0.3391143820001983,Tier_2_Validate,Adipose
28796,ENSRNOG00000017324,Slc46a2,"solute carrier family 46, member 2",Chr5: 74.808127,3.142,28.3,Chr5: 74.820671,0.563,Chr5, 74.808127,Chr5, 74.820671,74.808127,74.820671,0.01254400000000544,True,cis,False,False,False,cis,False,0.05555555555555556,0.10883140053523638,0.35753543463177717,Tier_2_Validate,Adipose
160,ENSRNOG00000013975,Acat2l1,acetyl-CoA acetyltransferase 2-like 1,Chr1: 47.803821,6.569,28.2,Chr1: 47.590660,0.319,Chr1, 47.803821,Chr1, 47.590660,47.803821,47.59066,0.2131609999999995,True,cis,False,False,False,cis,False,0.05488621151271753,0.03627713351174546,0.3319071707585621,Tier_2_Validate,Adipose
4858,ENSRNOG00000013994,Enpp1,ectonucleotide pyrophosphatase/phosphodiesterase 1,Chr1: 20.698745,10.422,28.2,Chr1: 20.006034,-0.301,Chr1, 20.698745,Chr1, 20.006034,20.698745,20.006034,0.6927109999999992,True,cis,False,False,False,cis,False,0.05488621151271753,0.03092476955099613,0.3300338433722998,Tier_2_Validate,Adipose
25926,ENSRNOG00000032513,Prps1l1,phosphoribosyl pyrophosphate synthetase 1-like 1,Chr6: 51.684959,1.401,28.2,Chr6: 51.537876,-0.682,Chr6, 51.684959,Chr6, 51.537876,51.684959,51.537876,0.14708300000000207,True,cis,False,False,False,cis,False,0.05488621151271753,0.14421647338685697,0.3696859397148511,Tier_2_Validate,Adipose
1586,ENSRNOG00000012684,Bloc1s2,"biogenesis of lysosomal organelles complex-1, subunit 2",Chr1: 243.031748,7.056,28.0,Chr1: 243.338842,-0.281,Chr1, 243.031748,Chr1, 243.338842,243.031748,243.338842,0.3070940000000064,True,cis,False,False,False,cis,False,0.0535475234270415,0.024977698483496884,0.32748382766868844,Tier_2_Validate,Adipose
6714,ENSRNOG00000043171_2,Hdhd2,haloacid dehalogenase-like hydrolase domain containing 2,Chr18: 70.488354,7.653,28.0,Chr18: 70.843849,0.338,Chr18, 70.488354,Chr18, 70.843849,70.488354,70.843849,0.3554950000000048,True,cis,False,False,False,cis,False,0.0535475234270415,0.041926851025869766,0.33341603105851897,Tier_2_Validate,Adipose
9747,UNCHAR_LOC102550046,LOC102550046,uncharacterized LOC102550046,Chr2: 184.872001,3.659,28.0,Chr2: 185.404611,0.723,Chr2, 184.872001,Chr2, 185.404611,184.872001,185.404611,0.5326099999999769,True,cis,False,True,True,cis,False,0.0535475234270415,0.15640796907523047,0.2734844223757952,Tier_2_Validate,Adipose
15067,UNCHAR_LOC120095906,LOC120095906,uncharacterized LOC120095906,Chr12: 18.861000,2.346,28.0,Chr12: 19.032032,-1.088,Chr12, 18.861000,Chr12, 19.032032,18.861,19.032032,0.1710320000000003,True,cis,False,True,True,cis,False,0.0535475234270415,0.2649420160570919,0.31147133881944666,Tier_2_Validate,Adipose
18271,UNCHAR_LOC120100722,LOC120100722,uncharacterized LOC120100722,Chr2: 51.874534,3.946,28.0,Chr2: 51.622148,0.687,Chr2, 51.874534,Chr2, 51.622148,51.874534,51.622148,0.2523859999999942,True,cis,False,True,True,cis,False,0.0535475234270415,0.1457032411537318,0.2697377676032706,Tier_2_Validate,Adipose
19337,UNCHAR_LOC120102375,LOC120102375,uncharacterized LOC120102375,Chr4: 151.075876,3.286,28.0,Chr4: 151.143317,-0.666,Chr4, 151.075876,Chr4, 151.143317,151.075876,151.143317,0.0674410000000023,True,cis,False,True,True,cis,False,0.0535475234270415,0.13945881653285758,0.2675522189859647,Tier_2_Validate,Adipose
23039,ENSRNOG00000049054,Ntsr2,neurotensin receptor 2,Chr6: 39.424296,3.544,28.0,Chr6: 39.248944,0.638,Chr6, 39.424296,Chr6, 39.248944,39.424296,39.248944,0.17535199999999662,True,cis,False,False,False,cis,False,0.0535475234270415,0.1311329170383586,0.36463815416289,Tier_2_Validate,Adipose
24274,UNCHAR_Or6k14,Or6k14,olfactory receptor family 6 subfamily K member 14,Chr13: 86.116191,2.093,28.0,Chr13: 86.622151,0.727,Chr13, 86.116191,Chr13, 86.622151,86.116191,86.622151,0.5059600000000017,True,cis,False,False,False,cis,False,0.0535475234270415,0.1575973832887303,0.3739007173505201,Tier_2_Validate,Adipose
27763,UNCHAR_RT1-CE2,RT1-CE2,"RT1 class I, locus CE2",Chr20: 3.541840,8.967,28.0,Chr20: 3.601132,0.455,Chr20, 3.541840,Chr20, 3.601132,3.54184,3.601132,0.05929200000000012,True,cis,False,False,False,cis,False,0.0535475234270415,0.0767172167707404,0.34559265906922365,Tier_2_Validate,Adipose
4628,UNCHAR_Eef1e1-ps4,Eef1e1-ps4,uncharacterized Eef1e1-ps4,Chr11: 20.494650,1.115,27.9,Chr17: 25.548833,0.753,Chr11, 20.494650,Chr17, 25.548833,20.49465,25.548833,inf,False,trans,False,True,False,trans_moderate,True,0.05287817938420347,0.16532857567647935,0.17637236427123898,Tier_3_FlaggedInspect,Adipose
25190,ENSRNOG00000034228,Pik3c2g,"phosphatidylinositol-4-phosphate 3-kinase, catalytic subunit type 2 gamma",Chr4: 172.483751,4.963,27.9,Chr4: 172.830713,-0.515,Chr4, 172.483751,Chr4, 172.830713,172.483751,172.830713,0.34696199999999067,True,cis,False,False,False,cis,False,0.05287817938420347,0.09455842997323818,0.35160281327510456,Tier_2_Validate,Adipose
26337,ENSRNOG00000062595_2,Rab5al1,"Rab5a, member RAS oncogene family-like 1",Chr14: 68.332359,4.653,27.9,Chr9: 5.497561,0.667,Chr14, 68.332359,Chr9, 5.497561,68.332359,5.497561,inf,False,trans,False,False,False,trans_moderate,True,0.05287817938420347,0.13975617008623253,0.2674220223146526,Tier_3_FlaggedInspect,Adipose
5433,UNCHAR_Fdxacb1,Fdxacb1,uncharacterized Fdxacb1,Chr8: 51.111830,6.645,27.8,Chr8: 51.101184,0.276,Chr8, 51.111830,Chr8, 51.101184,51.11183,51.101184,0.01064599999999416,True,cis,False,True,False,cis,False,0.052208835341365466,0.023490930716622067,0.22649491812029565,Tier_2_Validate,Adipose
11195,UNCHAR_LOC103690435,LOC103690435,uncharacterized LOC103690435,Chr8: 76.902527,2.464,27.8,Chr8: 76.393685,-0.531,Chr8, 76.902527,Chr8, 76.393685,76.902527,76.393685,0.5088420000000013,True,cis,False,True,True,cis,False,0.052208835341365466,0.0993160868272376,0.25303372275901104,Tier_2_Validate,Adipose
27765,ENSRNOG00000071228,RT1-CE4,"RT1 class I, locus CE4",Chr20: 3.504534,10.611,27.8,Chr20: 3.601132,0.392,Chr20, 3.504534,Chr20, 3.601132,3.504534,3.601132,0.09659800000000018,True,cis,False,False,False,cis,False,0.052208835341365466,0.05798394290811775,0.33856747238731916,Tier_2_Validate,Adipose
31103,ENSRNOG00000013748,Trem3,triggering receptor expressed on myeloid cells 3,Chr9: 12.762546,8.199,27.8,Chr9: 12.881304,0.515,Chr9, 12.762546,Chr9, 12.881304,12.762546,12.881304,0.1187579999999997,True,cis,False,False,False,cis,False,0.052208835341365466,0.09455842997323818,0.3513685428601113,Tier_2_Validate,Adipose
15089,UNCHAR_LOC120095939,LOC120095939,uncharacterized LOC120095939,Chr12: 27.653879,0.811,27.7,Chr12: 27.530090,0.532,Chr12, 27.653879,Chr12, 27.530090,27.653879,27.53009,0.1237889999999986,True,cis,False,True,True,cis,False,0.05153949129852744,0.09961344038061255,0.252903526087699,Tier_2_Validate,Adipose
8999,UNCHAR_LOC102546598,LOC102546598,uncharacterized LOC102546598,Chr10: 80.255679,4.005,27.6,Chr10: 80.180154,0.424,Chr10, 80.255679,Chr10, 80.180154,80.255679,80.180154,0.07552499999999895,True,cis,False,True,True,cis,False,0.05087014725568943,0.06749925661611655,0.2414292913551321,Tier_2_Validate,Adipose
912,UNCHAR_Apol3,Apol3,uncharacterized Apol3,Chr7: 109.288724,8.857,27.5,Chr7: 108.643752,0.331,Chr7, 109.288724,Chr7, 108.643752,109.288724,108.643752,0.6449719999999957,True,cis,False,True,False,cis,False,0.050200803212851405,0.039845376152245024,0.23151616277778375,Tier_2_Validate,Adipose
6478,ENSRNOG00000030449,Gsta4,glutathione S-transferase alpha 4,Chr8: 79.066966,8.338,27.5,Chr8: 79.039328,-0.346,Chr8, 79.066966,Chr8, 79.039328,79.066966,79.039328,0.027637999999996055,True,cis,False,False,False,cis,False,0.050200803212851405,0.04430567945286945,0.3330772689330023,Tier_2_Validate,Adipose
11997,ENSRNOG00000030351,LOC108348989,high mobility group box 1 like 1,Chr1: 79.815175,3.579,27.5,Chr12: 6.044027,0.463,Chr1, 79.815175,Chr12, 6.044027,79.815175,6.044027,inf,False,trans,False,False,True,trans_moderate,True,0.050200803212851405,0.07909604519774012,0.24525389694370706,Tier_3_FlaggedInspect,Adipose
33160,ENSRNOG00000051682,Zcchc9,zinc finger CCHC-type containing 9,Chr2: 23.048248,7.439,27.5,Chr2: 23.116638,-0.26,Chr2, 23.048248,Chr2, 23.116638,23.048248,23.116638,0.06838999999999729,True,cis,False,False,False,cis,False,0.050200803212851405,0.01873327386262266,0.32412692697641593,Tier_2_Validate,Adipose
7589,ENSRNOG00000012151,Itpripl1,ITPRIP like 1,Chr3: 114.407916,7.756,27.4,Chr3: 113.885548,-0.269,Chr3, 114.407916,Chr3, 113.885548,114.407916,113.885548,0.5223680000000002,True,cis,False,False,False,cis,False,0.04953145917001338,0.021409455842997326,0.3248293202545538,Tier_2_Validate,Adipose
10994,UNCHAR_LOC102555924,LOC102555924,uncharacterized LOC102555924,Chr5: 24.077247,2.686,27.4,Chr5: 23.301841,0.753,Chr5, 24.077247,Chr5, 23.301841,24.077247,23.301841,0.7754060000000003,True,cis,False,True,True,cis,False,0.04953145917001338,0.16532857567647935,0.27520101219627247,Tier_2_Validate,Adipose
19216,UNCHAR_LOC120102238,LOC120102238,uncharacterized LOC120102238,Chr4: 45.365271,3.861,27.4,Chr4: 45.559864,0.548,Chr4, 45.365271,Chr4, 45.559864,45.365271,45.559864,0.19459299999999757,True,cis,False,True,True,cis,False,0.04953145917001338,0.10437109723461196,0.2538658947416189,Tier_2_Validate,Adipose
32625,ENSRNOG00000080833,Vom1r68,vomeronasal 1 receptor 68,Chr4: 86.380566,0.282,27.4,Chr4: 84.549955,0.526,Chr4, 86.380566,Chr4, 84.549955,86.380566,84.549955,1.8306110000000047,True,cis,False,False,False,cis,False,0.04953145917001338,0.09782931906036278,0.3515762723806316,Tier_2_Validate,Adipose
32958,ENSRNOG00000015440,Wrn,WRN RecQ like helicase,Chr16: 58.763516,9.91,27.4,Chr16: 58.924474,-0.268,Chr16, 58.763516,Chr16, 58.924474,58.763516,58.924474,0.16095799999999372,True,cis,False,False,False,cis,False,0.04953145917001338,0.021112102289622365,0.32472524651087253,Tier_2_Validate,Adipose
1742,ENSRNOG00000039396,Btnl3,butyrophilin-like 3,Chr20: 4.489023,0.37,27.3,Chr20: 4.679209,-0.571,Chr20, 4.489023,Chr20, 4.679209,4.489023,4.679209,0.19018599999999974,True,cis,False,False,False,cis,False,0.04886211512717537,0.11121022896223608,0.356025320431294,Tier_2_Validate,Adipose
1983,ENSRNOG00000052080,Camk2b,calcium/calmodulin-dependent protein kinase II beta,Chr14: 80.934171,8.499,27.3,Chr14: 80.704849,0.573,Chr14, 80.934171,Chr14, 80.704849,80.934171,80.704849,0.22932200000001046,True,cis,False,False,False,cis,False,0.04886211512717537,0.111804936068986,0.3562334679186565,Tier_2_Validate,Adipose
3586,ENSRNOG00000014798,Cstpp1,centriolar satellite-associated tubulin polyglutamylase complex regulator 1,Chr3: 77.416306,7.959,27.3,Chr3: 77.631969,-0.295,Chr3, 77.416306,Chr3, 77.631969,77.416306,77.631969,0.21566299999999217,True,cis,False,False,False,cis,False,0.04886211512717537,0.02914064823074635,0.32730096717527263,Tier_2_Validate,Adipose
4769,ENSRNOG00000007934,Elfn2,extracellular leucine-rich repeat and fibronectin type III domain containing 2,Chr7: 110.272769,3.01,27.3,Chr2: 194.986507,0.614,Chr7, 110.272769,Chr2, 194.986507,110.272769,194.986507,inf,False,trans,False,False,False,trans_moderate,True,0.04886211512717537,0.1239964317573595,0.2605004914095872,Tier_3_FlaggedInspect,Adipose
6369,ENSRNOG00000077378,Gprin2,G protein regulated inducer of neurite outgrowth 2,Chr16: 9.512671,1.776,27.3,Chr16: 9.517626,-0.822,Chr16, 9.512671,Chr16, 9.517626,9.512671,9.517626,0.004955000000000709,True,cis,False,False,False,cis,False,0.04886211512717537,0.18584597085935178,0.3821478300952845,Tier_2_Validate,Adipose
14609,UNCHAR_LOC120095254,LOC120095254,uncharacterized LOC120095254,Chr10: 24.073359,4.736,27.3,Chr10: 24.016795,-0.548,Chr10, 24.073359,Chr10, 24.016795,24.073359,24.016795,0.05656400000000161,True,cis,False,True,True,cis,False,0.04886211512717537,0.10437109723461196,0.25363162432662556,Tier_2_Validate,Adipose
22088,UNCHAR_Ms4a19,Ms4a19,"membrane-spanning 4-domains, subfamily A, member 19",Chr1: 207.839547,3.466,27.3,Chr1: 208.143797,-0.654,Chr1, 207.839547,Chr1, 208.143797,207.839547,208.143797,0.30424999999999613,True,cis,False,False,False,cis,False,0.04886211512717537,0.135890573892358,0.3646634411568367,Tier_2_Validate,Adipose
4475,ENSRNOG00000033348,Duox1,dual oxidase 1,Chr3: 109.260525,8.468,27.2,Chr3: 109.271062,0.443,Chr3, 109.260525,Chr3, 109.271062,109.260525,109.271062,0.010536999999999352,True,cis,False,False,False,cis,False,0.048192771084337345,0.07314897413024085,0.3424696108251024,Tier_2_Validate,Adipose
21793,ENSRNOG00000010423,Misp,mitotic spindle positioning,Chr7: 9.886540,5.671,27.2,Chr7: 9.300878,-0.504,Chr7, 9.886540,Chr7, 9.300878,9.88654,9.300878,0.5856619999999992,True,cis,False,False,False,cis,False,0.048192771084337345,0.09128754088611359,0.34881810918965783,Tier_2_Validate,Adipose
32814,ENSRNOG00000019508,Wars2,tryptophanyl tRNA synthetase 2 (mitochondrial),Chr2: 186.459743,7.337,27.2,Chr2: 185.553302,0.279,Chr2, 186.459743,Chr2, 185.553302,186.459743,185.553302,0.9064410000000009,True,cis,False,False,False,cis,False,0.048192771084337345,0.024382991376746956,0.3254015168613795,Tier_2_Validate,Adipose
9481,UNCHAR_LOC102548752,LOC102548752,uncharacterized LOC102548752,Chr16: 17.836162,5.429,27.1,Chr16: 18.201895,-0.264,Chr16, 17.836162,Chr16, 18.201895,17.836162,18.201895,0.36573299999999875,True,cis,False,True,True,cis,False,0.04752342704149934,0.019922688076122512,0.22360614029116765,Tier_2_Validate,Adipose
10107,UNCHAR_LOC102551595,LOC102551595,uncharacterized LOC102551595,Chr14: 31.025554,3.171,27.1,Chr14: 31.142847,0.684,Chr14, 31.025554,Chr14, 31.142847,31.025554,31.142847,0.11729300000000009,True,cis,False,True,True,cis,False,0.04752342704149934,0.14481118049360692,0.2673171126372872,Tier_2_Validate,Adipose
162,ENSRNOG00000003108,Acbd4,acyl-CoA binding domain containing 4,Chr10: 88.048080,10.022,27.0,Chr10: 88.124264,-0.303,Chr10, 88.048080,Chr10, 88.124264,88.04808,88.124264,0.07618399999999781,True,cis,False,False,False,cis,False,0.04685408299866131,0.03151947665774606,0.3274307458797426,Tier_2_Validate,Adipose
11148,UNCHAR_LOC102557393,LOC102557393,uncharacterized LOC102557393,Chr2: 31.742113,1.482,27.0,Chr2: 33.241530,-0.688,Chr2, 31.742113,Chr2, 33.241530,31.742113,33.24153,1.4994169999999976,True,cis,False,True,True,cis,False,0.04685408299866131,0.14600059470710672,0.2674991371970188,Tier_2_Validate,Adipose
25311,ENSRNOG00000019018,Plat,"plasminogen activator, tissue type",Chr16: 69.265176,10.461,27.0,Chr16: 69.230460,-0.351,Chr16, 69.265176,Chr16, 69.230460,69.265176,69.23046,0.03471600000000308,True,cis,False,False,False,cis,False,0.04685408299866131,0.045792447219744264,0.33242628557644194,Tier_2_Validate,Adipose
31088,ENSRNOG00000031290,Trappc3l,trafficking protein particle complex subunit 3L,Chr20: 25.993173,5.824,27.0,Chr20: 25.549211,-0.359,Chr20, 25.993173,Chr20, 25.549211,25.993173,25.549211,0.4439619999999991,True,cis,False,False,False,cis,False,0.04685408299866131,0.04817127564674397,0.33325887552589184,Tier_2_Validate,Adipose
5956,ENSRNOG00000064612,Gcnt4,glucosaminyl (N-acetyl) transferase 4,Chr2: 28.253324,5.165,26.9,Chr3: 28.169815,-0.536,Chr2, 28.253324,Chr3, 28.169815,28.253324,28.169815,inf,False,trans,False,False,False,trans_moderate,True,0.046184738955823285,0.10080285459411241,0.2514456577424775,Tier_3_FlaggedInspect,Adipose
8331,ENSRNOG00000011032,Lhfpl2,LHFPL tetraspan subfamily member 2,Chr2: 25.281770,9.497,26.9,Chr2: 24.478320,0.383,Chr2, 25.281770,Chr2, 24.478320,25.28177,24.47832,0.8034500000000016,True,cis,False,False,False,cis,False,0.046184738955823285,0.05530776092774309,0.33552237495924825,Tier_2_Validate,Adipose
11560,UNCHAR_LOC103692950,LOC103692950,uncharacterized LOC103692950,Chr7: 113.513046,8.108,26.9,Chr7: 113.404775,-0.371,Chr7, 113.513046,Chr7, 113.404775,113.513046,113.404775,0.108271000000002,True,cis,False,True,True,cis,False,0.046184738955823285,0.051739518287243526,0.2342734900350734,Tier_2_Validate,Adipose
33477,ENSRNOG00000024693,Zfp831,zinc finger protein 831,Chr3: 163.393786,3.519,26.9,Chr3: 163.389815,-0.606,Chr3, 163.393786,Chr3, 163.389815,163.393786,163.389815,0.003971000000007052,True,cis,False,False,False,cis,False,0.046184738955823285,0.12161760333035979,0.3587308198001641,Tier_2_Validate,Adipose
8969,UNCHAR_LOC102546491,LOC102546491,uncharacterized LOC102546491,Chr1: 12.088737,4.172,26.8,Chr1: 11.644866,0.439,Chr1, 12.088737,Chr1, 11.644866,12.088737,11.644866,0.4438709999999997,True,cis,False,True,True,cis,False,0.04551539491298528,0.07195955991674101,0.2411162341904042,Tier_2_Validate,Adipose
18416,UNCHAR_LOC120100903,LOC120100903,uncharacterized LOC120100903,Chr2: 191.537600,7.532,26.8,Chr2: 192.173900,0.262,Chr2, 191.537600,Chr2, 192.173900,191.5376,192.1739,0.6363000000000056,True,cis,False,True,True,cis,False,0.04551539491298528,0.019327980969372584,0.22269518155882526,Tier_2_Validate,Adipose
20846,ENSRNOG00000054549_2,Lss,lanosterol synthase,Chr20: 12.118857,9.873,26.8,Chr20: 11.890295,-0.415,Chr20, 12.118857,Chr20, 11.890295,12.118857,11.890295,0.22856200000000015,True,cis,False,False,False,cis,False,0.04551539491298528,0.06482307463574188,0.3386184643420545,Tier_2_Validate,Adipose
9895,UNCHAR_LOC102550678,LOC102550678,uncharacterized LOC102550678,Chr14: 2.762745,5.538,26.7,Chr14: 3.574187,0.469,Chr14, 2.762745,Chr14, 3.574187,2.762745,3.574187,0.811442,True,cis,False,True,True,cis,False,0.04484605087014725,0.08088016651798988,0.24400417608584798,Tier_2_Validate,Adipose
12895,ENSRNOG00000083207,LOC108352708,uncharacterized LOC108352708,Chr14: 8.676818,0.617,26.7,Chr14: 8.355606,0.614,Chr14, 8.676818,Chr14, 8.355606,8.676818,8.355606,0.32121200000000094,True,cis,False,True,True,cis,False,0.04484605087014725,0.1239964317573595,0.2590948689196274,Tier_2_Validate,Adipose
4822,ENSRNOG00000019873_2,Eml3,EMAP like 3,Chr1: 205.826353,9.086,26.6,Chr1: 205.523234,-0.297,Chr1, 205.826353,Chr1, 205.523234,205.826353,205.523234,0.30311900000000946,True,cis,False,False,False,cis,False,0.044176706827309245,0.029735355337496275,0.32586922175768196,Tier_2_Validate,Adipose
26264,ENSRNOG00000014414,Qrfpr,pyroglutamylated RFamide peptide receptor,Chr2: 119.096863,1.243,26.6,Chr2: 119.085663,-0.655,Chr2, 119.096863,Chr2, 119.085663,119.096863,119.085663,0.01120000000000232,True,cis,False,False,False,cis,False,0.044176706827309245,0.136187927445733,0.3631276219955648,Tier_2_Validate,Adipose
9245,UNCHAR_LOC102547720,LOC102547720,uncharacterized LOC102547720,Chr2: 237.932067,3.491,26.5,Chr2: 238.441787,-0.476,Chr2, 237.932067,Chr2, 238.441787,237.932067,238.441787,0.5097200000000157,True,cis,False,True,True,cis,False,0.04350736278447122,0.08296164139161462,0.24426415146163005,Tier_2_Validate,Adipose
17944,ENSRNOG00000058615,LOC120100182,U6 spliceosomal RNA,Chr1: 181.153351,0.894,26.5,Chr1: 181.309526,0.549,Chr1, 181.153351,Chr1, 181.309526,181.153351,181.309526,0.15617500000001883,True,cis,False,False,True,cis,False,0.04350736278447122,0.10466845078798692,0.3518615347503603,Tier_2_Validate,Adipose
1664,ENSRNOG00000010957,Braf,"B-Raf proto-oncogene, serine/threonine kinase",Chr4: 68.510651,9.624,26.4,Chr4: 68.096702,-0.24,Chr4, 68.510651,Chr4, 68.096702,68.510651,68.096702,0.41394900000000234,True,cis,False,False,False,cis,False,0.04283801874163319,0.012786202795123396,0.3194684775378648,Tier_2_Validate,Adipose
30927,ENSRNOG00000015578,Tnk1,"tyrosine kinase, non-receptor, 1",Chr10: 54.580546,4.023,26.4,Chr10: 54.389422,-0.636,Chr10, 54.580546,Chr10, 54.389422,54.580546,54.389422,0.19112399999999496,True,cis,False,False,False,cis,False,0.04283801874163319,0.1305382099316087,0.3606816800356346,Tier_2_Validate,Adipose
15379,UNCHAR_LOC120096357,LOC120096357,uncharacterized LOC120096357,Chr13: 103.530594,3.202,26.3,Chr13: 103.512827,0.53,Chr13, 103.530594,Chr13, 103.512827,103.530594,103.512827,0.017766999999992095,True,cis,False,True,True,cis,False,0.042168674698795185,0.09901873327386262,0.24941559279043024,Tier_2_Validate,Adipose
27546,ENSRNOG00000000505,Rpl10a,ribosomal protein L10A,Chr20: 6.388799,10.993,26.3,Chr20: 6.323102,0.248,Chr20, 6.388799,Chr20, 6.323102,6.388799,6.323102,0.06569700000000012,True,cis,False,False,False,cis,False,0.042168674698795185,0.015165031222123102,0.32006679707232144,Tier_2_Validate,Adipose
32850,ENSRNOG00000015609,Wdr27,WD repeat domain 27,Chr1: 55.950447,5.771,26.3,Chr1: 56.213651,-0.293,Chr1, 55.950447,Chr1, 56.213651,55.950447,56.213651,0.26320400000000177,True,cis,False,False,False,cis,False,0.042168674698795185,0.028545941123996423,0.32475011553797706,Tier_2_Validate,Adipose
33536,ENSRNOG00000036980,Zgrf1,"zinc finger, GRF-type containing 1",Chr2: 216.012910,6.366,26.3,Chr2: 216.115297,0.374,Chr2, 216.012910,Chr2, 216.115297,216.01291,216.115297,0.10238699999999312,True,cis,False,False,False,cis,False,0.042168674698795185,0.05263157894736842,0.3331800887761573,Tier_2_Validate,Adipose
6772,ENSRNOG00000023299,Hfm1,helicase for meiosis 1,Chr14: 2.857250,2.99,26.2,Chr14: 6.432063,-0.684,Chr14, 2.857250,Chr14, 6.432063,2.85725,6.432063,3.5748130000000002,True,cis,False,False,False,cis,False,0.04149933065595716,0.14481118049360692,0.36520867890234743,Tier_2_Validate,Adipose
17224,UNCHAR_LOC120098968,LOC120098968,uncharacterized LOC120098968,Chr20: 2.708197,4.181,26.2,Chr20: 2.611182,0.457,Chr20, 2.708197,Chr20, 2.611182,2.708197,2.611182,0.0970150000000003,True,cis,False,True,True,cis,False,0.04149933065595716,0.07731192387749034,0.24158393908670664,Tier_2_Validate,Adipose
70,ENSRNOG00000015666,Abcc12,ATP binding cassette subfamily C member 12,Chr19: 20.549297,0.84,26.1,Chr19: 20.064558,-0.544,Chr19, 20.549297,Chr19, 20.064558,20.549297,20.064558,0.4847389999999976,True,cis,False,False,False,cis,False,0.04082998661311915,0.10318168302111211,0.3504040843719809,Tier_2_Validate,Adipose
21876,ENSRNOG00000057867,Mns1,meiosis-specific nuclear structural 1,Chr8: 73.148876,4.598,26.1,Chr8: 73.350324,0.487,Chr8, 73.148876,Chr8, 73.350324,73.148876,73.350324,0.20144799999999918,True,cis,False,False,False,cis,False,0.04082998661311915,0.08623253047873922,0.3444718809821504,Tier_2_Validate,Adipose
29314,UNCHAR_Sowaha,Sowaha,sosondowah ankyrin repeat domain family member A,Chr10: 37.645389,2.665,26.1,Chr10: 38.230324,-0.685,Chr10, 37.645389,Chr10, 38.230324,37.645389,38.230324,0.5849350000000015,True,cis,False,False,False,cis,False,0.04082998661311915,0.14510853404698187,0.36507848223103534,Tier_2_Validate,Adipose
5188,ENSRNOG00000016534,Fam171a1,"family with sequence similarity 171, member A1",Chr17: 75.148347,9.038,26.0,Chr17: 75.363280,-0.344,Chr17, 75.148347,Chr17, 75.363280,75.148347,75.36328,0.21493300000000204,True,cis,False,False,False,cis,False,0.040160642570281124,0.04371097234611952,0.3293550652207402,Tier_2_Validate,Adipose
8355,ENSRNOG00000054954,Lilrb2,leukocyte immunoglobulin like receptor B2,Chr1: 65.326831,5.754,26.0,Chr1: 65.713205,-0.386,Chr1, 65.326831,Chr1, 65.713205,65.326831,65.713205,0.38637400000000355,True,cis,False,False,False,cis,False,0.040160642570281124,0.056199821587867974,0.3337261624553522,Tier_2_Validate,Adipose
8773,ENSRNOG00000086899,LOC100910628,uncharacterized LOC100910628,Chr17: 27.350546,3.309,26.0,Chr17: 27.877255,0.769,Chr17, 27.350546,Chr17, 27.877255,27.350546,27.877255,0.5267090000000003,True,cis,False,True,True,cis,False,0.040160642570281124,0.17008623253047875,0.273586406285266,Tier_2_Validate,Adipose
9514,UNCHAR_LOC102548908,LOC102548908,uncharacterized LOC102548908,Chr13: 40.335040,6.683,26.0,Chr13: 40.507666,-0.589,Chr13, 40.335040,Chr13, 40.507666,40.33504,40.507666,0.17262600000000106,True,cis,False,True,True,cis,False,0.040160642570281124,0.11656259292298542,0.2548531324226433,Tier_2_Validate,Adipose
12756,UNCHAR_LOC108352212,LOC108352212,uncharacterized LOC108352212,Chr10: 6.714466,2.25,26.0,Chr10: 7.033512,0.684,Chr10, 6.714466,Chr10, 7.033512,6.714466,7.033512,0.31904600000000016,True,cis,False,True,True,cis,False,0.040160642570281124,0.14481118049360692,0.26474013807236085,Tier_2_Validate,Adipose
3873,ENSRNOG00000016247,Daw1,dynein assembly factor with WD repeats 1,Chr9: 84.435551,2.043,25.9,Chr9: 84.857080,-0.715,Chr9, 84.435551,Chr9, 84.857080,84.435551,84.85708,0.4215289999999925,True,cis,False,False,False,cis,False,0.0394912985274431,0.15402914064823076,0.3677321537114858,Tier_2_Validate,Adipose
13380,UNCHAR_LOC120093567,LOC120093567,uncharacterized LOC120093567,Chr7: 32.737506,0.873,25.8,Chr2: 153.918888,0.575,Chr7, 32.737506,Chr2, 153.918888,32.737506,153.918888,inf,False,trans,False,True,True,trans_moderate,True,0.03882195448460509,0.11239964317573593,0.15292755918111936,Tier_3_FlaggedInspect,Adipose
14660,UNCHAR_LOC120095319,LOC120095319,uncharacterized LOC120095319,Chr10: 34.860304,1.071,25.8,Chr10: 36.874929,0.838,Chr10, 34.860304,Chr10, 36.874929,34.860304,36.874929,2.0146250000000023,True,cis,False,True,True,cis,False,0.03882195448460509,0.19060362771335118,0.2802989537692847,Tier_2_Validate,Adipose
31977,ENSRNOG00000020443,Tsks,testis-specific serine kinase substrate,Chr1: 95.414311,3.545,25.7,Chr1: 95.648114,0.495,Chr1, 95.414311,Chr1, 95.648114,95.414311,95.648114,0.23380300000000886,True,cis,False,False,False,cis,False,0.038152610441767064,0.08861135890573892,0.34436738927162713,Tier_2_Validate,Adipose
32576,ENSRNOG00000064083,Vom1r17,vomeronasal 1 receptor 17,Chr1: 60.770205,0.335,25.6,Chr1: 56.653675,-0.435,Chr1, 60.770205,Chr1, 56.653675,60.770205,56.653675,4.116529999999997,False,trans,False,False,False,trans_moderate,True,0.03748326639892906,0.07077014570324115,0.2378886942357596,Tier_3_FlaggedInspect,Adipose
830,ENSRNOG00000014555,Aox3,aldehyde oxidase 3,Chr9: 59.664783,12.451,25.5,Chr9: 58.826646,0.466,Chr9, 59.664783,Chr9, 58.826646,59.664783,58.826646,0.8381370000000032,True,cis,False,False,False,cis,False,0.03681392235609103,0.079988105857865,0.3408807098748846,Tier_2_Validate,Adipose
6530,ENSRNOG00000085666,Gtpbp4,GTP binding protein 4,Chr17: 61.308032,8.571,25.5,Chr17: 61.901363,-0.27,Chr17, 61.308032,Chr17, 61.901363,61.308032,61.901363,0.5933310000000063,True,cis,False,False,False,cis,False,0.03681392235609103,0.02170680939637229,0.3204822561133622,Tier_2_Validate,Adipose
7470,ENSRNOG00000036758,Iqck,IQ motif containing K,Chr1: 173.199307,6.876,25.5,Chr1: 171.981360,-0.402,Chr1, 173.199307,Chr1, 171.981360,173.199307,171.98136,1.2179470000000094,True,cis,False,False,False,cis,False,0.03681392235609103,0.060957478441867385,0.33421999027928545,Tier_2_Validate,Adipose
25125,ENSRNOG00000055259,Phldb3,"pleckstrin homology-like domain, family B, member 3",Chr1: 80.201082,4.53,25.5,Chr1: 80.215296,0.536,Chr1, 80.201082,Chr1, 80.215296,80.201082,80.215296,0.014213999999995508,True,cis,False,False,False,cis,False,0.03681392235609103,0.10080285459411241,0.3481658719325712,Tier_2_Validate,Adipose
32541,ENSRNOG00000011446,Vill,villin-like,Chr8: 118.776717,7.417,25.5,Chr8: 118.892957,0.337,Chr8, 118.776717,Chr8, 118.892957,118.776717,118.892957,0.11623999999999057,True,cis,False,False,False,cis,False,0.03681392235609103,0.0416294974724948,0.327455196940005,Tier_2_Validate,Adipose
1192,ENSRNOG00000060105,Astn2,astrotactin 2,Chr5: 79.744020,7.583,25.4,Chr5: 79.284713,-0.315,Chr5, 79.744020,Chr5, 79.284713,79.74402,79.284713,0.4593070000000097,True,cis,False,False,False,cis,False,0.036144578313253004,0.03508771929824561,0.3249313041640245,Tier_2_Validate,Adipose
16376,UNCHAR_LOC120097786,LOC120097786,uncharacterized LOC120097786,Chr17: 8.011330,1.596,25.4,Chr17: 7.992823,-0.621,Chr17, 8.011330,Chr17, 7.992823,8.01133,7.992823,0.018506999999999607,True,cis,False,True,True,cis,False,0.036144578313253004,0.12607790663098423,0.256777869730483,Tier_2_Validate,Adipose
23570,ENSRNOG00000007348,Or1i2,olfactory receptor family 1 subfamily I member 2,Chr7: 10.985937,0.434,25.4,Chr7: 9.302690,-0.54,Chr7, 10.985937,Chr7, 9.302690,10.985937,9.30269,1.6832469999999997,True,cis,False,False,False,cis,False,0.036144578313253004,0.10199226880761227,0.34834789649230286,Tier_2_Validate,Adipose
10307,UNCHAR_LOC102552527,LOC102552527,zinc finger protein 677,Chr1: 61.136682,8.095,25.3,Chr1: 58.660722,-0.262,Chr1, 61.136682,Chr1, 58.660722,61.136682,58.660722,2.4759600000000006,True,cis,False,False,True,cis,False,0.035475234270415,0.019327980969372584,0.3191811253339257,Tier_2_Validate,Adipose
440,ENSRNOG00000018830,Aff3,ALF transcription elongation factor 3,Chr9: 40.856715,8.185,25.2,Chr9: 39.421822,-0.346,Chr9, 40.856715,Chr9, 39.421822,40.856715,39.421822,1.4348930000000024,True,cis,False,False,False,cis,False,0.03480589022757697,0.04430567945286945,0.32768904938815624,Tier_2_Validate,Adipose
7984,ENSRNOG00000033414,Klk1c3,kallikrein 1-related peptidase C3,Chr1: 94.671635,1.482,25.2,Chr1: 94.104355,-0.766,Chr1, 94.671635,Chr1, 94.104355,94.671635,94.104355,0.5672799999999967,True,cis,False,False,False,cis,False,0.03480589022757697,0.16919417187035385,0.3714000217342758,Tier_2_Validate,Adipose
12071,UNCHAR_LOC108349479,LOC108349479,uncharacterized LOC108349479,Chr9: 114.137655,4.865,25.2,Chr9: 113.311047,-0.6,Chr9, 114.137655,Chr9, 113.311047,114.137655,113.311047,0.8266079999999931,True,cis,False,True,True,cis,False,0.03480589022757697,0.11983348201011002,0.2541237802831905,Tier_2_Validate,Adipose
22405,ENSRNOG00000065128,Naip5,"NLR family, apoptosis inhibitory protein 5",Chr2: 31.608721,6.81,25.2,Chr2: 31.925135,-0.5,Chr2, 31.608721,Chr2, 31.925135,31.608721,31.925135,0.31641400000000175,True,cis,False,False,False,cis,False,0.03480589022757697,0.09009812667261373,0.34371640591506675,Tier_2_Validate,Adipose
23149,UNCHAR_Oas1i,Oas1i,2 ' -5 ' oligoadenylate synthetase 1I,Chr12: 35.624565,5.734,25.2,Chr12: 34.960575,-0.496,Chr12, 35.624565,Chr12, 34.960575,35.624565,34.960575,0.6639899999999983,True,cis,False,False,False,cis,False,0.03480589022757697,0.08890871245911389,0.3433001109403418,Tier_2_Validate,Adipose
928,ENSRNOG00000013358,Aqp11,aquaporin 11,Chr1: 152.056674,5.17,25.1,Chr1: 150.456476,-0.447,Chr1, 152.056674,Chr1, 150.456476,152.056674,150.456476,1.6001979999999776,True,cis,False,False,False,cis,False,0.034136546184738964,0.07433838834374071,0.33796622708496793,Tier_2_Validate,Adipose
12347,ENSRNOG00000071705,LOC108350763,uncharacterized LOC108350763,Chr4: 161.303794,1.703,25.1,Chr4: 161.826359,0.62,Chr4, 161.303794,Chr4, 161.826359,161.303794,161.826359,0.522564999999986,True,cis,False,True,True,cis,False,0.034136546184738964,0.12578055307760927,0.2559709847418219,Tier_2_Validate,Adipose
13114,UNCHAR_LOC120093142,LOC120093142,uncharacterized LOC120093142,Chr19: 13.772002,2.532,25.1,Chr19: 13.144002,-0.775,Chr19, 13.772002,Chr19, 13.144002,13.772002,13.144002,0.6280000000000001,True,cis,False,True,True,cis,False,0.034136546184738964,0.17187035385072855,0.2721024150124136,Tier_2_Validate,Adipose
27984,ENSRNOG00000014398,Scara5,"scavenger receptor class A, member 5",Chr15: 39.880016,12.413,25.1,Chr15: 46.426824,-0.336,Chr15, 39.880016,Chr15, 46.426824,39.880016,46.426824,6.546808000000006,False,trans,False,False,False,trans_moderate,True,0.034136546184738964,0.04133214391911984,0.22641404153635059,Tier_3_FlaggedInspect,Adipose
31102,ENSRNOG00000013578,Trem2,triggering receptor expressed on myeloid cells 2,Chr9: 12.654189,7.526,25.1,Chr9: 13.818325,-0.653,Chr9, 12.654189,Chr9, 13.818325,12.654189,13.818325,1.1641359999999992,True,cis,False,False,False,cis,False,0.034136546184738964,0.13559322033898305,0.35940541828330275,Tier_2_Validate,Adipose
8595,UNCHAR_LOC100362345,LOC100362345,uncharacterized LOC100362345,Chr5: 103.767985,5.313,25.0,Chr1: 218.891118,0.523,Chr5, 103.767985,Chr1, 218.891118,103.767985,218.891118,inf,False,trans,False,True,True,trans_moderate,True,0.03346720214190094,0.09693725840023788,0.14564156118974858,Tier_3_FlaggedInspect,Adipose
11528,UNCHAR_LOC103692636,LOC103692636,uncharacterized LOC103692636,Chr6: 71.916407,2.342,25.0,Chr6: 71.892104,-0.628,Chr6, 71.916407,Chr6, 71.892104,71.916407,71.892104,0.024303000000003294,True,cis,False,True,True,cis,False,0.03346720214190094,0.12815938150460898,0.25656930427627844,Tier_2_Validate,Adipose
22179,ENSRNOG00000002516,Mtm1,myotubularin 1,Chr6: 0.506881,9.194,25.0,Chr6: 5.685173,0.386,Chr6, 0.506881,Chr6, 5.685173,0.506881,5.685173,5.178292,False,trans,False,False,False,trans_moderate,True,0.03346720214190094,0.056199821587867974,0.23138345830541912,Tier_3_FlaggedInspect,Adipose
26772,ENSRNOG00000042232,RGD1559600,RGD1559600,Chr1: 173.988757,4.527,25.0,Chr1: 172.059761,-0.656,Chr1, 173.988757,Chr1, 172.059761,173.988757,172.059761,1.9289959999999837,True,cis,False,False,False,cis,False,0.03346720214190094,0.13648528099910795,0.3594833690993531,Tier_2_Validate,Adipose
30948,ENSRNOG00000002468,Tnr,tenascin R,Chr13: 71.751713,4.286,25.0,Chr13: 72.375244,1.79,Chr13, 71.751713,Chr13, 72.375244,71.751713,72.375244,0.6235309999999998,True,cis,False,False,False,cis,False,0.03346720214190094,0.47368421052631576,0.4775029944338758,Tier_1_HighConfidence,Adipose
9642,UNCHAR_LOC102549543,LOC102549543,uncharacterized LOC102549543,Chr2: 233.826618,1.725,24.9,Chr2: 234.104746,0.895,Chr2, 233.826618,Chr2, 234.104746,233.826618,234.104746,0.2781280000000095,True,cis,False,True,True,cis,False,0.03279785809906291,0.20755278025572405,0.28412272342417544,Tier_2_Validate,Adipose
10982,UNCHAR_LOC102555870,LOC102555870,uncharacterized LOC102555870,Chr17: 17.476592,5.639,24.9,Chr17: 17.400900,-0.479,Chr17, 17.476592,Chr17, 17.400900,17.476592,17.4009,0.07569200000000009,True,cis,False,True,True,cis,False,0.03279785809906291,0.0838537020517395,0.24082804605278085,Tier_2_Validate,Adipose
20809,ENSRNOG00000009555,Lrriq3,leucine-rich repeats and IQ motif containing 3,Chr2: 244.119974,4.569,24.9,Chr2: 244.489509,0.353,Chr2, 244.119974,Chr2, 244.489509,244.119974,244.489509,0.36953499999998485,True,cis,False,False,False,cis,False,0.03279785809906291,0.04638715432649419,0.32771475434894504,Tier_2_Validate,Adipose
31122,UNCHAR_Trim15,Trim15,"tripartite motif-containing 15, pseudogene 1",Chr20: 1.700904,5.513,24.9,Chr20: 2.050222,-0.294,Chr20, 1.700904,Chr20, 2.050222,1.700904,2.050222,0.34931800000000024,True,cis,True,False,False,cis,False,0.03279785809906291,0.028843294677371387,0.221574403471752,Tier_2_Validate,Adipose
10700,UNCHAR_LOC102554492,LOC102554492,uncharacterized LOC102554492,Chr17: 18.734681,5.649,24.8,Chr17: 18.890124,0.411,Chr17, 18.734681,Chr17, 18.890124,18.734681,18.890124,0.15544300000000177,True,cis,False,True,True,cis,False,0.032128514056224904,0.06363366042224204,0.23351676106746344,Tier_2_Validate,Adipose
22312,ENSRNOG00000042445,Myo15b,myosin XVB,Chr10: 101.088733,3.869,24.8,Chr10: 100.958385,0.603,Chr10, 101.088733,Chr10, 100.958385,101.088733,100.958385,0.1303479999999979,True,cis,False,False,False,cis,False,0.032128514056224904,0.1207255426702349,0.35349891985426096,Tier_2_Validate,Adipose
8183,ENSRNOG00000017237,Lama1,laminin subunit alpha 1,Chr9: 107.692769,1.29,24.7,Chr9: 107.705085,0.635,Chr9, 107.692769,Chr9, 107.705085,107.692769,107.705085,0.01231599999999844,True,cis,False,False,False,cis,False,0.031459170013386877,0.1302408563782337,0.3565950092370672,Tier_2_Validate,Adipose
10381,UNCHAR_LOC102552854,LOC102552854,uncharacterized LOC102552854,Chr14: 31.255150,2.694,24.7,Chr14: 31.142847,-0.507,Chr14, 31.255150,Chr14, 31.142847,31.25515,31.142847,0.11230300000000071,True,cis,False,True,True,cis,False,0.031459170013386877,0.09217960154623847,0.2432735700458689,Tier_2_Validate,Adipose
25232,ENSRNOG00000058422,Pirb,paired Ig-like receptor B,Chr1: 65.499194,9.152,24.7,Chr1: 65.713205,-0.344,Chr1, 65.499194,Chr1, 65.713205,65.499194,65.713205,0.21401099999999929,True,cis,False,False,False,cis,False,0.031459170013386877,0.04371097234611952,0.32630954982582727,Tier_2_Validate,Adipose
28857,ENSRNOG00000010938,Slc7a10,solute carrier family 7 member 10,Chr1: 87.829083,9.653,24.7,Chr1: 87.967736,-0.553,Chr1, 87.829083,Chr1, 87.967736,87.829083,87.967736,0.13865300000000502,True,cis,False,False,False,cis,False,0.031459170013386877,0.10585786500148678,0.3480609622552058,Tier_2_Validate,Adipose
7145,ENSRNOG00000019519,Idnk,"Idnk, gluconokinase",Chr17: 6.490779,5.884,24.6,Chr17: 5.904105,-0.302,Chr17, 6.490779,Chr17, 5.904105,6.490779,5.904105,0.5866739999999995,True,cis,False,False,False,cis,False,0.03078982597054887,0.031222123104371093,0.321704182176222,Tier_2_Validate,Adipose
17097,ENSRNOG00000079330,LOC120098823,uncharacterized LOC120098823,Chr20: 43.333974,1.802,24.6,Chr20: 42.941156,-0.659,Chr20, 43.333974,Chr20, 42.941156,43.333974,42.941156,0.39281799999999834,True,cis,False,True,True,cis,False,0.03078982597054887,0.13737734165923282,0.2588585086704236,Tier_2_Validate,Adipose
11612,UNCHAR_LOC103693272,LOC103693272,uncharacterized LOC103693272,Chr10: 6.726490,4.631,24.5,Chr10: 6.423694,0.478,Chr10, 6.726490,Chr10, 6.423694,6.72649,6.423694,0.30279599999999984,True,cis,False,True,True,cis,False,0.030120481927710843,0.08355634849836455,0.2397868906491264,Tier_2_Validate,Adipose
22688,ENSRNOG00000016653,Ngef,neuronal guanine nucleotide exchange factor,Chr9: 88.244453,5.627,24.5,Chr9: 86.985968,0.49,Chr9, 88.244453,Chr9, 86.985968,88.244453,86.985968,1.2584849999999932,True,cis,False,False,False,cis,False,0.030120481927710843,0.0871245911388641,0.3410357755733012,Tier_2_Validate,Adipose
28276,ENSRNOG00000001699,Setd4,SET domain containing 4,Chr11: 32.859161,7.963,24.5,Chr11: 33.611309,-0.268,Chr11, 32.859161,Chr11, 33.611309,32.859161,33.611309,0.7521479999999983,True,cis,False,False,False,cis,False,0.030120481927710843,0.021112102289622365,0.3179314044760666,Tier_2_Validate,Adipose
786,ENSRNOG00000046181,Anks4b,ankyrin repeat and sterile alpha motif domain containing 4B,Chr1: 174.534194,2.58,24.4,Chr1: 174.788504,0.592,Chr1, 174.534194,Chr1, 174.788504,174.534194,174.788504,0.2543099999999754,True,cis,False,False,False,cis,False,0.029451137884872813,0.1174546535831103,0.35141702701379407,Tier_2_Validate,Adipose
9412,UNCHAR_LOC102548458,LOC102548458,uncharacterized LOC102548458,Chr15: 16.527902,0.744,24.4,Chr15: 16.121154,0.64,Chr15, 16.527902,Chr15, 16.121154,16.527902,16.121154,0.40674800000000033,True,cis,False,True,True,cis,False,0.029451137884872813,0.13172762414510852,0.2564125667104935,Tier_2_Validate,Adipose
15739,UNCHAR_LOC120096890,LOC120096890,uncharacterized LOC120096890,Chr1: 80.301946,1.259,24.4,Chr1: 80.246758,-0.657,Chr1, 80.301946,Chr1, 80.246758,80.301946,80.246758,0.055188000000001125,True,cis,False,True,True,cis,False,0.029451137884872813,0.1367826345524829,0.25818182035307446,Tier_2_Validate,Adipose
16106,UNCHAR_LOC120097392,LOC120097392,uncharacterized LOC120097392,Chr16: 0.949193,4.581,24.4,Chr16: 1.089479,0.39,Chr16, 0.949193,Chr16, 1.089479,0.949193,1.089479,0.14028600000000013,True,cis,False,True,True,cis,False,0.029451137884872813,0.05738923580136783,0.23039413079018423,Tier_2_Validate,Adipose
449,ENSRNOG00000002889,Afp,alpha-fetoprotein,Chr14: 17.591475,5.47,24.3,Chr14: 16.290690,-0.934,Chr14, 17.591475,Chr14, 16.290690,17.591475,16.29069,1.3007849999999976,True,cis,False,False,False,cis,False,0.02878179384203481,0.21914956883734762,0.38677597693778387,Tier_2_Validate,Adipose
9222,UNCHAR_LOC102547647,LOC102547647,uncharacterized LOC102547647,Chr2: 112.308363,1.468,24.3,Chr2: 112.752818,0.677,Chr2, 112.308363,Chr2, 112.752818,112.308363,112.752818,0.44445500000000493,True,cis,False,True,True,cis,False,0.02878179384203481,0.14272970561998216,0.260029024811706,Tier_2_Validate,Adipose
3243,ENSRNOG00000043150_2,Col20a1,collagen type XX alpha 1 chain,Chr3: 168.102474,7.515,24.2,Chr3: 168.114441,-0.442,Chr3, 168.102474,Chr3, 168.114441,168.102474,168.114441,0.011966999999998507,True,cis,False,False,False,cis,False,0.028112449799196783,0.0728516205768659,0.33533742463162197,Tier_2_Validate,Adipose
7122,ENSRNOG00000008628,Ica1,islet cell autoantigen 1,Chr4: 36.804704,7.786,24.2,Chr4: 37.169841,0.331,Chr4, 36.804704,Chr4, 37.169841,36.804704,37.169841,0.36513699999999716,True,cis,False,False,False,cis,False,0.028112449799196783,0.039845376152245024,0.3237852390830046,Tier_2_Validate,Adipose
16903,UNCHAR_LOC120098550,LOC120098550,uncharacterized LOC120098550,Chr19: 9.153157,1.123,24.2,Chr19: 9.212323,0.618,Chr19, 9.153157,Chr19, 9.212323,9.153157,9.212323,0.059165999999999386,True,cis,False,True,True,cis,False,0.028112449799196783,0.12518584597085936,0.2536544035195196,Tier_2_Validate,Adipose
17316,UNCHAR_LOC120099121,LOC120099121,uncharacterized LOC120099121,Chr1: 47.741899,1.564,24.2,Chr1: 47.638592,-0.932,Chr1, 47.741899,Chr1, 47.638592,47.741899,47.638592,0.10330699999999382,True,cis,False,True,True,cis,False,0.028112449799196783,0.2185548617305977,0.2863335590354281,Tier_2_Validate,Adipose
30958,ENSRNOG00000002828,Tob1,transducer of ErbB-2.1,Chr10: 79.163092,8.498,24.2,Chr10: 79.677697,-0.32,Chr10, 79.163092,Chr10, 79.677697,79.163092,79.677697,0.5146049999999889,True,cis,False,False,False,cis,False,0.028112449799196783,0.036574487065120426,0.322640427902511,Tier_2_Validate,Adipose
32307,ENSRNOG00000058057,Uggt2,UDP-glucose glycoprotein glucosyltransferase 2,Chr15: 96.239357,8.033,24.2,Chr15: 96.098863,0.291,Chr15, 96.239357,Chr15, 96.098863,96.239357,96.098863,0.1404940000000039,True,cis,False,False,False,cis,False,0.028112449799196783,0.027951234017246498,0.3196222893357552,Tier_2_Validate,Adipose
10350,ENSRNOG00000064179,LOC102552731,RIKEN cDNA 1700028J19 gene like,Chr1: 94.730837,1.133,24.1,Chr1: 93.830128,0.635,Chr1, 94.730837,Chr1, 93.830128,94.730837,93.830128,0.900708999999992,True,cis,False,False,True,cis,False,0.027443105756358777,0.1302408563782337,0.3551893867471073,Tier_2_Validate,Adipose
21006,ENSRNOG00000019885,Magi3,"membrane associated guanylate kinase, WW and PDZ domain containing 3",Chr2: 191.717047,9.631,24.1,Chr2: 192.173900,0.197,Chr2, 191.717047,Chr2, 192.173900,191.717047,192.1739,0.4568529999999953,True,cis,False,False,False,cis,False,0.027443105756358777,0.0,0.30960508701472556,Tier_2_Validate,Adipose
27778,ENSRNOG00000075316,RT1-M1-4,"RT1 class I, locus M1, gene 4",Chr20: 1.893584,0.349,24.0,Chr20: 2.050222,-0.424,Chr20, 1.893584,Chr20, 2.050222,1.893584,2.050222,0.15663800000000028,True,cis,False,False,False,cis,False,0.02677376171352075,0.06749925661611655,0.33299555641537304,Tier_2_Validate,Adipose
29323,ENSRNOG00000022084,Sox14,SRY-box transcription factor 14,Chr8: 100.423917,1.41,24.0,Chr8: 102.011135,0.847,Chr8, 100.423917,Chr8, 102.011135,100.423917,102.011135,1.587217999999993,True,cis,False,False,False,cis,False,0.02677376171352075,0.19327980969372582,0.37701874999253626,Tier_2_Validate,Adipose
6656,ENSRNOG00000039284,Haus4,"HAUS augmin-like complex, subunit 4",Chr15: 28.006146,5.808,23.9,Chr15: 27.854824,0.307,Chr15, 28.006146,Chr15, 27.854824,28.006146,27.854824,0.1513220000000004,True,cis,False,False,False,cis,False,0.02610441767068272,0.032708890871245906,0.32058465798967506,Tier_2_Validate,Adipose
10461,UNCHAR_LOC102553326,LOC102553326,uncharacterized LOC102553326,Chr5: 70.840702,1.544,23.9,Chr5: 70.868633,0.595,Chr5, 70.840702,Chr5, 70.868633,70.840702,70.868633,0.027931000000009476,True,cis,False,True,True,cis,False,0.02610441767068272,0.1183467142432352,0.2505578961698713,Tier_2_Validate,Adipose
26650,ENSRNOG00000001001,Retn,resistin,Chr12: 1.710880,11.142,23.9,Chr12: 0.093589,-0.439,Chr12, 1.710880,Chr12, 0.093589,1.71088,0.093589,1.617291,True,cis,False,False,False,cis,False,0.02610441767068272,0.07195955991674101,0.33432239215559834,Tier_2_Validate,Adipose
30350,ENSRNOG00000059702,Tex9,testis expressed 9,Chr8: 73.213890,7.489,23.9,Chr8: 71.348029,-0.282,Chr8, 73.213890,Chr8, 71.348029,73.21389,71.348029,1.8658610000000095,True,cis,False,False,False,cis,False,0.02610441767068272,0.02527505203687183,0.3179828143976441,Tier_2_Validate,Adipose
92,ENSRNOG00000064381_2,Abcg3l4,"ATP-binding cassette, subfamily G (WHITE), member 3-like 4",Chr14: 4.590222,8.921,23.8,Chr14: 5.131747,-0.277,Chr14, 4.590222,Chr14, 5.131747,4.590222,5.131747,0.541525,True,cis,False,False,False,cis,False,0.025435073627844716,0.02378828426999703,0.3172281752642446,Tier_2_Validate,Adipose
11585,UNCHAR_LOC103693092,LOC103693092,uncharacterized LOC103693092,Chr8: 51.602797,6.382,23.8,Chr8: 51.101184,0.33,Chr8, 51.602797,Chr8, 51.101184,51.602797,51.101184,0.501612999999999,True,cis,False,True,True,cis,False,0.025435073627844716,0.03954802259887006,0.22274408367935017,Tier_2_Validate,Adipose
13517,UNCHAR_LOC120093718,LOC120093718,uncharacterized LOC120093718,Chr7: 127.681794,1.177,23.8,Chr7: 127.401498,0.676,Chr7, 127.681794,Chr7, 127.401498,127.681794,127.401498,0.2802959999999928,True,cis,False,True,True,cis,False,0.025435073627844716,0.1424323520666072,0.25875359899305816,Tier_2_Validate,Adipose
20372,UNCHAR_LOC680920,LOC680920,uncharacterized LOC680920,Chr9: 12.843541,3.764,23.8,Chr9: 13.817495,0.663,Chr9, 12.843541,Chr9, 13.817495,12.843541,13.817495,0.9739539999999991,True,cis,False,True,True,cis,False,0.025435073627844716,0.13856675587273268,0.2574006403252021,Tier_2_Validate,Adipose
20438,UNCHAR_LOC685275,LOC685275,uncharacterized LOC685275,Chr12: 18.651871,0.86,23.8,Chr12: 19.032032,-0.593,Chr12, 18.651871,Chr12, 19.032032,18.651871,19.032032,0.3801610000000011,True,cis,False,True,True,cis,False,0.025435073627844716,0.11775200713648527,0.2501154782675155,Tier_2_Validate,Adipose
23336,ENSRNOG00000086550,Or10aa1,olfactory receptor family 10 subfamily AA member 1,Chr13: 86.046157,6.65,23.8,Chr13: 86.622151,-0.398,Chr13, 86.046157,Chr13, 86.622151,86.046157,86.622151,0.5759940000000086,True,cis,False,False,False,cis,False,0.025435073627844716,0.059768064228367536,0.3298210982496743,Tier_2_Validate,Adipose
8885,UNCHAR_LOC100912259,LOC100912259,uncharacterized LOC100912259,Chr4: 169.702734,3.122,23.7,Chr4: 169.309327,0.591,Chr4, 169.702734,Chr4, 169.309327,169.702734,169.309327,0.3934069999999963,True,cis,False,True,True,cis,False,0.02476572958500669,0.11715730002973535,0.2496730603651597,Tier_2_Validate,Adipose
3196,ENSRNOG00000004438,Cntn1,contactin 1,Chr7: 123.263145,4.558,23.6,Chr7: 123.405374,0.663,Chr7, 123.263145,Chr7, 123.405374,123.263145,123.405374,0.14222900000000038,True,cis,False,False,False,cis,False,0.024096385542168683,0.13856675587273268,0.3569320994952154,Tier_2_Validate,Adipose
11608,UNCHAR_LOC103693208,LOC103693208,uncharacterized LOC103693208,Chr14: 94.674846,2.339,23.6,Chr14: 94.966000,0.599,Chr14, 94.674846,Chr14, 94.966000,94.674846,94.966,0.2911539999999917,True,cis,False,True,True,cis,False,0.024096385542168683,0.11953612845673504,0.25027137989961634,Tier_2_Validate,Adipose
20522,UNCHAR_LOC689303,LOC689303,uncharacterized LOC689303,Chr17: 14.423634,4.334,23.6,Chr17: 14.426630,-0.391,Chr17, 14.423634,Chr17, 14.426630,14.423634,14.42663,0.0029959999999995546,True,cis,False,True,True,cis,False,0.024096385542168683,0.057686589354742794,0.22862404121391902,Tier_2_Validate,Adipose
25205,ENSRNOG00000087413,Pilrb1,paired immunoglobin-like type 2 receptor beta 1,Chr12: 18.516160,5.184,23.6,Chr12: 19.031953,-0.595,Chr12, 18.516160,Chr12, 19.031953,18.51616,19.031953,0.5157930000000022,True,cis,False,False,False,cis,False,0.024096385542168683,0.1183467142432352,0.34985508492489137,Tier_2_Validate,Adipose
26466,ENSRNOG00000031671,Rasgef1a,"RasGEF domain family, member 1A",Chr4: 151.187532,4.307,23.6,Chr4: 151.143317,0.75,Chr4, 151.187532,Chr4, 151.143317,151.187532,151.143317,0.04421500000000833,True,cis,False,False,False,cis,False,0.024096385542168683,0.16443651501635442,0.3659865151954831,Tier_2_Validate,Adipose
22599,ENSRNOG00000013916,Nefm,neurofilament medium chain,Chr15: 42.365752,1.26,23.5,Chr15: 38.397019,0.761,Chr15, 42.365752,Chr15, 38.397019,42.365752,38.397019,3.9687330000000003,True,cis,False,False,False,cis,False,0.023427041499330656,0.16770740410347906,0.36689705596098343,Tier_2_Validate,Adipose
145,ENSRNOG00000037815,Acad10,"acyl-CoA dehydrogenase family, member 10",Chr12: 34.901210,11.065,23.4,Chr12: 35.460574,0.344,Chr12, 34.901210,Chr12, 35.460574,34.90121,35.460574,0.5593640000000022,True,cis,False,False,False,cis,False,0.022757697456492625,0.04371097234611952,0.3232640344309142,Tier_2_Validate,Adipose
587,ENSRNOG00000017619,Aldh1a1,"aldehyde dehydrogenase 1 family, member A1",Chr1: 218.000469,6.14,23.4,Chr1: 217.753437,-0.846,Chr1, 218.000469,Chr1, 217.753437,218.000469,217.753437,0.24703200000001857,True,cis,False,False,False,cis,False,0.022757697456492625,0.1929824561403509,0.3755090537588952,Tier_2_Validate,Adipose
10051,UNCHAR_LOC102551356,LOC102551356,uncharacterized LOC102551356,Chr18: 60.029821,1.873,23.4,Chr18: 60.107267,-0.742,Chr18, 60.029821,Chr18, 60.107267,60.029821,60.107267,0.0774460000000019,True,cis,False,True,True,cis,False,0.022757697456492625,0.1620576865893547,0.2646853844160466,Tier_2_Validate,Adipose
20245,UNCHAR_LOC361346,LOC361346,uncharacterized LOC361346,Chr18: 64.090141,7.88,23.4,Chr18: 63.698544,0.234,Chr18, 64.090141,Chr18, 63.698544,64.090141,63.698544,0.3915970000000044,True,cis,False,True,True,cis,False,0.022757697456492625,0.011002081474873627,0.2118159226259782,Tier_2_Validate,Adipose
27750,ENSRNOG00000069209,RT1-A1,"RT1 class Ia, locus A1",Chr20: 4.905308,9.167,23.4,Chr20: 6.357718,-0.696,Chr20, 4.905308,Chr20, 6.357718,4.905308,6.357718,1.4524100000000004,True,cis,False,False,False,cis,False,0.022757697456492625,0.14837942313410643,0.3598979922067097,Tier_2_Validate,Adipose
30054,ENSRNOG00000030245,Tango2,transport and golgi organization 2 homolog,Chr11: 82.645977,7.815,23.4,Chr11: 82.653430,-0.384,Chr11, 82.645977,Chr11, 82.653430,82.645977,82.65343,0.0074529999999981555,True,cis,False,False,False,cis,False,0.022757697456492625,0.05560511448111805,0.32742698417816374,Tier_2_Validate,Adipose
602,ENSRNOG00000011419,Aldh6a1,"aldehyde dehydrogenase 6 family, member A1",Chr6: 104.098635,11.987,23.3,Chr6: 104.374072,0.236,Chr6, 104.098635,Chr6, 104.374072,104.098635,104.374072,0.2754369999999966,True,cis,False,False,False,cis,False,0.022088353413654623,0.011596788581623545,0.3117897996983474,Tier_2_Validate,Adipose
17107,UNCHAR_LOC120098833,LOC120098833,uncharacterized LOC120098833,Chr20: 3.437372,6.646,23.3,Chr20: 3.601052,0.429,Chr20, 3.437372,Chr20, 3.601052,3.437372,3.601052,0.16368000000000027,True,cis,False,True,True,cis,False,0.022088353413654623,0.06898602438299137,0.2318760322288261,Tier_2_Validate,Adipose
11635,UNCHAR_LOC103693477,LOC103693477,uncharacterized LOC103693477,Chr10: 100.321684,0.56,23.2,Chr10: 100.351953,0.51,Chr10, 100.321684,Chr10, 100.351953,100.321684,100.351953,0.030268999999989887,True,cis,False,True,True,cis,False,0.021419009370816595,0.09307166220636337,0.24007173505201299,Tier_2_Validate,Adipose
6332,ENSRNOG00000010880,Gpr27,G protein-coupled receptor 27,Chr4: 132.328363,4.013,23.1,Chr4: 132.846270,-0.873,Chr4, 132.328363,Chr4, 132.846270,132.328363,132.84627,0.5179070000000081,True,cis,False,False,False,cis,False,0.02074966532797859,0.20101100208147485,0.37761623359330865,Tier_2_Validate,Adipose
9465,UNCHAR_LOC102548673,LOC102548673,uncharacterized LOC102548673,Chr10: 76.093222,0.157,23.1,Chr2: 81.446771,-0.312,Chr10, 76.093222,Chr2, 81.446771,76.093222,81.446771,inf,False,trans,False,True,True,trans_moderate,True,0.02074966532797859,0.03419565863812072,0.11923086338813477,Tier_3_FlaggedInspect,Adipose
11628,ENSRNOG00000091242,LOC103693415,uncharacterized LOC103693415,Chr10: 74.867604,4.611,23.1,Chr10: 74.961416,0.508,Chr10, 74.867604,Chr10, 74.961416,74.867604,74.961416,0.09381199999999978,True,cis,False,True,True,cis,False,0.02074966532797859,0.09247695509961344,0.2396293171496572,Tier_2_Validate,Adipose
11640,UNCHAR_LOC103693496,LOC103693496,Zinc finger protein 431 like 11,Chr1: 0.192444,3.619,23.1,Chr9: 112.810766,0.512,Chr1, 0.192444,Chr9, 112.810766,0.192444,112.810766,inf,False,trans,False,False,True,trans_moderate,True,0.02074966532797859,0.0936663693131133,0.24004561212438216,Tier_3_FlaggedInspect,Adipose
29495,UNCHAR_Spocd1,Spocd1,uncharacterized Spocd1,Chr5: 142.288821,0.721,23.1,Chr5: 142.268873,0.564,Chr5, 142.288821,Chr5, 142.268873,142.288821,142.268873,0.01994799999999941,True,cis,False,True,False,cis,False,0.02074966532797859,0.10912875408861133,0.24545744679580647,Tier_2_Validate,Adipose
30619,ENSRNOG00000027480,Tmem116,transmembrane protein 116,Chr12: 35.089408,6.319,23.1,Chr12: 34.960575,-0.388,Chr12, 35.089408,Chr12, 34.960575,35.089408,34.960575,0.1288330000000002,True,cis,False,False,False,cis,False,0.02074966532797859,0.0567945286946179,0.3271404679079088,Tier_2_Validate,Adipose
30743,ENSRNOG00000042758,Tmem243,transmembrane protein 243,Chr4: 24.968641,9.125,23.1,Chr4: 25.286406,0.222,Chr4, 24.968641,Chr4, 25.286406,24.968641,25.286406,0.31776499999999785,True,cis,False,False,False,cis,False,0.02074966532797859,0.007433838834374069,0.30986422645682343,Tier_2_Validate,Adipose
8959,UNCHAR_LOC102546462,LOC102546462,uncharacterized LOC102546462,Chr15: 52.177810,4.131,23.0,Chr15: 53.519327,-0.5,Chr15, 52.177810,Chr15, 53.519327,52.17781,53.519327,1.341516999999996,True,cis,False,True,True,cis,False,0.020080321285140562,0.09009812667261373,0.238562456785214,Tier_2_Validate,Adipose
15606,UNCHAR_LOC120096689,LOC120096689,uncharacterized LOC120096689,Chr14: 95.114521,5.685,23.0,Chr14: 94.990282,0.394,Chr14, 95.114521,Chr14, 94.990282,95.114521,94.990282,0.12423900000000287,True,cis,False,True,True,cis,False,0.020080321285140562,0.05857865001486768,0.2275306399550029,Tier_2_Validate,Adipose
21391,ENSRNOG00000039858,Mfsd12,major facilitator superfamily domain containing 12,Chr7: 8.354049,8.927,23.0,Chr7: 5.080344,0.287,Chr7, 8.354049,Chr7, 5.080344,8.354049,5.080344,3.2737049999999996,True,cis,False,False,False,cis,False,0.020080321285140562,0.026761819803746645,0.31639474938111056,Tier_2_Validate,Adipose
9366,UNCHAR_LOC102548271,LOC102548271,uncharacterized LOC102548271,Chr1: 167.901538,2.913,22.9,Chr1: 167.631608,-0.682,Chr1, 167.901538,Chr1, 167.631608,167.901538,167.631608,0.269929999999988,True,cis,False,True,True,cis,False,0.01941097724230253,0.14421647338685697,0.2572696077202058,Tier_2_Validate,Adipose
19181,UNCHAR_LOC120102190,LOC120102190,uncharacterized LOC120102190,Chr4: 0.509876,4.905,22.9,Chr7: 0.194932,0.396,Chr4, 0.509876,Chr7, 0.194932,0.509876,0.194932,inf,False,trans,False,True,True,trans_moderate,True,0.01941097724230253,0.05917335712161761,0.12750451702737206,Tier_3_FlaggedInspect,Adipose
19185,UNCHAR_LOC120102195,LOC120102195,uncharacterized LOC120102195,Chr4: 0.767055,3.45,22.9,Chr7: 0.194932,0.608,Chr4, 0.767055,Chr7, 0.194932,0.767055,0.194932,inf,False,trans,False,True,True,trans_moderate,True,0.01941097724230253,0.12221231043710971,0.14956815068779428,Tier_3_FlaggedInspect,Adipose
66,ENSRNOG00000001082,Abcb9,ATP binding cassette subfamily B member 9,Chr12: 32.499212,6.808,22.8,Chr12: 32.403448,0.35,Chr12, 32.499212,Chr12, 32.403448,32.499212,32.403448,0.09576400000000262,True,cis,False,False,False,cis,False,0.01874163319946453,0.04549509366636931,0.32248285440304186,Tier_2_Validate,Adipose
8892,ENSRNOG00000079804,LOC100912314,interferon alpha-1-like,Chr5: 103.288639,0.191,22.8,Chr5: 103.033474,0.352,Chr5, 103.288639,Chr5, 103.033474,103.288639,103.033474,0.2551650000000052,True,cis,False,False,True,cis,False,0.01874163319946453,0.04608980077311923,0.32269100189040434,Tier_2_Validate,Adipose
25343,ENSRNOG00000010098,Plek2,pleckstrin 2,Chr6: 97.719416,4.442,22.8,Chr6: 96.297826,-0.285,Chr6, 97.719416,Chr6, 96.297826,97.719416,96.297826,1.4215899999999948,True,cis,False,False,False,cis,False,0.01874163319946453,0.02616711269699672,0.31571806106376143,Tier_2_Validate,Adipose
28573,ENSRNOG00000014816,Slc1a1,solute carrier family 1 member 1,Chr1: 226.549931,5.274,22.8,Chr1: 226.622414,0.374,Chr1, 226.549931,Chr1, 226.622414,226.549931,226.622414,0.0724830000000054,True,cis,False,False,False,cis,False,0.01874163319946453,0.05263157894736842,0.3249806242513915,Tier_2_Validate,Adipose
32963,ENSRNOG00000007869,Wscd1,WSC domain containing 1,Chr10: 56.385857,6.238,22.8,Chr10: 56.951051,-0.377,Chr10, 56.385857,Chr10, 56.951051,56.385857,56.951051,0.5651939999999982,True,cis,False,False,False,cis,False,0.01874163319946453,0.05352363960749331,0.32529284548243526,Tier_2_Validate,Adipose
20231,UNCHAR_LOC302022,LOC302022,uncharacterized LOC302022,Chr3: 4.086902,4.987,22.7,Chr3: 8.469538,-0.399,Chr3, 4.086902,Chr3, 8.469538,4.086902,8.469538,4.382636,False,trans,False,True,True,trans_moderate,True,0.018072289156626502,0.06006541778174249,0.12734819742842915,Tier_3_FlaggedInspect,Adipose
26667,ENSRNOG00000027867,Rexo4,RNA exonuclease 4,Chr3: 10.291002,9.465,22.7,Chr3: 12.564220,0.258,Chr3, 10.291002,Chr3, 12.564220,10.291002,12.56422,2.273218,True,cis,False,False,False,cis,False,0.018072289156626502,0.01813856675587273,0.31267379956937474,Tier_2_Validate,Adipose
33201,ENSRNOG00000025140,Zfat,zinc finger and AT hook domain containing,Chr7: 100.054287,10.022,22.7,Chr7: 97.690774,-0.277,Chr7, 100.054287,Chr7, 97.690774,100.054287,97.690774,2.3635129999999975,True,cis,False,False,False,cis,False,0.018072289156626502,0.02378828426999703,0.3146512006993183,Tier_2_Validate,Adipose
9226,UNCHAR_LOC102547662,LOC102547662,uncharacterized LOC102547662,Chr6: 70.687393,3.326,22.6,Chr6: 70.970136,0.644,Chr6, 70.687393,Chr6, 70.970136,70.687393,70.970136,0.2827429999999964,True,cis,False,True,True,cis,False,0.017402945113788496,0.13291703835860838,0.2526119942153389,Tier_2_Validate,Adipose
17212,UNCHAR_LOC120098953,LOC120098953,uncharacterized LOC120098953,Chr20: 30.728614,6.058,22.6,Chr20: 31.291910,-0.367,Chr20, 30.728614,Chr20, 31.291910,30.728614,31.29191,0.5632960000000011,True,cis,False,True,True,cis,False,0.017402945113788496,0.050550104073743676,0.22378356721563628,Tier_2_Validate,Adipose
20729,ENSRNOG00000011451,Lrp3,LDL receptor related protein 3,Chr1: 87.859146,8.862,22.6,Chr1: 87.967736,-0.353,Chr1, 87.859146,Chr1, 87.967736,87.859146,87.967736,0.10859000000000663,True,cis,False,False,False,cis,False,0.017402945113788496,0.04638715432649419,0.32232653480409895,Tier_2_Validate,Adipose
22467,ENSRNOG00000012051,Ncaph,"non-SMC condensin I complex, subunit H",Chr3: 114.399177,4.858,22.6,Chr3: 114.386564,0.35,Chr3, 114.399177,Chr3, 114.386564,114.399177,114.386564,0.01261299999998755,True,cis,False,False,False,cis,False,0.017402945113788496,0.04549509366636931,0.3220143135730552,Tier_2_Validate,Adipose
25174,ENSRNOG00000039850,Pigp,"phosphatidylinositol glycan anchor biosynthesis, class P",Chr11: 33.689110,8.614,22.6,Chr11: 33.608489,-0.241,Chr11, 33.689110,Chr11, 33.608489,33.68911,33.608489,0.08062100000000072,True,cis,False,False,False,cis,False,0.017402945113788496,0.01308355634849836,0.3106702755118004,Tier_2_Validate,Adipose
28053,ENSRNOG00000009636,Scrn1,secernin 1,Chr4: 83.694224,8.437,22.6,Chr4: 83.871948,0.402,Chr4, 83.694224,Chr4, 83.871948,83.694224,83.871948,0.17772399999999777,True,cis,False,False,False,cis,False,0.017402945113788496,0.060957478441867385,0.3274261482444796,Tier_2_Validate,Adipose
4005,ENSRNOG00000042451,Ddx59,DEAD-box helicase 59,Chr13: 47.876257,7.457,22.5,Chr13: 47.930266,0.239,Chr13, 47.876257,Chr13, 47.930266,47.876257,47.930266,0.05400900000000064,True,cis,False,False,False,cis,False,0.01673360107095047,0.012488849241748434,0.3102278576094446,Tier_2_Validate,Adipose
5023,ENSRNOG00000063524,Etfrf1,electron transfer flavoprotein regulatory factor 1,Chr4: 178.179871,8.966,22.5,Chr4: 177.847188,-0.212,Chr4, 178.179871,Chr4, 177.847188,178.179871,177.847188,0.33268300000000295,True,cis,False,False,False,cis,False,0.01673360107095047,0.004460303300624438,0.3074178665300512,Tier_2_Validate,Adipose
15773,UNCHAR_LOC120096929,LOC120096929,uncharacterized LOC120096929,Chr15: 16.678122,3.28,22.5,Chr15: 16.121154,0.68,Chr15, 16.678122,Chr15, 16.121154,16.678122,16.121154,0.5569679999999977,True,cis,False,True,True,cis,False,0.01673360107095047,0.14362176628010706,0.2561243785728702,Tier_2_Validate,Adipose
28429,ENSRNOG00000002208,Shroom3,shroom family member 3,Chr14: 15.396831,5.382,22.5,Chr14: 15.167557,-0.417,Chr14, 15.396831,Chr14, 15.167557,15.396831,15.167557,0.2292740000000002,True,cis,False,False,False,cis,False,0.01673360107095047,0.06541778174249181,0.3287529839847048,Tier_2_Validate,Adipose
91,ENSRNOG00000069246,Abcg3l3,"ATP-binding cassette, subfamily G (WHITE), member 3-like 3",Chr14: 4.844160,8.622,22.4,Chr14: 3.829000,-0.236,Chr14, 4.844160,Chr14, 3.829000,4.84416,3.829,1.0151599999999994,True,cis,False,False,False,cis,False,0.01606425702811244,0.011596788581623545,0.3096813659634076,Tier_2_Validate,Adipose
2412,ENSRNOG00000036726,Cd300e,Cd300e molecule,Chr10: 100.309995,5.867,22.4,Chr10: 99.574645,-0.478,Chr10, 100.309995,Chr10, 99.574645,100.309995,99.574645,0.7353499999999968,True,cis,False,False,False,cis,False,0.01606425702811244,0.08355634849836455,0.33486721193426694,Tier_2_Validate,Adipose
6308,ENSRNOG00000002797,Gpr156,G protein-coupled receptor 156,Chr11: 62.815401,5.157,22.4,Chr11: 62.553386,-0.483,Chr11, 62.815401,Chr11, 62.553386,62.815401,62.553386,0.2620149999999981,True,cis,False,False,False,cis,False,0.01606425702811244,0.08504311626523936,0.33538758065267316,Tier_2_Validate,Adipose
15915,UNCHAR_LOC120097095,LOC120097095,uncharacterized LOC120097095,Chr15: 99.552530,2.771,22.4,Chr15: 99.417966,-0.511,Chr15, 99.552530,Chr15, 99.417966,99.55253,99.417966,0.13456399999999746,True,cis,False,True,True,cis,False,0.01606425702811244,0.09336901575973833,0.23830164547574778,Tier_2_Validate,Adipose
19520,ENSRNOG00000059486,LOC120102639,small nucleolar RNA SNORA2/SNORA34 family,Chr4: 118.815876,0.727,22.4,Chr4: 119.127967,-0.525,Chr4, 118.815876,Chr4, 119.127967,118.815876,119.127967,0.31209099999999523,True,cis,False,False,True,cis,False,0.01606425702811244,0.09753196550698781,0.3397586778872851,Tier_2_Validate,Adipose
27556,ENSRNOG00000018680_2,Rpl17,ribosomal protein L17,Chr18: 68.581140,10.851,22.4,Chr18: 69.593598,-0.309,Chr18, 68.581140,Chr18, 69.593598,68.58114,69.593598,1.0124579999999952,True,cis,False,False,False,cis,False,0.01606425702811244,0.033303597977995834,0.31727874925213795,Tier_2_Validate,Adipose
16643,UNCHAR_LOC120098180,LOC120098180,uncharacterized LOC120098180,Chr18: 58.352724,0.803,22.3,Chr18: 58.367798,-0.512,Chr18, 58.352724,Chr18, 58.367798,58.352724,58.367798,0.015073999999998478,True,cis,False,True,True,cis,False,0.015394912985274435,0.0936663693131133,0.23817144880443572,Tier_2_Validate,Adipose
28862,ENSRNOG00000006119,Slc7a15,"solute carrier family 7 (cationic amino acid transporter, y+ system), member 15",Chr6: 31.415230,8.966,22.3,Chr6: 31.417411,0.467,Chr6, 31.415230,Chr6, 31.417411,31.41523,31.417411,0.0021810000000002105,True,cis,False,False,False,cis,False,0.015394912985274435,0.08028545941123998,0.33348813033878005,Tier_2_Validate,Adipose
9239,UNCHAR_LOC102547700,LOC102547700,uncharacterized LOC102547700,Chr14: 81.408846,5.61,22.2,Chr14: 81.750431,0.292,Chr14, 81.408846,Chr14, 81.750431,81.408846,81.750431,0.34158500000000913,True,cis,False,True,True,cis,False,0.014725568942436406,0.028248587570621462,0.21504095477957025,Tier_2_Validate,Adipose
9872,UNCHAR_LOC102550575,LOC102550575,uncharacterized LOC102550575,Chr2: 185.284309,5.005,22.2,Chr2: 185.553302,-0.401,Chr2, 185.284309,Chr2, 185.553302,185.284309,185.553302,0.2689929999999947,True,cis,False,True,True,cis,False,0.014725568942436406,0.06066012488849242,0.2263849928408251,Tier_2_Validate,Adipose
13227,ENSRNOG00000068348,LOC120093298,U6 spliceosomal RNA,Chr6: 54.227084,1.858,22.2,Chr6: 53.879848,0.574,Chr6, 54.227084,Chr6, 53.879848,54.227084,53.879848,0.3472359999999952,True,cis,False,False,True,cis,False,0.014725568942436406,0.11210228962236098,0.3443897504976791,Tier_2_Validate,Adipose
14886,UNCHAR_LOC120095656,LOC120095656,uncharacterized LOC120095656,Chr11: 50.881940,2.622,22.2,Chr11: 51.061971,-0.588,Chr11, 50.881940,Chr11, 51.061971,50.88194,51.061971,0.1800309999999996,True,cis,False,True,True,cis,False,0.014725568942436406,0.11626523936961046,0.2458467829092164,Tier_2_Validate,Adipose
30327,ENSRNOG00000036670,Tex19.1,testis expressed 19.1,Chr10: 106.420244,0.253,22.2,Chr10: 103.365367,0.356,Chr10, 106.420244,Chr10, 103.365367,106.420244,103.365367,3.0548769999999905,True,cis,False,False,False,cis,False,0.014725568942436406,0.047279214986619085,0.32170167437516944,Tier_2_Validate,Adipose
33546,ENSRNOG00000015071,Zim1,"zinc finger, imprinted 1",Chr1: 67.132075,9.834,22.2,Chr1: 66.965090,-0.738,Chr1, 67.132075,Chr1, 66.965090,67.132075,66.96509,0.16698499999999683,True,cis,False,False,False,cis,False,0.014725568942436406,0.16086827237585488,0.36145784446140194,Tier_2_Validate,Adipose
3371,ENSRNOG00000005655,Cpa6,carboxypeptidase A6,Chr5: 8.526707,1.856,22.1,Chr5: 11.201366,0.791,Chr5, 8.526707,Chr5, 11.201366,8.526707,11.201366,2.674659,True,cis,False,False,False,cis,False,0.014056224899598402,0.17662801070472794,0.3667394824615142,Tier_2_Validate,Adipose
3690,ENSRNOG00000013589,Cxcl12,C-X-C motif chemokine ligand 12,Chr4: 150.388325,12.215,22.1,Chr4: 150.208911,0.313,Chr4, 150.388325,Chr4, 150.208911,150.388325,150.208911,0.1794140000000084,True,cis,False,False,False,cis,False,0.014056224899598402,0.034493012191495684,0.31699223298188295,Tier_2_Validate,Adipose
32789,ENSRNOG00000011918,Vsx2,visual system homeobox 2,Chr6: 104.214841,2.806,22.1,Chr6: 104.374072,-0.559,Chr6, 104.214841,Chr6, 104.374072,104.214841,104.374072,0.15923099999999124,True,cis,False,False,False,cis,False,0.014056224899598402,0.10764198632173656,0.3425943739274673,Tier_2_Validate,Adipose
6994,ENSRNOG00000079458,Hrk,"harakiri, BCL2 interacting protein",Chr12: 38.409651,5.707,22.0,Chr12: 38.293525,-0.603,Chr12, 38.409651,Chr12, 38.293525,38.409651,38.293525,0.11612599999999418,True,cis,False,False,False,cis,False,0.013386880856760375,0.1207255426702349,0.3469393482344484,Tier_2_Validate,Adipose
10182,UNCHAR_LOC102551940,LOC102551940,uncharacterized LOC102551940,Chr10: 11.754201,5.35,22.0,Chr10: 12.170043,0.321,Chr10, 11.754201,Chr10, 12.170043,11.754201,12.170043,0.4158419999999996,True,cis,False,True,True,cis,False,0.013386880856760375,0.03687184061849539,0.21759055251633952,Tier_2_Validate,Adipose
2863,ENSRNOG00000009411,Chn2,chimerin 2,Chr4: 83.148615,8.723,21.9,Chr4: 84.321389,0.28,Chr4, 83.148615,Chr4, 84.321389,83.148615,84.321389,1.1727739999999898,True,cis,False,False,False,cis,False,0.012717536813922346,0.02468034493012192,0.3130892586104155,Tier_2_Validate,Adipose
7782,ENSRNOG00000021855,Kcp,kielin cysteine rich BMP regulator,Chr4: 58.118169,4.912,21.9,Chr4: 58.304409,0.447,Chr4, 58.118169,Chr4, 58.304409,58.118169,58.304409,0.18623999999999796,True,cis,False,False,False,cis,False,0.012717536813922346,0.07433838834374071,0.33046957380518205,Tier_2_Validate,Adipose
11623,UNCHAR_LOC103693391,LOC103693391,uncharacterized LOC103693391,Chr10: 61.038699,5.937,21.9,Chr10: 61.152571,0.343,Chr10, 61.038699,Chr10, 61.152571,61.038699,61.152571,0.11387200000000064,True,cis,False,True,True,cis,False,0.012717536813922346,0.04341361879274458,0.21964590446233345,Tier_2_Validate,Adipose
13914,ENSRNOG00000056476,LOC120094289,solute carrier family 22 member 13-like,Chr8: 118.954849,4.713,21.9,Chr8: 119.320880,-0.478,Chr8, 118.954849,Chr8, 119.320880,118.954849,119.32088,0.36603100000000666,True,cis,False,False,True,cis,False,0.012717536813922346,0.08355634849836455,0.3336958598593004,Tier_2_Validate,Adipose
15546,UNCHAR_LOC120096621,LOC120096621,uncharacterized LOC120096621,Chr14: 66.760973,5.392,21.9,Chr14: 67.625451,-0.358,Chr14, 66.760973,Chr14, 67.625451,66.760973,67.625451,0.8644779999999912,True,cis,False,True,True,cis,False,0.012717536813922346,0.047873922093369006,0.221207010617552,Tier_2_Validate,Adipose
20847,ENSRNOG00000000855,Lst1,leukocyte specific transcript 1,Chr20: 3.634679,4.403,21.9,Chr20: 3.601132,0.517,Chr20, 3.634679,Chr20, 3.601132,3.634679,3.601132,0.033546999999999993,True,cis,False,False,False,cis,False,0.012717536813922346,0.09515313707998811,0.33775473586286864,Tier_2_Validate,Adipose
27289,ENSRNOG00000069584,Rnase1l2,"ribonuclease, RNase A family, 1-like 2",Chr15: 24.421824,4.44,21.9,Chr15: 28.480643,0.693,Chr15, 24.421824,Chr15, 28.480643,24.421824,28.480643,4.058819,False,trans,False,False,False,trans_moderate,True,0.012717536813922346,0.14748736247398156,0.2560717147507664,Tier_3_FlaggedInspect,Adipose
1839,ENSRNOG00000012637,C2cd6,C2 calcium dependent domain containing 6,Chr9: 60.530841,2.069,21.8,Chr9: 60.323170,0.571,Chr9, 60.530841,Chr9, 60.323170,60.530841,60.32317,0.20767100000000482,True,cis,False,False,False,cis,False,0.012048192771084341,0.11121022896223608,0.3431404476066622,Tier_2_Validate,Adipose
3716,ENSRNOG00000011142,Cyb5b,cytochrome b5 type B,Chr19: 35.062870,11.227,21.8,Chr19: 35.749101,-0.275,Chr19, 35.062870,Chr19, 35.749101,35.06287,35.749101,0.6862310000000065,True,cis,False,False,False,cis,False,0.012048192771084341,0.023193577163247103,0.312334619477016,Tier_2_Validate,Adipose
19182,UNCHAR_LOC120102191,LOC120102191,uncharacterized LOC120102191,Chr4: 0.214949,6.379,21.8,Chr7: 0.194932,0.326,Chr4, 0.214949,Chr7, 0.194932,0.214949,0.194932,inf,False,trans,False,True,True,trans_moderate,True,0.012048192771084341,0.0383586083853702,0.11764238040475909,Tier_3_FlaggedInspect,Adipose
22039,ENSRNOG00000039297,Mrpl52,mitochondrial ribosomal protein L52,Chr15: 27.882776,8.884,21.8,Chr15: 27.974218,0.211,Chr15, 27.882776,Chr15, 27.974218,27.882776,27.974218,0.09144200000000069,True,cis,False,False,False,cis,False,0.012048192771084341,0.004162949747249475,0.30567389988141686,Tier_2_Validate,Adipose
1879,UNCHAR_C7h12orf40,C7h12orf40,uncharacterized C7h12orf40,Chr7: 122.318494,1.313,21.7,Chr7: 122.518166,-0.64,Chr7, 122.318494,Chr7, 122.518166,122.318494,122.518166,0.19967199999999252,True,cis,False,True,False,cis,False,0.011378848728246313,0.13172762414510852,0.25008726550567417,Tier_2_Validate,Adipose
7305,ENSRNOG00000014378,Il1r2,interleukin 1 receptor type 2,Chr9: 42.384279,4.425,21.7,Chr9: 42.235982,0.418,Chr9, 42.384279,Chr9, 42.235982,42.384279,42.235982,0.14829699999999946,True,cis,False,False,False,cis,False,0.011378848728246313,0.06571513529586678,0.3269828944084396,Tier_2_Validate,Adipose
19614,UNCHAR_LOC120102816,LOC120102816,uncharacterized LOC120102816,Chr5: 17.736385,2.838,21.7,Chr5: 18.138659,-0.508,Chr5, 17.736385,Chr5, 18.138659,17.736385,18.138659,0.402274000000002,True,cis,False,True,True,cis,False,0.011378848728246313,0.09247695509961344,0.23634953133975092,Tier_2_Validate,Adipose
20322,UNCHAR_LOC502907,LOC502907,uncharacterized LOC502907,Chr4: 163.825354,3.332,21.7,Chr4: 165.205943,0.648,Chr4, 163.825354,Chr4, 165.205943,163.825354,165.205943,1.3805889999999863,True,cis,False,True,True,cis,False,0.011378848728246313,0.13410645257210824,0.2509198554551241,Tier_2_Validate,Adipose
2525,ENSRNOG00000052405,Cdh4,cadherin 4,Chr3: 166.525091,2.973,21.6,Chr3: 166.165284,-0.56,Chr3, 166.525091,Chr3, 166.165284,166.525091,166.165284,0.35980699999998933,True,cis,False,False,False,cis,False,0.010709504685408308,0.10793933987511152,0.34152709559618194,Tier_2_Validate,Adipose
14550,UNCHAR_LOC120095179,LOC120095179,uncharacterized LOC120095179,Chr10: 80.649435,4.731,21.6,Chr10: 80.874886,0.341,Chr10, 80.649435,Chr10, 80.874886,80.649435,80.874886,0.22545100000000673,True,cis,False,True,True,cis,False,0.010709504685408308,0.04281891168599465,0.21873494572999105,Tier_2_Validate,Adipose
25397,ENSRNOG00000000177,Plpp2,phospholipid phosphatase 2,Chr7: 10.175917,5.113,21.6,Chr7: 9.302690,-0.459,Chr7, 10.175917,Chr7, 9.302690,10.175917,9.30269,0.873227,True,cis,False,False,False,cis,False,0.010709504685408308,0.07790663098424026,0.331015647484377,Tier_2_Validate,Adipose
33370,ENSRNOG00000071332,Zfp54,zinc finger protein 54,Chr1: 61.190805,7.085,21.6,Chr1: 61.135593,-0.234,Chr1, 61.190805,Chr1, 61.135593,61.190805,61.135593,0.055211999999997374,True,cis,False,False,False,cis,False,0.010709504685408308,0.011002081474873627,0.3075990551560987,Tier_2_Validate,Adipose
3155,ENSRNOG00000031773,Cngb1,cyclic nucleotide gated channel subunit beta 1,Chr19: 9.726594,3.285,21.5,Chr19: 9.212323,0.503,Chr19, 9.726594,Chr19, 9.212323,9.726594,9.212323,0.5142710000000008,True,cis,False,False,False,cis,False,0.010040160642570281,0.09099018733273863,0.33536062179135817,Tier_2_Validate,Adipose
6034,ENSRNOG00000011808,Ghrhr,growth hormone releasing hormone receptor,Chr4: 84.498158,3.483,21.5,Chr4: 84.544511,0.595,Chr4, 84.498158,Chr4, 84.544511,84.498158,84.544511,0.046352999999996314,True,cis,False,False,False,cis,False,0.010040160642570281,0.1183467142432352,0.34493540621003194,Tier_2_Validate,Adipose
7839,ENSRNOG00000009539,Khdrbs3,"KH RNA binding domain containing, signal transduction associated 3",Chr7: 100.837706,6.643,21.5,Chr7: 101.055823,-0.33,Chr7, 100.837706,Chr7, 101.055823,100.837706,101.055823,0.21811700000000656,True,cis,False,False,False,cis,False,0.010040160642570281,0.03954802259887006,0.3173558641345041,Tier_2_Validate,Adipose
8457,UNCHAR_LOC100134871,LOC100134871,hemoglobin subunit beta like 1,Chr1: 158.238347,8.054,21.5,Chr1: 158.468568,3.074,Chr1, 158.238347,Chr1, 158.468568,158.238347,158.468568,0.23022100000000023,True,cis,False,False,True,cis,False,0.010040160642570281,0.855486173059768,0.6029342167958184,Tier_2_Validate,Adipose
15904,UNCHAR_LOC120097083,LOC120097083,uncharacterized LOC120097083,Chr15: 96.239365,2.353,21.5,Chr15: 96.098863,0.492,Chr15, 96.239365,Chr15, 96.098863,96.239365,96.098863,0.14050200000001212,True,cis,False,True,True,cis,False,0.010040160642570281,0.08771929824561403,0.23421581061086452,Tier_2_Validate,Adipose
24806,UNCHAR_Pcdhb16l,Pcdhb16l,protocadherin beta 16,Chr18: 29.184759,5.852,21.5,Chr18: 29.534165,-0.344,Chr18, 29.184759,Chr18, 29.534165,29.184759,29.534165,0.3494060000000019,True,cis,False,False,False,cis,False,0.010040160642570281,0.04371097234611952,0.31881289654604145,Tier_2_Validate,Adipose
25049,ENSRNOG00000006800,Pgap4,post-GPI attachment to proteins GalNAc transferase 4,Chr5: 63.947003,7.145,21.5,Chr5: 66.161254,-0.298,Chr5, 63.947003,Chr5, 66.161254,63.947003,66.161254,2.2142509999999973,True,cis,False,False,False,cis,False,0.010040160642570281,0.03003270889087124,0.3140255043367045,Tier_2_Validate,Adipose
29096,ENSRNOG00000055553,Snora31,"small nucleolar RNA, H/ACA box 31",Chr15: 51.159219,3.835,21.5,Chr15: 51.790676,0.745,Chr15, 51.159219,Chr15, 51.790676,51.159219,51.790676,0.6314569999999975,True,cis,False,False,False,cis,False,0.010040160642570281,0.16294974724947964,0.36054646776221744,Tier_2_Validate,Adipose
695,ENSRNOG00000000576,Anapc16,anaphase promoting complex subunit 16,Chr20: 27.941033,7.953,21.4,Chr20: 27.634311,0.244,Chr20, 27.941033,Chr20, 27.634311,27.941033,27.634311,0.3067220000000006,True,cis,False,False,False,cis,False,0.009370816599732252,0.013975617008623249,0.3081712517629245,Tier_2_Validate,Adipose
3346,ENSRNOG00000007827,Cox4i2,cytochrome c oxidase subunit 4i2,Chr3: 141.228442,5.937,21.4,Chr3: 141.322796,0.369,Chr3, 141.228442,Chr3, 141.322796,141.228442,141.322796,0.09435400000000982,True,cis,False,False,False,cis,False,0.009370816599732252,0.051144811180493605,0.32118046972307907,Tier_2_Validate,Adipose
6365,ENSRNOG00000003144,Gprc5c,"G protein-coupled receptor, class C, group 5, member C",Chr10: 99.886899,7.368,21.4,Chr10: 99.574645,0.372,Chr10, 99.886899,Chr10, 99.574645,99.886899,99.574645,0.3122539999999958,True,cis,False,False,False,cis,False,0.009370816599732252,0.05203687184061849,0.3214926909541228,Tier_2_Validate,Adipose
12092,ENSRNOG00000079955,LOC108349559,uncharacterized LOC108349559,Chr1: 85.645300,1.926,21.3,Chr1: 84.965439,-0.569,Chr1, 85.645300,Chr1, 84.965439,85.6453,84.965439,0.6798610000000025,True,cis,False,True,True,cis,False,0.008701472556894248,0.11061552185548616,0.24176094804433315,Tier_2_Validate,Adipose
18457,ENSRNOG00000089505,LOC120100951,uncharacterized LOC120100951,Chr2: 226.485593,2.602,21.3,Chr2: 226.754365,0.491,Chr2, 226.485593,Chr2, 226.754365,226.485593,226.754365,0.26877200000001267,True,cis,False,True,True,cis,False,0.008701472556894248,0.08742194469223907,0.23364319603719666,Tier_2_Validate,Adipose
25031,ENSRNOG00000004162,Pfkfb2,"6-phosphofructo-2-kinase/fructose-2,6-biphosphatase 2",Chr13: 42.174698,9.286,21.3,Chr13: 42.434735,0.261,Chr13, 42.174698,Chr13, 42.434735,42.174698,42.434735,0.26003700000000407,True,cis,False,False,False,cis,False,0.008701472556894248,0.019030627415997623,0.3097062349905122,Tier_2_Validate,Adipose
3078,ENSRNOG00000008806,Clip4,"CAP-GLY domain containing linker protein family, member 4",Chr6: 23.697624,6.448,21.2,Chr6: 24.757879,0.427,Chr6, 23.697624,Chr6, 24.757879,23.697624,24.757879,1.060254999999998,True,cis,False,False,False,cis,False,0.00803212851405622,0.06839131727624144,0.3267482060266042,Tier_2_Validate,Adipose
9455,UNCHAR_LOC102548633,LOC102548633,Zinc finger protein 431 like,Chr1: 0.454561,2.57,21.2,Chr9: 113.311047,0.686,Chr1, 0.454561,Chr9, 113.311047,0.454561,113.311047,inf,False,trans,False,False,True,trans_moderate,True,0.00803212851405622,0.14540588760035683,0.2537033056400446,Tier_3_FlaggedInspect,Adipose
13092,UNCHAR_LOC120093104,LOC120093104,uncharacterized LOC120093104,Chr4: 163.643090,8.973,21.2,Chr4: 165.066174,0.454,Chr4, 163.643090,Chr4, 165.066174,163.64309,165.066174,1.4230839999999887,True,cis,False,True,True,cis,False,0.00803212851405622,0.07641986321736545,0.2295581971059976,Tier_2_Validate,Adipose
16617,UNCHAR_LOC120098139,LOC120098139,ELMO domain-containing protein 2-like,Chr18: 37.762105,5.352,21.2,Chr19: 24.293787,1.006,Chr18, 37.762105,Chr19, 24.293787,37.762105,24.293787,inf,False,trans,False,False,True,trans_moderate,True,0.00803212851405622,0.2405590246803449,0.2870069036180404,Tier_3_FlaggedInspect,Adipose
1608,ENSRNOG00000002381,Bmp3,bone morphogenetic protein 3,Chr14: 10.737152,8.173,21.1,Chr14: 11.623760,0.468,Chr14, 10.737152,Chr14, 11.623760,10.737152,11.62376,0.8866080000000007,True,cis,False,False,False,cis,False,0.007362784471218215,0.08058281296461493,0.3307809591025416,Tier_2_Validate,Adipose
5914,ENSRNOG00000045795,Gatd1,glutamine amidotransferase class 1 domain containing 1,Chr1: 196.512560,8.458,21.1,Chr1: 195.021178,0.25,Chr1, 196.512560,Chr1, 195.021178,196.51256,195.021178,1.4913820000000158,True,cis,False,False,False,cis,False,0.007362784471218215,0.01575973832887303,0.30809288298003196,Tier_2_Validate,Adipose
6457,ENSRNOG00000010605,Gsc,goosecoid homeobox,Chr6: 123.390110,5.16,21.1,Chr6: 122.567619,0.548,Chr6, 123.390110,Chr6, 122.567619,123.39011,122.567619,0.8224910000000136,True,cis,False,False,False,cis,False,0.007362784471218215,0.10437109723461196,0.3391068585970406,Tier_2_Validate,Adipose
24921,ENSRNOG00000010280,Pde8b,phosphodiesterase 8B,Chr2: 26.479724,4.248,21.1,Chr2: 26.401987,-0.507,Chr2, 26.479724,Chr2, 26.401987,26.479724,26.401987,0.07773700000000261,True,cis,False,False,False,cis,False,0.007362784471218215,0.09217960154623847,0.3348398351061098,Tier_2_Validate,Adipose
27961,ENSRNOG00000067387,Sbk1,SH3 domain binding kinase 1,Chr1: 180.807091,6.703,21.1,Chr1: 180.176375,0.709,Chr1, 180.807091,Chr1, 180.176375,180.807091,180.176375,0.6307160000000067,True,cis,False,False,False,cis,False,0.007362784471218215,0.15224501932798098,0.3558627313297197,Tier_2_Validate,Adipose
28699,ENSRNOG00000005302,Slc2a9,solute carrier family 2 member 9,Chr14: 72.328333,8.527,21.1,Chr14: 72.496650,-0.226,Chr14, 72.328333,Chr14, 72.496650,72.328333,72.49665,0.16831700000000183,True,cis,False,False,False,cis,False,0.007362784471218215,0.008623253047873921,0.3055951131316823,Tier_2_Validate,Adipose
30144,ENSRNOG00000000802,Tbc1d32,"TBC1 domain family, member 32",Chr20: 35.590991,8.195,21.1,Chr20: 35.564085,0.239,Chr20, 35.590991,Chr20, 35.564085,35.590991,35.564085,0.02690600000000387,True,cis,False,False,False,cis,False,0.007362784471218215,0.012488849241748434,0.3069480717995383,Tier_2_Validate,Adipose
225,ENSRNOG00000042084,Acsm1,acyl-CoA synthetase medium-chain family member 1,Chr1: 173.985714,7.964,21.0,Chr1: 177.193526,0.479,Chr1, 173.985714,Chr1, 177.193526,173.985714,177.193526,3.20781199999999,True,cis,False,False,False,cis,False,0.006693440428380187,0.0838537020517395,0.3316914998680419,Tier_2_Validate,Adipose
2520,ENSRNOG00000018557,Cdh22,cadherin 22,Chr3: 153.950631,3.757,21.0,Chr3: 153.986705,-0.506,Chr3, 153.950631,Chr3, 153.986705,153.950631,153.986705,0.036074000000013484,True,cis,False,False,False,cis,False,0.006693440428380187,0.09188224799286351,0.3345014909474353,Tier_2_Validate,Adipose
11228,UNCHAR_LOC103690742,LOC103690742,uncharacterized LOC103690742,Chr9: 10.002935,6.676,21.0,Chr9: 7.985735,-0.384,Chr9, 10.002935,Chr9, 7.985735,10.002935,7.985735,2.0172000000000008,True,cis,False,True,True,cis,False,0.006693440428380187,0.05560511448111805,0.22180449421832438,Tier_2_Validate,Adipose
20229,UNCHAR_LOC301444,LOC301444,uncharacterized LOC301444,Chr9: 61.336926,1.175,21.0,Chr13: 32.378736,-0.566,Chr9, 61.336926,Chr13, 32.378736,61.336926,32.378736,inf,False,trans,False,True,True,trans_moderate,True,0.006693440428380187,0.10972346119536126,0.1407459155683095,Tier_3_FlaggedInspect,Adipose
23127,ENSRNOG00000070472,Nxpe4,neurexophilin and PC-esterase domain family member 4,Chr8: 48.502696,7.068,21.0,Chr8: 48.395402,-0.315,Chr8, 48.502696,Chr8, 48.395402,48.502696,48.395402,0.10729400000000311,True,cis,False,False,False,cis,False,0.006693440428380187,0.03508771929824561,0.31462340590431903,Tier_2_Validate,Adipose
26699,UNCHAR_RGD1304624,RGD1304624,uncharacterized RGD1304624,Chr6: 72.587510,5.857,21.0,Chr6: 76.527425,-0.332,Chr6, 72.587510,Chr6, 76.527425,72.58751,76.527425,3.939914999999999,True,cis,False,True,False,cis,False,0.006693440428380187,0.04014272970561999,0.21639265954690007,Tier_2_Validate,Adipose
26730,UNCHAR_RGD1308750,RGD1308750,uncharacterized RGD1308750,ChrX: 149.572961,6.023,21.0,Chr1: 225.082636,0.304,ChrX, 149.572961,Chr1, 225.082636,149.572961,225.082636,inf,False,trans,False,True,False,trans_moderate,True,0.006693440428380187,0.03181683021112102,0.11347859472382543,Tier_3_FlaggedInspect,Adipose
12695,UNCHAR_LOC108352035,LOC108352035,uncharacterized LOC108352035,Chr9: 98.932825,1.063,20.9,Chr9: 97.359745,-0.516,Chr9, 98.932825,Chr9, 97.359745,98.932825,97.359745,1.5730799999999903,True,cis,False,True,True,cis,False,0.006024096385542159,0.09485578352661314,0.23530795796925436,Tier_2_Validate,Adipose
22126,ENSRNOG00000055314,Msrb1,methionine sulfoxide reductase B1,Chr10: 13.764882,9.805,20.9,Chr10: 13.286123,-0.231,Chr10, 13.764882,Chr10, 13.286123,13.764882,13.286123,0.47875900000000016,True,cis,False,False,False,cis,False,0.006024096385542159,0.010110020814748736,0.3056469410201018,Tier_2_Validate,Adipose
25399,ENSRNOG00000020424,Plpp4,phospholipid phosphatase 4,Chr1: 183.829793,2.244,20.9,Chr1: 184.095736,0.501,Chr1, 183.829793,Chr1, 184.095736,183.829793,184.095736,0.26594299999999294,True,cis,False,False,False,cis,False,0.006024096385542159,0.0903954802259887,0.33374685181403585,Tier_2_Validate,Adipose
25648,ENSRNOG00000006893,Ppm1k,"protein phosphatase, Mg2+/Mn2+ dependent, 1K",Chr4: 87.612197,9.266,20.9,Chr4: 89.554729,0.274,Chr4, 87.612197,Chr4, 89.554729,87.612197,89.554729,1.942532,True,cis,False,False,False,cis,False,0.006024096385542159,0.022896223609872143,0.310122111998395,Tier_2_Validate,Adipose
26219,ENSRNOG00000022570,Pus7l,pseudouridine synthase 7 like,Chr7: 125.706581,6.916,20.9,Chr7: 125.705714,-0.263,Chr7, 125.706581,Chr7, 125.705714,125.706581,125.705714,0.000866999999999507,True,cis,False,False,False,cis,False,0.006024096385542159,0.019625334522747548,0.3089773008179014,Tier_2_Validate,Adipose
27796,ENSRNOG00000042905,RT1-T24-4,"RT1 class I, locus T24, gene 4",Chr20: 2.684514,11.002,20.9,Chr20: 3.187506,0.269,Chr20, 2.684514,Chr20, 3.187506,2.684514,3.187506,0.5029919999999999,True,cis,False,False,False,cis,False,0.006024096385542159,0.021409455842997326,0.3096017432799888,Tier_2_Validate,Adipose
4477,ENSRNOG00000018005,Duoxa1,dual oxidase maturation factor 1,Chr3: 109.260510,6.692,20.8,Chr3: 109.270516,0.348,Chr3, 109.260510,Chr3, 109.270516,109.26051,109.270516,0.010006000000004178,True,cis,False,False,False,cis,False,0.005354752342704154,0.04490038655961938,0.31758929861581325,Tier_2_Validate,Adipose
11275,UNCHAR_LOC103691053,LOC103691053,uncharacterized LOC103691053,Chr1: 79.879722,4.236,20.8,Chr1: 79.715297,-0.408,Chr1, 79.879722,Chr1, 79.715297,79.879722,79.715297,0.16442499999999427,True,cis,False,True,True,cis,False,0.005354752342704154,0.06274159976211714,0.22383372323668746,Tier_2_Validate,Adipose
26813,ENSRNOG00000030494,RGD1560263,nuclear receptor binding factor 2 like 1,Chr2: 182.256610,4.075,20.8,Chr2: 183.467150,0.426,Chr2, 182.256610,Chr2, 183.467150,182.25661,183.46715,1.2105400000000088,True,cis,False,False,False,cis,False,0.005354752342704154,0.06809396372286648,0.32570705062294975,Tier_2_Validate,Adipose
18986,UNCHAR_LOC120101815,LOC120101815,uncharacterized LOC120101815,Chr3: 161.487215,0.348,20.7,Chr3: 160.807216,0.396,Chr3, 161.487215,Chr3, 160.807216,161.487215,160.807216,0.6799989999999809,True,cis,False,True,True,cis,False,0.004685408299866126,0.05917335712161761,0.22235056789751934,Tier_2_Validate,Adipose
1498,ENSRNOG00000009308,Bcl2l10,Bcl2-like 10,Chr8: 76.107325,1.902,20.6,Chr8: 76.393685,0.537,Chr8, 76.107325,Chr8, 76.393685,76.107325,76.393685,0.28636000000000195,True,cis,False,False,False,cis,False,0.004016064257028122,0.10110020814748737,0.33679069534158046,Tier_2_Validate,Adipose
4829,ENSRNOG00000015560,Emsy,"EMSY transcriptional repressor, BRCA2 interacting",Chr1: 152.960419,9.791,20.6,Chr1: 151.169800,0.253,Chr1, 152.960419,Chr1, 151.169800,152.960419,151.1698,1.7906189999999924,True,cis,False,False,False,cis,False,0.004016064257028122,0.016651798988997917,0.30723375213610915,Tier_2_Validate,Adipose
9262,UNCHAR_LOC102547830,LOC102547830,uncharacterized LOC102547830,Chr17: 21.530707,5.508,20.6,Chr17: 21.654827,-0.298,Chr17, 21.530707,Chr17, 21.654827,21.530707,21.654827,0.12412000000000134,True,cis,False,True,True,cis,False,0.004016064257028122,0.03003270889087124,0.2119170706017648,Tier_2_Validate,Adipose
9273,UNCHAR_LOC102547860,LOC102547860,uncharacterized LOC102547860,Chr14: 71.756169,1.763,20.6,Chr14: 72.131931,-0.728,Chr14, 71.756169,Chr14, 72.131931,71.756169,72.131931,0.3757619999999946,True,cis,False,True,True,cis,False,0.004016064257028122,0.15789473684210523,0.25666878038469665,Tier_2_Validate,Adipose
14927,UNCHAR_LOC120095700,LOC120095700,uncharacterized LOC120095700,Chr11: 81.025576,1.743,20.6,Chr11: 80.490505,0.66,Chr11, 81.025576,Chr11, 80.490505,81.025576,80.490505,0.5350710000000021,True,cis,False,True,True,cis,False,0.004016064257028122,0.1376746952126078,0.2495917658143726,Tier_2_Validate,Adipose
27578,ENSRNOG00000057677,Rpl30l1,ribosomal protein L30-like 1,Chr13: 89.281686,1.256,20.6,Chr7: 68.339536,0.667,Chr13, 89.281686,Chr7, 68.339536,89.281686,68.339536,inf,False,trans,False,False,False,trans_moderate,True,0.004016064257028122,0.13975617008623253,0.2503202820201412,Tier_3_FlaggedInspect,Adipose
27722,UNCHAR_Rrs1-ps9,Rrs1-ps9,"ribosome biogenesis regulator 1 homolog, pseudogene 9",Chr2: 102.363613,6.299,20.6,Chr2: 96.993538,0.339,Chr2, 102.363613,Chr2, 96.993538,102.363613,96.993538,5.370075,False,trans,True,False,False,PSEUDOGENE_TRANS,True,0.004016064257028122,0.04222420457924473,0.1161840940926955,Tier_3_FlaggedInspect,Adipose
3520,ENSRNOG00000005177,Cryzl2,crystallin zeta like 2,Chr13: 69.612604,9.738,20.5,Chr13: 69.694938,0.22,Chr13, 69.612604,Chr13, 69.694938,69.612604,69.694938,0.0823339999999888,True,cis,False,False,False,cis,False,0.0033467202141900937,0.006839131727624143,0.30356504817963503,Tier_2_Validate,Adipose
8868,UNCHAR_LOC100912041,LOC100912041,uncharacterized LOC100912041,Chr1: 205.619201,7.625,20.5,Chr1: 202.433592,0.251,Chr1, 205.619201,Chr1, 202.433592,205.619201,202.433592,3.1856089999999995,True,cis,False,True,True,cis,False,0.0033467202141900937,0.01605709188224799,0.20679133423375334,Tier_2_Validate,Adipose
19218,UNCHAR_LOC120102240,LOC120102240,uncharacterized LOC120102240,Chr4: 45.977979,4.103,20.5,Chr4: 46.045441,-0.341,Chr4, 45.977979,Chr4, 46.045441,45.977979,46.045441,0.06746199999999902,True,cis,False,True,True,cis,False,0.0033467202141900937,0.04281891168599465,0.2161579711650647,Tier_2_Validate,Adipose
22098,ENSRNOG00000020953,Ms4a7,membrane spanning 4-domains A7,Chr1: 207.984742,5.312,20.5,Chr1: 207.840211,0.502,Chr1, 207.984742,Chr1, 207.840211,207.984742,207.840211,0.14453100000000063,True,cis,False,False,False,cis,False,0.0033467202141900937,0.09069283377936366,0.3329138438977438,Tier_2_Validate,Adipose
8907,UNCHAR_LOC100912582,LOC100912582,uncharacterized LOC100912582,Chr7: 11.929492,6.243,20.4,Chr7: 1.298442,0.327,Chr7, 11.929492,Chr7, 1.298442,11.929492,1.298442,10.63105,False,trans,False,True,True,trans_moderate,True,0.0026773761713520653,0.03865596193874517,0.11446666833853404,Tier_3_FlaggedInspect,Adipose
12991,UNCHAR_LOC108352981,LOC108352981,uncharacterized LOC108352981,Chr15: 97.809582,1.529,20.4,Chr15: 97.807893,-0.516,Chr15, 97.809582,Chr15, 97.807893,97.809582,97.807893,0.0016889999999989413,True,cis,False,True,True,cis,False,0.0026773761713520653,0.09485578352661314,0.23413660589428784,Tier_2_Validate,Adipose
21352,ENSRNOG00000006131,Mettl2,"methyltransferase 2, tRNA N3-cytidine",Chr10: 90.095526,6.884,20.4,Chr10: 89.201543,0.333,Chr10, 90.095526,Chr10, 89.201543,90.095526,89.201543,0.8939830000000057,True,cis,False,False,False,cis,False,0.0026773761713520653,0.040440083258994945,0.31509111080062147,Tier_2_Validate,Adipose
1089,ENSRNOG00000031849,Armh4,armadillo-like helical domain containing 4,Chr15: 23.076985,4.68,20.2,Chr15: 23.713952,0.589,Chr15, 23.076985,Chr15, 23.713952,23.076985,23.713952,0.6369669999999985,True,cis,False,False,False,cis,False,0.0013386880856760327,0.11656259292298542,0.3412654483530315,Tier_2_Validate,Adipose
3125,UNCHAR_Cmc4,Cmc4,C-X9-C motif containing 4,Chr18: 0.125432,5.935,20.2,Chr18: 0.012173,0.251,Chr18, 0.125432,Chr18, 0.012173,0.125432,0.012173,0.11325899999999998,True,cis,False,False,False,cis,False,0.0013386880856760327,0.01605709188224799,0.3060885229887734,Tier_2_Validate,Adipose
4498,ENSRNOG00000022143,Dusp23,dual specificity phosphatase 23,Chr13: 85.100053,5.89,20.2,Chr13: 85.451372,-0.253,Chr13, 85.100053,Chr13, 85.451372,85.100053,85.451372,0.3513190000000037,True,cis,False,False,False,cis,False,0.0013386880856760327,0.016651798988997917,0.3062966704761359,Tier_2_Validate,Adipose
18864,UNCHAR_LOC120101646,LOC120101646,uncharacterized LOC120101646,Chr3: 109.917152,1.617,20.2,Chr3: 105.063132,-0.677,Chr3, 109.917152,Chr3, 105.063132,109.917152,105.063132,4.8540200000000056,False,trans,False,True,True,trans_moderate,True,0.0013386880856760327,0.14272970561998216,0.15042393779698038,Tier_3_FlaggedInspect,Adipose
30073,ENSRNOG00000009708,Tas1r1,taste 1 receptor member 1,Chr5: 162.546407,3.663,20.2,Chr5: 162.441438,0.45,Chr5, 162.546407,Chr5, 162.441438,162.546407,162.441438,0.10496899999998277,True,cis,False,False,False,cis,False,0.0013386880856760327,0.0752304490038656,0.3267991979813396,Tier_2_Validate,Adipose
30473,ENSRNOG00000038894,Timd4,T-cell immunoglobulin and mucin domain containing 4,Chr10: 31.185750,6.913,20.2,Chr10: 30.925464,-0.523,Chr10, 31.185750,Chr10, 30.925464,31.18575,30.925464,0.26028599999999713,True,cis,False,False,False,cis,False,0.0013386880856760327,0.09693725840023788,0.3343965812700699,Tier_2_Validate,Adipose
6400,ENSRNOG00000023492,Greb1l,GREB1 like retinoic acid receptor coactivator,Chr18: 1.392329,9.751,20.1,Chr18: 1.463866,0.296,Chr18, 1.392329,Chr18, 1.463866,1.392329,1.463866,0.07153699999999996,True,cis,False,False,False,cis,False,0.0006693440428380283,0.029438001784121315,0.3105375710394358,Tier_2_Validate,Adipose
10095,UNCHAR_LOC102551556,LOC102551556,uncharacterized LOC102551556,Chr12: 5.656672,1.628,20.1,Chr12: 5.581347,0.523,Chr12, 5.656672,Chr12, 5.581347,5.656672,5.581347,0.07532500000000031,True,cis,False,True,True,cis,False,0.0006693440428380283,0.09693725840023788,0.23416231085507658,Tier_2_Validate,Adipose
26390,UNCHAR_Raet1c,Raet1c,retinoic acid early transcript gamma,Chr1: 1.796109,0.233,20.1,Chr1: 2.698079,-0.325,Chr1, 1.796109,Chr1, 2.698079,1.796109,2.698079,0.9019699999999999,True,cis,False,False,False,cis,False,0.0006693440428380283,0.038061254831995246,0.31355570960619167,Tier_2_Validate,Adipose
26693,ENSRNOG00000058243,Rfx8,regulatory factor X8,Chr9: 42.021431,6.587,20.1,Chr9: 42.235982,-0.264,Chr9, 42.021431,Chr9, 42.235982,42.021431,42.235982,0.21455100000000016,True,cis,False,False,False,cis,False,0.0006693440428380283,0.019922688076122512,0.3072072112416362,Tier_2_Validate,Adipose
32314,UNCHAR_Ugt1a7c,Ugt1a7c,uncharacterized Ugt1a7c,Chr9: 88.739576,9.056,20.1,Chr9: 86.919449,0.414,Chr9, 88.739576,Chr9, 86.919449,88.739576,86.919449,1.8201269999999994,True,cis,False,True,False,cis,False,0.0006693440428380283,0.06452572108236693,0.22281827279382174,Tier_2_Validate,Adipose
33348,ENSRNOG00000057542,Zfp488,zinc finger protein 488,Chr16: 9.293680,1.572,20.1,Chr16: 9.517626,0.64,Chr16, 9.293680,Chr16, 9.517626,9.29368,9.517626,0.22394599999999976,True,cis,False,False,False,cis,False,0.0006693440428380283,0.13172762414510852,0.3463389388657813,Tier_2_Validate,Adipose
8326,ENSRNOG00000005093,Lgr6,leucine-rich repeat-containing G protein-coupled receptor 6,Chr13: 46.544073,4.535,20.0,Chr13: 46.764976,-0.368,Chr13, 46.544073,Chr13, 46.764976,46.544073,46.764976,0.22090299999999985,True,cis,False,False,False,cis,False,0.0,0.05084745762711864,0.31779661016949157,Tier_2_Validate,Adipose
8526,UNCHAR_LOC100360821,LOC100360821,uncharacterized LOC100360821,Chr5: 57.199979,4.054,20.0,Chr5: 56.981038,-0.425,Chr5, 57.199979,Chr5, 56.981038,57.199979,56.981038,0.21894100000000094,True,cis,False,True,True,cis,False,0.0,0.06779661016949153,0.22372881355932206,Tier_2_Validate,Adipose
8646,UNCHAR_LOC100363423,LOC100363423,uncharacterized LOC100363423,Chr10: 75.508353,0.535,20.0,Chr10: 75.461046,-0.528,Chr10, 75.508353,Chr10, 75.461046,75.508353,75.461046,0.04730700000000354,True,cis,False,True,True,cis,False,0.0,0.0984240261671127,0.23444840915848944,Tier_2_Validate,Adipose
10001,UNCHAR_LOC102551127,LOC102551127,uncharacterized LOC102551127,Chr8: 61.525399,6.274,20.0,Chr8: 61.531758,-0.474,Chr8, 61.525399,Chr8, 61.531758,61.525399,61.531758,0.006359000000003334,True,cis,False,True,True,cis,False,0.0,0.08236693428486469,0.22882842699970266,Tier_2_Validate,Adipose
11546,UNCHAR_LOC103692782,LOC103692782,uncharacterized LOC103692782,Chr7: 11.960790,3.059,20.0,Chr7: 11.404448,0.498,Chr7, 11.960790,Chr7, 11.404448,11.96079,11.404448,0.556341999999999,True,cis,False,True,True,cis,False,0.0,0.08950341956586381,0.23132619684805233,Tier_2_Validate,Adipose
12656,UNCHAR_LOC108351926,LOC108351926,uncharacterized LOC108351926,Chr9: 49.975500,2.47,20.0,Chr4: 105.344429,-0.606,Chr9, 49.975500,Chr4, 105.344429,49.9755,105.344429,inf,False,trans,False,True,True,trans_moderate,True,0.0,0.12161760333035979,0.14256616116562593,Tier_3_FlaggedInspect,Adipose
28727,ENSRNOG00000018649,Slc35c2,solute carrier family 35 member C2,Chr3: 154.023548,8.791,20.0,Chr3: 153.986705,-0.241,Chr3, 154.023548,Chr3, 153.986705,154.023548,153.986705,0.03684300000000462,True,cis,False,False,False,cis,False,0.0,0.01308355634849836,0.3045792447219744,Tier_2_Validate,Adipose
