Index_adipose,Record_adipose,Symbol,Description_adipose,Location_adipose,Mean_adipose,Peak -logP_adipose,Peak Location_adipose,Effect Size_adipose,Gene_Chr_adipose,Gene_Pos_Str_adipose,Peak_Chr_adipose,Peak_Pos_Str_adipose,Gene_Pos_adipose,Peak_Pos_adipose,Distance_Mb_adipose,is_cis_adipose,cis_trans_adipose,is_pseudogene_adipose,is_uncharacterized_adipose,is_loc_adipose,trans_flag_adipose,flag_artifact_adipose,norm_logp_adipose,norm_es_adipose,biol_score_adipose,tier_adipose,tissue_adipose,genomic_context_adipose,Index_liver,Record_liver,Description_liver,Location_liver,Mean_liver,Peak -logP_liver,Peak Location_liver,Effect Size_liver,Gene_Chr_liver,Gene_Pos_Str_liver,Peak_Chr_liver,Peak_Pos_Str_liver,Gene_Pos_liver,Peak_Pos_liver,Distance_Mb_liver,is_cis_liver,cis_trans_liver,is_pseudogene_liver,is_uncharacterized_liver,is_loc_liver,trans_flag_liver,flag_artifact_liver,norm_logp_liver,norm_es_liver,biol_score_liver,tier_liver,tissue_liver,genomic_context_liver,_merge,in_adipose,in_liver,in_both,shared_peak,same_direction,peak_distance_mb,pleiotropy_class,tissue_specificity_index,conservation_score,master_score
5147.0,ENSRNOG00000012067,Fam111a,FAM111 trypsin like peptidase A,Chr1: 209.640864,9.201,167.2,Chr1: 209.858238,3.266,Chr1,209.640864,Chr1,209.858238,209.640864,209.858238,0.2173740000000066,True,cis,False,False,False,cis,False,0.9852744310575636,0.9125780553077608,0.9642483702278634,Tier_1_HighConfidence,Adipose,proximal,5147.0,ENSRNOG00000012067,FAM111 trypsin like peptidase A,Chr1: 209.640864,5.134,133.9,Chr1: 209.858238,3.869,Chr1,209.640864,Chr1,209.858238,209.640864,209.858238,0.2173740000000066,True,cis,False,False,False,cis,False,0.7320051413881749,0.6721466364323508,0.7914531222371839,Tier_1_HighConfidence,Liver,proximal,both,True,True,True,True,True,0.0,shared_cis_conserved,0.09786209544935298,0.8348965894734771,87.89993480911453
27787.0,ENSRNOG00000029386,RT1-N2,"RT1 class Ib, locus N2",Chr20: 2.641156,4.809,118.2,Chr20: 2.687516,-2.911,Chr20,2.641156,Chr20,2.687516,2.641156,2.687516,0.0463599999999999,True,cis,False,False,False,cis,False,0.6572958500669344,0.8070175438596491,0.8125096878743041,Tier_1_HighConfidence,Adipose,promoter,27787.0,ENSRNOG00000029386,"RT1 class Ib, locus N2",Chr20: 2.641156,4.918,133.4,Chr20: 2.687516,-3.817,Chr20,2.641156,Chr20,2.687516,2.641156,2.687516,0.0463599999999999,True,cis,False,False,False,cis,False,0.7287917737789203,0.6623204837490553,0.7868892901347914,Tier_1_HighConfidence,Liver,promoter,both,True,True,True,True,True,0.0,shared_cis_conserved,0.01591923326011206,0.7933341876528197,82.05538751497215
11611.0,UNCHAR_LOC103693260,LOC103693260,uncharacterized LOC103693260,Chr10: 2.221334,4.968,153.2,Chr10: 1.082663,3.56,Chr10,2.221334,Chr10,1.082663,2.221334,1.082663,1.1386710000000002,True,cis,False,True,True,cis,False,0.8915662650602408,1.0,0.8620481927710841,Tier_2_Validate,Adipose,distal_cis,11611.0,UNCHAR_LOC103693260,uncharacterized LOC103693260,Chr10: 2.221334,3.475,129.8,Chr10: 1.082663,3.282,Chr10,2.221334,Chr10,1.082663,2.221334,1.082663,1.1386710000000002,True,cis,False,True,True,cis,False,0.7056555269922881,0.5612244897959184,0.6434080058758722,Tier_2_Validate,Liver,distal_cis,both,True,True,True,True,True,0.0,shared_cis_conserved,0.14427351123075696,0.698428736377752,80.89192771084336
6589.0,UNCHAR_H2ac18,H2ac18,histone cluster 2 H2A family member A2,Chr2: 183.808397,6.981,92.6,Chr2: 183.798575,-2.853,Chr2,183.808397,Chr2,183.798575,183.808397,183.798575,0.0098220000000139,True,cis,False,False,False,cis,False,0.4859437751004015,0.7897710377639013,0.7465001845025059,Tier_1_HighConfidence,Adipose,promoter,6589.0,UNCHAR_H2ac18,histone cluster 2 H2A family member A2,Chr2: 183.808397,4.599,98.2,Chr2: 183.798575,-3.491,Chr2,183.808397,Chr2,183.798575,183.808397,183.798575,0.0098220000000139,True,cis,False,False,False,cis,False,0.5025706940874036,0.6007180650037793,0.686151065681914,Tier_1_HighConfidence,Liver,promoter,both,True,True,True,True,True,0.0,shared_cis_conserved,0.041832091306112436,0.7013429256153272,79.12500738010024
7166.0,ENSRNOG00000019050,Ifit1,interferon-induced protein with tetratricopeptide repeats 1,Chr1: 232.152037,6.097,150.0,Chr1: 231.862988,2.342,Chr1,232.152037,Chr1,231.862988,232.152037,231.862988,0.2890490000000056,True,cis,False,False,False,cis,False,0.8701472556894243,0.6378233719892953,0.8277897196875518,Tier_1_HighConfidence,Adipose,proximal,7166.0,ENSRNOG00000019050,interferon-induced protein with tetratricopeptide repeats 1,Chr1: 232.152037,2.711,129.2,Chr1: 231.862988,3.204,Chr1,232.152037,Chr1,231.862988,232.152037,231.862988,0.2890490000000056,True,cis,False,False,False,cis,False,0.7017994858611825,0.5464852607709751,0.7368996613212551,Tier_1_HighConfidence,Liver,proximal,both,True,True,True,True,True,0.0,shared_cis_conserved,0.05771935688552687,0.7597664743050431,77.82158878750207
10998.0,UNCHAR_LOC102555965,LOC102555965,uncharacterized LOC102555965,Chr1: 184.499295,1.794,115.0,Chr1: 184.570953,-1.874,Chr1,184.499295,Chr1,184.570953,184.499295,184.570953,0.0716580000000135,True,cis,False,True,True,cis,False,0.6358768406961178,0.4986619090098126,0.5970885623970756,Tier_2_Validate,Adipose,promoter,10998.0,UNCHAR_LOC102555965,uncharacterized LOC102555965,Chr1: 184.499295,5.007,142.9,Chr1: 184.570953,-4.917,Chr1,184.499295,Chr1,184.570953,184.499295,184.570953,0.0716580000000135,True,cis,False,True,True,cis,False,0.7898457583547559,0.8701814058956916,0.7810095074876565,Tier_2_Validate,Liver,promoter,both,True,True,True,True,True,0.0,shared_cis_conserved,0.1324985237576576,0.6434000449791151,75.61038029950626
17771.0,UNCHAR_LOC120099939,LOC120099939,uncharacterized LOC120099939,Chr1: 182.637159,2.156,119.5,Chr1: 181.810195,2.05,Chr1,182.637159,Chr1,181.810195,182.637159,181.810195,0.8269640000000038,True,cis,False,True,True,cis,False,0.6659973226238286,0.550996134403806,0.6259477099596721,Tier_2_Validate,Adipose,proximal,17771.0,UNCHAR_LOC120099939,uncharacterized LOC120099939,Chr1: 182.637159,2.582,175.6,Chr1: 181.810195,4.164,Chr1,182.637159,Chr1,181.810195,182.637159,181.810195,0.8269640000000038,True,cis,False,True,True,cis,False,1.0,0.7278911564625851,0.8047619047619047,Tier_2_Validate,Liver,proximal,both,True,True,True,True,True,0.0,shared_cis_conserved,0.12411536160726545,0.6709615470642484,75.44047619047619
8253.0,ENSRNOG00000013973,Lcn2,lipocalin 2,Chr3: 15.684032,3.582,120.7,Chr3: 15.375341,-2.19,Chr3,15.684032,Chr3,15.375341,15.684032,15.375341,0.3086909999999996,True,cis,False,False,False,cis,False,0.6740294511378848,0.5926256318763009,0.7433292790549649,Tier_1_HighConfidence,Adipose,proximal,8253.0,ENSRNOG00000013973,lipocalin 2,Chr3: 15.684032,1.93,89.9,Chr3: 15.375341,-2.438,Chr3,15.684032,Chr3,15.375341,15.684032,15.375341,0.3086909999999996,True,cis,False,False,False,cis,False,0.4492287917737789,0.4017384731670447,0.5978385427292882,Tier_1_HighConfidence,Liver,proximal,both,True,True,True,True,True,0.0,shared_cis_conserved,0.1076777688011785,0.6344804212327103,73.6831711621986
8912.0,ENSRNOG00000042224_1,LOC100912642,cytochrome P450 2J3-like,Chr5: 110.930401,3.285,134.1,Chr5: 111.023453,-2.019,Chr5,110.930401,Chr5,111.023453,110.930401,111.023453,0.0930520000000001,True,cis,False,False,True,cis,False,0.7637215528781793,0.5417781742491823,0.7569249044945765,Tier_2_Validate,Adipose,promoter,8912.0,ENSRNOG00000042224_1,cytochrome P450 2J3-like,Chr5: 110.930401,1.632,59.2,Chr5: 111.023453,-1.17,Chr5,110.930401,Chr5,111.023453,110.930401,111.023453,0.0930520000000001,True,cis,False,False,True,cis,False,0.2519280205655527,0.1621315192743764,0.4449208389439751,Tier_2_Validate,Liver,promoter,both,True,True,True,True,True,0.0,shared_cis_conserved,0.25746186529096143,0.5235655099948529,71.12699617978306
21791.0,ENSRNOG00000021555,Mis18a,MIS18 kinetochore protein A,Chr11: 29.981057,3.948,123.8,Chr11: 29.858552,1.835,Chr11,29.981057,Chr11,29.858552,29.981057,29.858552,0.1225050000000003,True,cis,False,False,False,cis,False,0.6947791164658634,0.4870651204281891,0.7136454829129183,Tier_1_HighConfidence,Adipose,proximal,21791.0,ENSRNOG00000021555,MIS18 kinetochore protein A,Chr11: 29.981057,3.768,113.8,Chr11: 29.858552,2.362,Chr11,29.981057,Chr11,29.858552,29.981057,29.858552,0.1225050000000003,True,cis,False,False,False,cis,False,0.602827763496144,0.3873771730914588,0.6465717278056609,Tier_1_HighConfidence,Liver,proximal,both,True,True,True,True,True,0.0,shared_cis_conserved,0.04895118422288838,0.6634625445430323,70.72081931651672
13382.0,UNCHAR_LOC120093570,LOC120093570,uncharacterized LOC120093570,Chr7: 34.301338,3.79,144.8,Chr7: 34.300659,2.73,Chr7,34.301338,Chr7,34.300659,34.301338,34.300659,0.000678999999998,True,cis,False,True,True,cis,False,0.8353413654618475,0.7531965506987808,0.7559882706562198,Tier_2_Validate,Adipose,promoter,13382.0,UNCHAR_LOC120093570,uncharacterized LOC120093570,Chr7: 34.301338,0.655,31.3,Chr7: 34.300659,0.756,Chr7,34.301338,Chr7,34.300659,34.301338,34.300659,0.000678999999998,True,cis,False,True,True,cis,False,0.0726221079691516,0.0839002267573696,0.2547828171542824,Tier_2_Validate,Liver,promoter,both,True,True,True,True,True,0.0,shared_cis_conserved,0.49100671001271745,0.38131169730479847,69.01953082624878
6666.0,ENSRNOG00000047321,Hba-a3,"hemoglobin alpha, adult chain 3",Chr10: 15.312393,6.828,85.8,Chr10: 15.438463,-1.948,Chr10,15.312393,Chr10,15.438463,15.312393,15.438463,0.1260700000000003,True,cis,False,False,False,cis,False,0.4404283801874163,0.5206660719595599,0.6363830582514416,Tier_1_HighConfidence,Adipose,proximal,6666.0,ENSRNOG00000047321,"hemoglobin alpha, adult chain 3",Chr10: 15.312393,4.244,99.0,Chr10: 15.438463,-2.475,Chr10,15.312393,Chr10,15.438463,15.312393,15.438463,0.1260700000000003,True,cis,False,False,False,cis,False,0.5077120822622108,0.4087301587301588,0.6207547843473292,Tier_1_HighConfidence,Liver,proximal,both,True,True,True,True,True,0.0,shared_cis_conserved,0.012333523140671394,0.624692686631209,68.19532233005766
32203.0,ENSRNOG00000000767,Ubd,ubiquitin like modifier D,Chr20: 1.387437,3.95,74.2,Chr20: 1.568617,1.746,Chr20,1.387437,Chr20,1.568617,1.387437,1.568617,0.1811799999999999,True,cis,False,False,False,cis,False,0.3627844712182062,0.4606006541778174,0.5881847938886082,Tier_1_HighConfidence,Adipose,proximal,32203.0,ENSRNOG00000000767,ubiquitin like modifier D,Chr20: 1.387437,6.756,96.3,Chr20: 1.568617,2.921,Chr20,1.387437,Chr20,1.568617,1.387437,1.568617,0.1811799999999999,True,cis,False,False,False,cis,False,0.4903598971722365,0.4930083144368858,0.6441788740631927,Tier_1_HighConfidence,Liver,proximal,both,True,True,True,True,True,0.0,shared_cis_conserved,0.045070603414295016,0.6022959904407901,67.49715496252772
9778.0,UNCHAR_LOC102550180,LOC102550180,uncharacterized LOC102550180,Chr15: 27.915135,6.927,149.1,Chr15: 27.974218,1.864,Chr15,27.915135,Chr15,27.974218,27.915135,27.974218,0.0590830000000011,True,cis,False,True,True,cis,False,0.8641231593038822,0.495688373476063,0.6759340364729808,Tier_2_Validate,Adipose,promoter,9778.0,UNCHAR_LOC102550180,uncharacterized LOC102550180,Chr15: 27.915135,8.191,69.4,Chr15: 27.974218,1.021,Chr15,27.915135,Chr15,27.974218,27.915135,27.974218,0.0590830000000011,True,cis,False,True,True,cis,False,0.3174807197943445,0.133975812547241,0.3580097863195549,Tier_2_Validate,Liver,promoter,both,True,True,True,True,True,0.0,shared_cis_conserved,0.3045415310787345,0.4382522026856082,67.14236145891923
27997.0,ENSRNOG00000013279,Scd3,stearoyl-coenzyme A desaturase 3,Chr1: 243.093056,4.407,83.4,Chr1: 243.327780,3.432,Chr1,243.093056,Chr1,243.32778,243.093056,243.32778,0.2347239999999999,True,cis,False,False,False,cis,False,0.4243641231593039,0.9619387451680048,0.785206003914558,Tier_1_HighConfidence,Adipose,proximal,27997.0,ENSRNOG00000013279,stearoyl-coenzyme A desaturase 3,Chr1: 243.093056,0.384,20.1,Chr1: 243.327780,0.54,Chr1,243.093056,Chr1,243.32778,243.093056,243.32778,0.2347239999999999,True,cis,False,False,False,cis,False,0.0006426735218509,0.0430839002267573,0.3153043008120129,Tier_2_Validate,Liver,proximal,both,True,True,True,True,True,0.0,shared_cis_conserved,0.4231403356659927,0.4338375774268142,67.10824015658233
22436.0,ENSRNOG00000074135,Nat3,N-acetyltransferase 3,Chr16: 22.175961,3.705,93.3,Chr16: 22.295536,-1.743,Chr16,22.175961,Chr16,22.295536,22.175961,22.295536,0.1195749999999975,True,cis,False,False,False,cis,False,0.4906291834002677,0.4597085935176925,0.632618221921286,Tier_1_HighConfidence,Adipose,proximal,22436.0,ENSRNOG00000074135,N-acetyltransferase 3,Chr16: 22.175961,1.613,70.1,Chr16: 22.295536,-1.795,Chr16,22.175961,Chr16,22.295536,22.175961,22.295536,0.1195749999999975,True,cis,False,False,False,cis,False,0.3219794344473007,0.2802343159486016,0.5107748126385658,Tier_1_HighConfidence,Liver,proximal,both,True,True,True,True,True,0.0,shared_cis_conserved,0.10563910621258177,0.5414997627247774,67.01972887685145
19329.0,UNCHAR_LOC120102367,LOC120102367,endogenous retrovirus group K member 21 Env polyprotein-like,Chr4: 147.708406,3.788,77.4,Chr4: 148.389881,-2.321,Chr4,147.708406,Chr4,148.389881,147.708406,148.389881,0.681475000000006,True,cis,False,False,True,cis,False,0.3842034805890227,0.6315789473684211,0.6555238497851053,Tier_2_Validate,Adipose,proximal,19329.0,UNCHAR_LOC120102367,endogenous retrovirus group K member 21 Env polyprotein-like,Chr4: 147.708406,1.841,64.2,Chr4: 148.389881,-1.429,Chr4,147.708406,Chr4,148.389881,147.708406,148.389881,0.681475000000006,True,cis,False,False,True,cis,False,0.2840616966580977,0.2110733182161753,0.4732972552059955,Tier_2_Validate,Liver,proximal,both,True,True,True,True,True,0.0,shared_cis_conserved,0.16001336274895758,0.5192539372576453,66.36595399140421
47.0,ENSRNOG00000039656,Abca17,"ATP-binding cassette, subfamily A (ABC1), member 17",Chr10: 13.382220,5.552,120.5,Chr10: 13.286123,-1.344,Chr10,13.38222,Chr10,13.286123,13.38222,13.286123,0.0960970000000003,True,cis,False,False,False,cis,False,0.6726907630522088,0.3410645257210823,0.6548143510706518,Tier_1_HighConfidence,Adipose,promoter,47.0,ENSRNOG00000039656,"ATP-binding cassette, subfamily A (ABC1), member 17",Chr10: 13.382220,2.808,36.2,Chr10: 13.286123,-0.928,Chr10,13.38222,Chr10,13.286123,13.38222,13.286123,0.0960970000000003,True,cis,False,False,False,cis,False,0.1041131105398457,0.1164021164021164,0.3771803294296867,Tier_2_Validate,Liver,promoter,both,True,True,True,True,True,0.0,shared_cis_conserved,0.2664447591111046,0.4472549467377057,65.83257404282607
27758.0,UNCHAR_RT1-CE12,RT1-CE12,"RT1 class I, locus CE12",Chr20: 3.342546,10.609,137.2,Chr20: 3.601132,1.136,Chr20,3.342546,Chr20,3.601132,3.342546,3.601132,0.2585860000000002,True,cis,False,False,False,cis,False,0.7844712182061578,0.27921498661909,0.6722901716888368,Tier_1_HighConfidence,Adipose,proximal,27758.0,UNCHAR_RT1-CE12,"RT1 class I, locus CE12",Chr20: 3.342546,6.78,119.9,Chr20: 3.601132,2.6,Chr20,3.342546,Chr20,3.601132,3.342546,3.601132,0.2585860000000002,True,cis,False,False,False,cis,False,0.6420308483290489,0.4323507180650038,0.6760335482379184,Tier_1_HighConfidence,Liver,proximal,both,True,True,True,True,True,0.0,shared_cis_conserved,0.0027558795404702846,0.6732329055249584,65.72134192951674
5844.0,ENSRNOG00000008099,Galnt12,polypeptide N-acetylgalactosaminyltransferase 12,Chr5: 61.384574,2.835,109.8,Chr5: 61.077310,-1.844,Chr5,61.384574,Chr5,61.07731,61.384574,61.07731,0.3072640000000035,True,cis,False,False,False,cis,False,0.6010709504685408,0.4897413024085638,0.6817842885069866,Tier_1_HighConfidence,Adipose,proximal,5844.0,ENSRNOG00000008099,polypeptide N-acetylgalactosaminyltransferase 12,Chr5: 61.384574,1.466,52.5,Chr5: 61.077310,-1.085,Chr5,61.384574,Chr5,61.07731,61.384574,61.07731,0.3072640000000035,True,cis,False,False,False,cis,False,0.2088688946015424,0.1460695389266817,0.4242284517348784,Tier_2_Validate,Liver,proximal,both,True,True,True,True,True,0.0,shared_cis_conserved,0.23078216536873053,0.48919436634132724,65.69637154027946
29908.0,ENSRNOG00000024073,Syce1,synaptonemal complex central element protein 1,Chr1: 195.863173,2.839,78.6,Chr1: 195.020992,-1.748,Chr1,195.863173,Chr1,195.020992,195.863173,195.020992,0.8421809999999823,True,cis,False,False,False,cis,False,0.3922356091030789,0.4611953612845673,0.5987008396356761,Tier_1_HighConfidence,Adipose,proximal,29908.0,ENSRNOG00000024073,synaptonemal complex central element protein 1,Chr1: 195.863173,1.284,70.3,Chr1: 196.097163,-1.713,Chr1,195.863173,Chr1,196.097163,195.863173,196.097163,0.2339900000000057,True,cis,False,False,False,cis,False,0.3232647814910026,0.2647392290249433,0.505801403680581,Tier_1_HighConfidence,Liver,proximal,both,True,True,True,True,True,1.076170999999988,shared_cis_conserved,0.08335509103926807,0.5292346503969529,65.51303358542704
26952.0,UNCHAR_RGD1562844,RGD1562844,uncharacterized RGD1562844,Chr17: 31.386217,0.496,47.6,Chr17: 31.438420,-0.751,Chr17,31.386217,Chr17,31.43842,31.386217,31.43842,0.0522030000000022,True,cis,False,True,False,cis,False,0.1847389558232931,0.1647338685697294,0.3223154885375578,Tier_2_Validate,Adipose,promoter,26952.0,UNCHAR_RGD1562844,uncharacterized RGD1562844,Chr17: 31.386217,2.517,133.7,Chr17: 31.438420,-3.514,Chr17,31.386217,Chr17,31.43842,31.386217,31.43842,0.0522030000000022,True,cis,False,True,False,cis,False,0.730719794344473,0.6050642479213908,0.6675244147930522,Tier_2_Validate,Liver,promoter,both,True,True,True,True,True,0.0,shared_cis_conserved,0.3452642019042789,0.4094808806061921,65.45597659172209
26980.0,UNCHAR_RGD1563402,RGD1563402,Cbp/p300-interacting transactivator with Glu/Asp-rich carboxy-terminal domain 1 like 1,Chr1: 204.760741,1.882,123.9,Chr1: 205.532359,2.19,Chr1,204.760741,Chr1,205.532359,204.760741,205.532359,0.7716180000000179,True,cis,False,False,False,cis,False,0.6954484605087015,0.5926256318763009,0.7508259323347507,Tier_1_HighConfidence,Adipose,proximal,26980.0,UNCHAR_RGD1563402,Cbp/p300-interacting transactivator with Glu/Asp-rich carboxy-terminal domain 1 like 1,Chr1: 204.760741,0.246,26.6,Chr1: 205.532359,0.454,Chr1,204.760741,Chr1,205.532359,204.760741,205.532359,0.7716180000000179,True,cis,False,False,False,cis,False,0.0424164524421593,0.0268329554043839,0.3242372927462902,Tier_2_Validate,Liver,proximal,both,True,True,True,True,True,0.0,shared_cis_conserved,0.3931463436673006,0.43186731850257365,65.30303729339002
33504.0,ENSRNOG00000055608,Zfp94l1,zinc finger protein 94 like 1,Chr1: 79.896552,5.015,115.6,Chr1: 79.715297,-1.422,Chr1,79.896552,Chr1,79.715297,79.896552,79.715297,0.181254999999993,True,cis,False,False,False,cis,False,0.6398929049531459,0.3642581028843294,0.6514528527431163,Tier_1_HighConfidence,Adipose,proximal,33504.0,ENSRNOG00000055608,zinc finger protein 94 like 1,Chr1: 79.896552,2.007,43.9,Chr1: 79.715297,-1.178,Chr1,79.896552,Chr1,79.715297,79.896552,79.715297,0.181254999999993,True,cis,False,False,False,cis,False,0.153598971722365,0.1636432350718064,0.41103477237796,Tier_2_Validate,Liver,proximal,both,True,True,True,True,True,0.0,shared_cis_conserved,0.22416862883430919,0.4716997140413348,64.94811410972466
28053.0,ENSRNOG00000009636,Scrn1,secernin 1,Chr4: 83.694224,8.437,22.6,Chr4: 83.871948,0.402,Chr4,83.694224,Chr4,83.871948,83.694224,83.871948,0.1777239999999977,True,cis,False,False,False,cis,False,0.0174029451137884,0.0609574784418673,0.3274261482444796,Tier_2_Validate,Adipose,proximal,28053.0,ENSRNOG00000009636,secernin 1,Chr4: 83.694224,4.56,125.7,Chr4: 83.871948,3.174,Chr4,83.694224,Chr4,83.871948,83.694224,83.871948,0.1777239999999977,True,cis,False,False,False,cis,False,0.679305912596401,0.5408163265306123,0.7270427836944546,Tier_1_HighConfidence,Liver,proximal,both,True,True,True,True,True,0.0,shared_cis_conserved,0.3754140900308587,0.4282688423320505,64.09171134777819
27762.0,ENSRNOG00000071225,RT1-CE16,"RT1 class I, locus CE16",Chr20: 3.260695,11.679,118.3,Chr20: 3.601132,-1.06,Chr20,3.260695,Chr20,3.601132,3.260695,3.601132,0.3404370000000001,True,cis,False,False,False,cis,False,0.6579651941097724,0.2566161165625929,0.6201034587353278,Tier_1_HighConfidence,Adipose,proximal,27762.0,ENSRNOG00000071225,"RT1 class I, locus CE16",Chr20: 3.260695,10.169,115.0,Chr20: 3.601132,-2.264,Chr20,3.260695,Chr20,3.601132,3.260695,3.601132,0.3404370000000001,True,cis,False,False,False,cis,False,0.6105398457583547,0.3688586545729402,0.6427894751159532,Tier_1_HighConfidence,Liver,proximal,both,True,True,True,True,True,0.0,shared_cis_conserved,0.0178224073504645,0.6258195188488603,64.01157900463812
2410.0,ENSRNOG00000046121,Cd300c,CD300c molecule,Chr10: 100.228253,2.912,106.1,Chr10: 99.846904,1.943,Chr10,100.228253,Chr10,99.846904,100.228253,99.846904,0.3813490000000001,True,cis,False,False,False,cis,False,0.5763052208835341,0.5191793041926851,0.6834195837766767,Tier_1_HighConfidence,Adipose,proximal,2410.0,ENSRNOG00000046121,CD300c molecule,Chr10: 100.228253,0.447,32.5,Chr10: 99.574645,0.679,Chr10,100.228253,Chr10,99.574645,100.228253,99.574645,0.6536079999999913,True,cis,False,False,False,cis,False,0.0803341902313624,0.069349962207105,0.3523894533534636,Tier_2_Validate,Liver,proximal,both,True,True,True,True,True,0.27225899999999115,shared_cis_conserved,0.3165301873194845,0.43593831142756556,63.73178335106707
26934.0,UNCHAR_RGD1562525,RGD1562525,uncharacterized RGD1562525,Chr12: 17.682714,1.951,141.0,Chr12: 19.031953,2.551,Chr12,17.682714,Chr12,19.031953,17.682714,19.031953,1.3492390000000007,True,cis,False,True,False,cis,False,0.8099062918340026,0.6999702646446625,0.7284567947675327,Tier_2_Validate,Adipose,distal_cis,26934.0,UNCHAR_RGD1562525,uncharacterized RGD1562525,Chr12: 17.682714,0.459,59.4,Chr12: 19.031953,0.891,Chr12,17.682714,Chr12,19.031953,17.682714,19.031953,1.3492390000000007,True,cis,False,True,False,cis,False,0.2532133676092545,0.1094104308390022,0.3269183294568898,Tier_2_Validate,Liver,distal_cis,both,True,True,True,True,True,0.0,shared_cis_conserved,0.37689866806582045,0.4282451924547151,63.59327179070131
10660.0,UNCHAR_LOC102554288,LOC102554288,uncharacterized LOC102554288,Chr3: 145.466044,4.346,69.3,Chr3: 145.050063,-2.032,Chr3,145.466044,Chr3,145.050063,145.466044,145.050063,0.4159810000000163,True,cis,False,True,True,cis,False,0.3299866131191432,0.5456437704430568,0.50647063424677,Tier_2_Validate,Adipose,proximal,10660.0,UNCHAR_LOC102554288,uncharacterized LOC102554288,Chr3: 145.466044,4.284,86.2,Chr3: 145.050063,-2.409,Chr3,145.466044,Chr3,145.050063,145.466044,145.050063,0.4159810000000163,True,cis,False,True,True,cis,False,0.4254498714652956,0.3962585034013605,0.4875979312033296,Tier_2_Validate,Liver,proximal,both,True,True,True,True,True,0.0,shared_cis_conserved,0.01879622935409812,0.49236309753757496,63.4188253698708
22597.0,ENSRNOG00000008716,Nefh,neurofilament heavy chain,Chr14: 79.840346,4.808,74.1,Chr14: 79.465350,1.576,Chr14,79.840346,Chr14,79.46535,79.840346,79.46535,0.3749959999999959,True,cis,False,False,False,cis,False,0.3621151271753681,0.4100505501040737,0.5702579870478046,Tier_1_HighConfidence,Adipose,proximal,22597.0,ENSRNOG00000008716,neurofilament heavy chain,Chr14: 79.840346,3.656,61.2,Chr14: 79.465350,1.485,Chr14,79.840346,Chr14,79.46535,79.840346,79.46535,0.3749959999999959,True,cis,False,False,False,cis,False,0.2647814910025707,0.2216553287981859,0.4702528869302648,Tier_1_HighConfidence,Liver,proximal,both,True,True,True,True,True,0.0,shared_cis_conserved,0.09519663488950002,0.4954921535468735,63.235319481912185
3813.0,ENSRNOG00000042496,Cyp4f37,"cytochrome P450, family 4, subfamily f, polypeptide 37",Chr7: 11.572572,7.9,30.9,Chr7: 11.404448,-0.425,Chr7,11.572572,Chr7,11.404448,11.572572,11.404448,0.1681239999999988,True,cis,False,False,False,cis,False,0.072958500669344,0.0677966101694915,0.3492642887935924,Tier_2_Validate,Adipose,proximal,3813.0,ENSRNOG00000042496,"cytochrome P450, family 4, subfamily f, polypeptide 37",Chr7: 11.572572,2.384,113.6,Chr7: 11.496541,-2.347,Chr7,11.572572,Chr7,11.496541,11.572572,11.496541,0.0760309999999986,True,cis,False,False,False,cis,False,0.6015424164524421,0.3845427059712774,0.6451297928483017,Tier_1_HighConfidence,Liver,promoter,both,True,True,True,True,True,0.0920930000000002,shared_cis_conserved,0.2945711344406318,0.4239670926433713,62.93019171393207
28206.0,ENSRNOG00000022932,Serhl2,serine hydrolase-like 2,Chr7: 114.246034,7.77,124.0,Chr7: 114.323395,0.871,Chr7,114.246034,Chr7,114.323395,114.246034,114.323395,0.0773610000000104,True,cis,False,False,False,cis,False,0.6961178045515395,0.2004162949747249,0.6137869348341924,Tier_1_HighConfidence,Adipose,promoter,28206.0,ENSRNOG00000022932,serine hydrolase-like 2,Chr7: 114.246034,7.567,46.3,Chr7: 114.967349,0.675,Chr7,114.246034,Chr7,114.967349,114.246034,114.967349,0.7213150000000041,True,cis,False,False,False,cis,False,0.1690231362467866,0.06859410430839,0.3831660341943118,Tier_2_Validate,Liver,proximal,both,True,True,True,True,True,0.6439539999999937,shared_cis_conserved,0.22902847276212004,0.4413938305361872,62.9264773933677
10920.0,UNCHAR_LOC102555557,LOC102555557,MLV-related proviral Env polyprotein-like,Chr12: 26.822693,2.77,66.6,Chr12: 27.015140,-1.649,Chr12,26.822693,Chr12,27.01514,26.822693,27.01514,0.1924469999999978,True,cis,False,False,True,cis,False,0.3119143239625166,0.431757359500446,0.5602850892120369,Tier_2_Validate,Adipose,proximal,10920.0,UNCHAR_LOC102555557,MLV-related proviral Env polyprotein-like,Chr12: 26.822693,1.618,47.7,Chr12: 27.015140,-1.329,Chr12,26.822693,Chr12,27.01514,26.822693,27.01514,0.1924469999999978,True,cis,False,False,True,cis,False,0.1780205655526992,0.1921768707482993,0.4295691027053495,Tier_2_Validate,Liver,proximal,both,True,True,True,True,True,0.0,shared_cis_conserved,0.13073504873347364,0.46257493695385504,62.05640356848147
13106.0,UNCHAR_LOC120093125,LOC120093125,uncharacterized LOC120093125,Chr20: 2.624072,7.184,37.6,Chr20: 2.687516,0.53,Chr20,2.624072,Chr20,2.687516,2.624072,2.687516,0.063444,True,cis,False,True,True,cis,False,0.1178045515394913,0.0990187332738626,0.2758881496846739,Tier_2_Validate,Adipose,promoter,13106.0,UNCHAR_LOC120093125,uncharacterized LOC120093125,Chr20: 2.624072,6.972,123.2,Chr20: 3.210100,2.892,Chr20,2.624072,Chr20,3.2101,2.624072,3.2101,0.5860280000000002,True,cis,False,True,True,cis,False,0.6632390745501285,0.4875283446712018,0.6027685967274656,Tier_2_Validate,Liver,proximal,both,True,True,True,True,True,0.5225840000000002,shared_cis_conserved,0.367836567226365,0.35852785286343775,61.760743869098626
394.0,ENSRNOG00000032959,Adh7,"alcohol dehydrogenase 7 (class IV), mu or sigma polypeptide",Chr2: 226.748723,1.703,87.0,Chr2: 226.803112,1.495,Chr2,226.748723,Chr2,226.803112,226.748723,226.803112,0.0543889999999862,True,cis,False,False,False,cis,False,0.4484605087014725,0.3859649122807018,0.592048897343761,Tier_1_HighConfidence,Adipose,promoter,394.0,ENSRNOG00000032959,"alcohol dehydrogenase 7 (class IV), mu or sigma polypeptide",Chr2: 226.748723,10.082,28.8,Chr2: 226.735033,0.611,Chr2,226.748723,Chr2,226.735033,226.748723,226.735033,0.0136900000000252,True,cis,False,False,False,cis,False,0.0565552699228791,0.0565003779289493,0.33956947674814,Tier_2_Validate,Liver,promoter,both,True,True,True,True,True,0.06807900000001155,shared_cis_conserved,0.2681334896837721,0.40335966562125464,61.73695589375044
22266.0,ENSRNOG00000042912,Mycbpap,Mycbp associated protein,Chr10: 79.470976,6.898,104.9,Chr10: 79.677697,1.112,Chr10,79.470976,Chr10,79.677697,79.470976,79.677697,0.2067210000000017,True,cis,False,False,False,cis,False,0.568273092369478,0.272078501338091,0.5941230577976491,Tier_1_HighConfidence,Adipose,proximal,22266.0,ENSRNOG00000042912,Mycbp associated protein,Chr10: 79.470976,1.714,39.9,Chr10: 79.677697,0.962,Chr10,79.470976,Chr10,79.677697,79.470976,79.677697,0.2067210000000017,True,cis,False,False,False,cis,False,0.127892030848329,0.1228269085411942,0.3877516287863332,Tier_2_Validate,Liver,proximal,both,True,True,True,True,True,0.0,shared_cis_conserved,0.20806199795466035,0.4398646410340488,61.574922311905965
26762.0,UNCHAR_RGD1559482,RGD1559482,uncharacterized RGD1559482,Chr10: 100.174954,6.746,89.5,Chr10: 99.846935,-1.607,Chr10,100.174954,Chr10,99.846935,100.174954,99.846935,0.3280189999999976,True,cis,False,True,False,cis,False,0.465194109772423,0.4192685102586975,0.5095619170108922,Tier_2_Validate,Adipose,proximal,26762.0,UNCHAR_RGD1559482,uncharacterized RGD1559482,Chr10: 100.174954,3.46,75.4,Chr10: 99.846935,-1.638,Chr10,100.174954,Chr10,99.846935,100.174954,99.846935,0.3280189999999976,True,cis,False,True,False,cis,False,0.3560411311053985,0.2505668934240362,0.4123128085853021,Tier_2_Validate,Liver,proximal,both,True,True,True,True,True,0.0,shared_cis_conserved,0.10435856425161875,0.4368859821023287,61.41747668043568
11329.0,UNCHAR_LOC103691422,LOC103691422,uncharacterized LOC103691422,Chr2: 24.481553,0.933,34.1,Chr2: 24.478320,0.727,Chr2,24.481553,Chr2,24.47832,24.481553,24.47832,0.0032330000000015,True,cis,False,True,True,cis,False,0.0943775100401606,0.1575973832887303,0.2881912126651118,Tier_2_Validate,Adipose,promoter,11329.0,UNCHAR_LOC103691422,uncharacterized LOC103691422,Chr2: 24.481553,4.467,111.6,Chr2: 24.478320,2.623,Chr2,24.481553,Chr2,24.47832,24.481553,24.47832,0.0032330000000015,True,cis,False,True,True,cis,False,0.5886889460154241,0.4366969009826154,0.5588850464493138,Tier_2_Validate,Liver,promoter,both,True,True,True,True,True,0.0,shared_cis_conserved,0.3158340123245235,0.3566542561419736,60.99040185797255
9163.0,UNCHAR_LOC102547398,LOC102547398,uncharacterized LOC102547398,Chr11: 80.468552,1.382,106.8,Chr11: 80.485948,1.424,Chr11,80.468552,Chr11,80.485948,80.468552,80.485948,0.0173959999999908,True,cis,False,True,True,cis,False,0.5809906291834003,0.3648528099910793,0.5310452037110678,Tier_2_Validate,Adipose,promoter,9163.0,UNCHAR_LOC102547398,uncharacterized LOC102547398,Chr11: 80.468552,0.794,49.9,Chr11: 80.485948,0.83,Chr11,80.468552,Chr11,80.485948,80.468552,80.485948,0.0173959999999908,True,cis,False,True,True,cis,False,0.192159383033419,0.0978835978835978,0.3015150433209559,Tier_2_Validate,Liver,promoter,both,True,True,True,True,True,0.0,shared_cis_conserved,0.27241987881418284,0.3595786331155193,60.39180814844271
12104.0,UNCHAR_LOC108349628,LOC108349628,uncharacterized LOC108349628,Chr1: 175.141463,4.472,92.0,Chr1: 174.788504,1.498,Chr1,175.141463,Chr1,174.788504,175.141463,174.788504,0.3529589999999984,True,cis,False,True,True,cis,False,0.4819277108433735,0.3868569729408266,0.5040746393244699,Tier_2_Validate,Adipose,proximal,12104.0,UNCHAR_LOC108349628,uncharacterized LOC108349628,Chr1: 175.141463,1.163,46.4,Chr1: 175.800813,1.436,Chr1,175.141463,Chr1,175.800813,175.141463,175.800813,0.6593500000000176,True,cis,False,True,True,cis,False,0.1696658097686375,0.2123960695389266,0.3337216577576474,Tier_2_Validate,Liver,proximal,both,True,True,True,True,True,1.0123090000000161,shared_cis_conserved,0.20093621799615174,0.3768122436943434,60.3429855729788
17103.0,UNCHAR_LOC120098829,LOC120098829,uncharacterized LOC120098829,Chr20: 3.318106,6.636,88.7,Chr20: 3.601132,1.456,Chr20,3.318106,Chr20,3.601132,3.318106,3.601132,0.283026,True,cis,False,True,True,cis,False,0.4598393574297189,0.3743681236990782,0.4919726183950789,Tier_2_Validate,Adipose,proximal,17103.0,UNCHAR_LOC120098829,uncharacterized LOC120098829,Chr20: 3.318106,4.457,52.4,Chr20: 4.679209,1.554,Chr20,3.318106,Chr20,4.679209,3.318106,4.679209,1.361103,True,cis,False,True,True,cis,False,0.2082262210796915,0.2346938775510204,0.3550220345207492,Tier_2_Validate,Liver,distal_cis,both,True,True,True,True,True,1.078077,shared_cis_conserved,0.15980331196743258,0.3896591887692502,59.95890473580316
4128.0,ENSRNOG00000082925,Dhfr,dihydrofolate reductase,Chr2: 23.585875,5.485,44.3,Chr2: 24.478320,0.496,Chr2,23.585875,Chr2,24.47832,23.585875,24.47832,0.8924449999999986,True,cis,False,False,False,cis,False,0.1626506024096385,0.0889087124591138,0.3880457602040633,Tier_2_Validate,Adipose,proximal,4128.0,ENSRNOG00000082925,dihydrofolate reductase,Chr2: 23.585875,8.515,121.0,Chr2: 23.477875,1.478,Chr2,23.585875,Chr2,23.477875,23.585875,23.477875,0.1080000000000005,True,cis,False,False,False,cis,False,0.6491002570694088,0.2203325774754346,0.6043014920906951,Tier_1_HighConfidence,Liver,proximal,both,True,True,True,True,True,1.0004449999999991,shared_cis_conserved,0.21574931381468773,0.4426490664602579,59.6520596836278
27763.0,UNCHAR_RT1-CE2,RT1-CE2,"RT1 class I, locus CE2",Chr20: 3.541840,8.967,28.0,Chr20: 3.601132,0.455,Chr20,3.54184,Chr20,3.601132,3.54184,3.601132,0.0592920000000001,True,cis,False,False,False,cis,False,0.0535475234270415,0.0767172167707404,0.3455926590692236,Tier_2_Validate,Adipose,promoter,27763.0,UNCHAR_RT1-CE2,"RT1 class I, locus CE2",Chr20: 3.541840,5.646,73.7,Chr20: 4.602213,2.235,Chr20,3.54184,Chr20,4.602213,3.54184,4.602213,1.0603729999999998,True,cis,False,False,False,cis,False,0.3451156812339332,0.3633786848072562,0.5479730281144163,Tier_1_HighConfidence,Liver,distal_cis,both,True,True,True,True,True,1.0010809999999997,shared_cis_conserved,0.22397969723263858,0.39674770057360337,59.193921124576654
26657.0,ENSRNOG00000014090,Retsat,retinol saturase,Chr4: 104.653305,15.233,46.6,Chr4: 104.785882,-0.48,Chr4,104.653305,Chr4,104.785882,104.653305,104.785882,0.1325769999999977,True,cis,False,False,False,cis,False,0.1780455153949129,0.0841510556051144,0.3917687998500095,Tier_2_Validate,Adipose,proximal,26657.0,ENSRNOG00000014090,retinol saturase,Chr4: 104.653305,13.674,109.7,Chr4: 104.785882,-1.267,Chr4,104.653305,Chr4,104.785882,104.653305,104.785882,0.1325769999999977,True,cis,False,False,False,cis,False,0.5764781491002571,0.1804610733182161,0.5649287278464655,Tier_1_HighConfidence,Liver,proximal,both,True,True,True,True,True,0.0,shared_cis_conserved,0.17912524138659533,0.43550659495259003,57.99714911385862
4410.0,ENSRNOG00000025404,Dppa4,developmental pluripotency associated 4,Chr11: 52.578778,2.165,56.3,Chr11: 52.576144,-1.098,Chr11,52.578778,Chr11,52.576144,52.578778,52.576144,0.0026340000000004,True,cis,False,False,False,cis,False,0.2429718875502007,0.2679155515908415,0.4788106036993648,Tier_1_HighConfidence,Adipose,promoter,4410.0,ENSRNOG00000025404,developmental pluripotency associated 4,Chr11: 52.578778,1.717,24.8,Chr11: 52.576144,-0.761,Chr11,52.578778,Chr11,52.576144,52.578778,52.576144,0.0026340000000004,True,cis,False,False,False,cis,False,0.0308483290488431,0.0848450491307634,0.3404926823628623,Tier_2_Validate,Liver,promoter,both,True,True,True,True,True,0.0,shared_cis_conserved,0.1667881023277698,0.3754891329528074,57.95742414797459
18943.0,UNCHAR_LOC120101770,LOC120101770,protein NDRG3-like,Chr3: 145.584912,3.071,42.3,Chr3: 145.190228,1.268,Chr3,145.584912,Chr3,145.190228,145.584912,145.190228,0.3946840000000122,True,cis,False,False,True,cis,False,0.1492637215528781,0.3184656556645852,0.4637052820261121,Tier_2_Validate,Adipose,proximal,18943.0,UNCHAR_LOC120101770,protein NDRG3-like,Chr3: 145.584912,0.832,47.7,Chr3: 145.190228,1.497,Chr3,145.584912,Chr3,145.190228,145.584912,145.190228,0.3946840000000122,True,cis,False,False,True,cis,False,0.1780205655526992,0.223922902494331,0.4406802138164606,Tier_2_Validate,Liver,proximal,both,True,True,True,True,True,0.0,shared_cis_conserved,0.02518092020743914,0.4464994331693921,57.88821128104449
27795.0,ENSRNOG00000032596,RT1-T24-3,"RT1 class I, locus T24, gene 3",Chr20: 2.718209,8.773,83.3,Chr20: 2.611182,1.003,Chr20,2.718209,Chr20,2.611182,2.718209,2.611182,0.1070269999999999,True,cis,False,False,False,cis,False,0.4236947791164658,0.23966696402022,0.53217661009784,Tier_1_HighConfidence,Adipose,proximal,27795.0,ENSRNOG00000032596,"RT1 class I, locus T24, gene 3",Chr20: 2.718209,5.906,24.8,Chr20: 2.611182,0.681,Chr20,2.718209,Chr20,2.611182,2.718209,2.611182,0.1070269999999999,True,cis,False,False,False,cis,False,0.0308483290488431,0.0697278911564625,0.335201677071857,Tier_2_Validate,Liver,proximal,both,True,True,True,True,True,0.0,shared_cis_conserved,0.2245039977697617,0.38500667032277713,57.692064403913605
27800.0,ENSRNOG00000027513,Rtel1,regulator of telomere elongation helicase 1,Chr3: 168.427246,9.252,92.5,Chr3: 168.114441,-0.684,Chr3,168.427246,Chr3,168.114441,168.427246,168.114441,0.3128049999999973,True,cis,False,False,False,cis,False,0.4852744310575635,0.1448111804936069,0.5205299640429096,Tier_1_HighConfidence,Adipose,proximal,27800.0,ENSRNOG00000027513,regulator of telomere elongation helicase 1,Chr3: 168.427246,8.611,41.9,Chr3: 168.114441,-0.757,Chr3,168.427246,Chr3,168.114441,168.427246,168.114441,0.3128049999999973,True,cis,False,False,False,cis,False,0.140745501285347,0.0840891912320483,0.3786921423810884,Tier_2_Validate,Liver,proximal,both,True,True,True,True,True,0.0,shared_cis_conserved,0.1559990904969021,0.41454159552278597,57.24119856171639
18242.0,ENSRNOG00000064284,LOC120100687,uncharacterized LOC120100687,Chr2: 31.489973,5.569,110.4,Chr2: 31.925135,-0.937,Chr2,31.489973,Chr2,31.925135,31.489973,31.925135,0.4351620000000018,True,cis,False,True,True,cis,False,0.6050870147255689,0.2200416294974725,0.4887950254780644,Tier_2_Validate,Adipose,proximal,18242.0,ENSRNOG00000064284,uncharacterized LOC120100687,Chr2: 31.489973,3.554,40.8,Chr2: 31.925135,-1.108,Chr2,31.489973,Chr2,31.925135,31.489973,31.925135,0.4351620000000018,True,cis,False,True,True,cis,False,0.1336760925449871,0.1504157218442932,0.2994321350362481,Tier_2_Validate,Liver,proximal,both,True,True,True,True,True,0.0,shared_cis_conserved,0.2372293249453029,0.3473659309590655,57.23680101912258
6668.0,UNCHAR_Hbb-b1,Hbb-b1,"hemoglobin, beta adult major chain",Chr1: 158.231674,10.524,49.3,Chr1: 158.468568,1.123,Chr1,158.231674,Chr1,158.468568,158.231674,158.468568,0.2368940000000066,True,cis,False,False,False,cis,False,0.1961178045515394,0.2753493904252155,0.4650135182418642,Tier_2_Validate,Adipose,proximal,6668.0,UNCHAR_Hbb-b1,"hemoglobin, beta adult major chain",Chr1: 158.231674,8.034,64.2,Chr1: 158.468568,1.22,Chr1,158.231674,Chr1,158.468568,158.231674,158.468568,0.2368940000000066,True,cis,False,False,False,cis,False,0.2840616966580977,0.1715797430083144,0.4594745038832442,Tier_2_Validate,Liver,proximal,both,True,True,True,True,True,0.0,shared_cis_conserved,0.005927325152893691,0.46087407578578143,57.21554072967457
27759.0,UNCHAR_RT1-CE13,RT1-CE13,"RT1 class I, locus CE13",Chr20: 3.318049,8.804,39.0,Chr20: 3.601132,0.55,Chr20,3.318049,Chr20,3.601132,3.318049,3.601132,0.2830830000000004,True,cis,False,False,False,cis,False,0.1271753681392235,0.1049658043413618,0.3812494103682049,Tier_2_Validate,Adipose,proximal,27759.0,UNCHAR_RT1-CE13,"RT1 class I, locus CE13",Chr20: 3.318049,4.42,67.6,Chr20: 4.680142,2.232,Chr20,3.318049,Chr20,4.680142,3.318049,4.680142,1.3620930000000002,True,cis,False,False,False,cis,False,0.3059125964010282,0.36281179138322,0.5340535357244869,Tier_1_HighConfidence,Liver,distal_cis,both,True,True,True,True,True,1.0790099999999998,shared_cis_conserved,0.16513956429246565,0.4198632906180066,57.11214142897948
17104.0,UNCHAR_LOC120098830,LOC120098830,uncharacterized LOC120098830,Chr20: 3.371221,5.015,86.2,Chr20: 3.601132,1.158,Chr20,3.371221,Chr20,3.601132,3.371221,3.601132,0.2299110000000004,True,cis,False,True,True,cis,False,0.4431057563587684,0.2857567647933392,0.4551018824032377,Tier_2_Validate,Adipose,proximal,17104.0,UNCHAR_LOC120098830,uncharacterized LOC120098830,Chr20: 3.371221,2.023,73.0,Chr20: 3.601132,1.493,Chr20,3.371221,Chr20,3.601132,3.371221,3.601132,0.2299110000000004,True,cis,False,True,True,cis,False,0.3406169665809769,0.223167044595616,0.3973244039118074,Tier_2_Validate,Liver,proximal,both,True,True,True,True,True,0.0,shared_cis_conserved,0.06699410652045468,0.4119362588009661,56.9940752961295
26979.0,UNCHAR_RGD1563400,RGD1563400,uncharacterized RGD1563400,Chr12: 18.580285,4.983,60.6,Chr12: 19.031953,-1.061,Chr12,18.580285,Chr12,19.031953,18.580285,19.031953,0.4516680000000015,True,cis,False,True,False,cis,False,0.2717536813922356,0.2569134701159678,0.3850335030278712,Tier_2_Validate,Adipose,proximal,26979.0,UNCHAR_RGD1563400,uncharacterized RGD1563400,Chr12: 18.580285,4.56,89.3,Chr12: 19.031953,-1.986,Chr12,18.580285,Chr12,19.031953,18.580285,19.031953,0.4516680000000015,True,cis,False,True,False,cis,False,0.4453727506426735,0.3163265306122449,0.4665947484392214,Tier_2_Validate,Liver,proximal,both,True,True,True,True,True,0.0,shared_cis_conserved,0.09465943726018271,0.40566046297385916,56.96878993756885
26134.0,ENSRNOG00000015072,Ptgr1,prostaglandin reductase 1,Chr5: 73.802623,7.755,57.2,Chr5: 73.809984,-0.938,Chr5,73.802623,Chr5,73.809984,73.802623,73.809984,0.007361000000003,True,cis,False,False,False,cis,False,0.248995983935743,0.2203389830508474,0.4642672384453066,Tier_2_Validate,Adipose,promoter,26134.0,ENSRNOG00000015072,prostaglandin reductase 1,Chr5: 73.802623,10.389,42.9,Chr5: 73.810363,-0.652,Chr5,73.802623,Chr5,73.810363,73.802623,73.810363,0.0077399999999983,True,cis,False,False,False,cis,False,0.147172236503856,0.0642479213907785,0.3739970552631221,Tier_2_Validate,Liver,promoter,both,True,True,True,True,True,0.00037899999999524425,shared_cis_conserved,0.10641752087376294,0.3968306448608526,56.83068953781226
11177.0,ENSRNOG00000016217,LOC103690178,nucleolar GTP-binding protein 1-like,Chr17: 61.404560,6.813,76.1,Chr17: 61.901363,0.74,Chr17,61.40456,Chr17,61.901363,61.40456,61.901363,0.496803000000007,True,cis,False,False,True,cis,False,0.3755020080321284,0.1614629794826048,0.4879377456301565,Tier_2_Validate,Adipose,proximal,11177.0,ENSRNOG00000016217,nucleolar GTP-binding protein 1-like,Chr17: 61.404560,6.312,64.7,Chr17: 61.901363,1.461,Chr17,61.40456,Chr17,61.901363,61.40456,61.901363,0.496803000000007,True,cis,False,False,True,cis,False,0.2872750642673522,0.2171201814058957,0.4765383359856368,Tier_2_Validate,Liver,proximal,both,True,True,True,True,True,0.0,shared_cis_conserved,0.011697988139040017,0.47941743336711434,56.217509825206264
195.0,ENSRNOG00000032508,Acot5,acyl-CoA thioesterase 5,Chr6: 103.701907,1.045,59.6,Chr6: 103.587155,0.985,Chr6,103.701907,Chr6,103.587155,103.701907,103.587155,0.1147520000000099,True,cis,False,False,False,cis,False,0.2650602409638554,0.2343146000594707,0.4747811943581641,Tier_2_Validate,Adipose,proximal,195.0,ENSRNOG00000032508,acyl-CoA thioesterase 5,Chr6: 103.701907,7.096,35.6,Chr6: 103.587155,0.836,Chr6,103.701907,Chr6,103.587155,103.701907,103.587155,0.1147520000000099,True,cis,False,False,False,cis,False,0.1002570694087403,0.0990173847316704,0.3697460589491438,Tier_2_Validate,Liver,proximal,both,True,True,True,True,True,0.0,shared_cis_conserved,0.12291607435865738,0.3963121329872955,56.17124777432657
2714.0,ENSRNOG00000091108,Ces1f,carboxylesterase 1F,Chr19: 13.796622,9.1,71.2,Chr19: 14.059434,0.935,Chr19,13.796622,Chr19,14.059434,13.796622,14.059434,0.2628120000000002,True,cis,False,False,False,cis,False,0.3427041499330656,0.2194469223907225,0.4967528753133258,Tier_1_HighConfidence,Adipose,proximal,2714.0,ENSRNOG00000091108,carboxylesterase 1F,Chr19: 13.796622,12.681,27.9,Chr19: 14.059434,0.629,Chr19,13.796622,Chr19,14.059434,13.796622,14.059434,0.2628120000000002,True,cis,False,False,False,cis,False,0.050771208226221,0.059901738473167,0.3387355313447858,Tier_2_Validate,Liver,proximal,both,True,True,True,True,True,0.0,shared_cis_conserved,0.18689474950120416,0.37870710421067383,56.01511501253304
30473.0,ENSRNOG00000038894,Timd4,T-cell immunoglobulin and mucin domain containing 4,Chr10: 31.185750,6.913,20.2,Chr10: 30.925464,-0.523,Chr10,31.18575,Chr10,30.925464,31.18575,30.925464,0.2602859999999971,True,cis,False,False,False,cis,False,0.001338688085676,0.0969372584002378,0.3343965812700699,Tier_2_Validate,Adipose,proximal,30473.0,ENSRNOG00000038894,T-cell immunoglobulin and mucin domain containing 4,Chr10: 31.185750,3.52,53.7,Chr10: 31.088556,-1.547,Chr10,31.18575,Chr10,31.088556,31.18575,31.088556,0.0971939999999982,True,cis,False,False,False,cis,False,0.2165809768637532,0.233371126228269,0.4574832360822077,Tier_2_Validate,Liver,promoter,both,True,True,True,True,True,0.1630919999999989,shared_cis_conserved,0.15349763411998188,0.3655519890584043,55.91432944328831
8502.0,UNCHAR_LOC100360200,LOC100360200,uncharacterized LOC100360200,Chr12: 10.211743,3.988,62.2,Chr12: 9.403643,1.263,Chr12,10.211743,Chr12,9.403643,10.211743,9.403643,0.8080999999999996,True,cis,False,True,True,cis,False,0.2824631860776439,0.3169788878977103,0.4098047258913739,Tier_2_Validate,Adipose,proximal,8502.0,UNCHAR_LOC100360200,uncharacterized LOC100360200,Chr12: 10.211743,3.561,46.5,Chr12: 9.403643,1.268,Chr12,10.211743,Chr12,9.403643,10.211743,9.403643,0.8080999999999996,True,cis,False,True,True,cis,False,0.1703084832904884,0.1806500377928949,0.3228354823791841,Tier_2_Validate,Liver,proximal,both,True,True,True,True,True,0.0,shared_cis_conserved,0.11710818044005673,0.3448705637083317,55.70718903565495
14915.0,UNCHAR_LOC120095687,LOC120095687,uncharacterized LOC120095687,Chr11: 76.630584,4.142,66.6,Chr11: 77.035984,-1.15,Chr11,76.630584,Chr11,77.035984,76.630584,77.035984,0.4054000000000002,True,cis,False,True,True,cis,False,0.3119143239625166,0.2833779363663395,0.4083522911150996,Tier_2_Validate,Adipose,proximal,14915.0,UNCHAR_LOC120095687,uncharacterized LOC120095687,Chr11: 76.630584,4.94,63.8,Chr11: 77.035984,-2.196,Chr11,76.630584,Chr11,77.035984,76.630584,77.035984,0.4054000000000002,True,cis,False,True,True,cis,False,0.2814910025706941,0.3560090702947846,0.4231250255029175,Tier_2_Validate,Liver,proximal,both,True,True,True,True,True,0.0,shared_cis_conserved,0.01755571314410592,0.4120893639949143,55.675001020116696
7854.0,ENSRNOG00000060356,Kif15,kinesin family member 15,Chr8: 122.601887,5.689,72.5,Chr8: 123.157499,-0.713,Chr8,122.601887,Chr8,123.157499,122.601887,123.157499,0.5556119999999964,True,cis,False,False,False,cis,False,0.3514056224899598,0.1534344335414808,0.4766940196110042,Tier_2_Validate,Adipose,proximal,7854.0,ENSRNOG00000060356,kinesin family member 15,Chr8: 122.601887,2.894,56.5,Chr8: 123.157499,-1.237,Chr8,122.601887,Chr8,123.157499,122.601887,123.157499,0.5556119999999964,True,cis,False,False,False,cis,False,0.2345758354755784,0.1747921390778533,0.4432787910937011,Tier_2_Validate,Liver,proximal,both,True,True,True,True,True,0.0,shared_cis_conserved,0.03593140372779507,0.45172242673234636,55.632760784440165
32690.0,ENSRNOG00000078605,Vom2r44,vomeronasal 2 receptor 44,Chr2: 148.497149,6.77,78.0,Chr2: 149.828204,0.613,Chr2,148.497149,Chr2,149.828204,148.497149,149.828204,1.331054999999992,True,cis,False,False,False,cis,False,0.3882195448460508,0.1236990782039845,0.4791715180675123,Tier_1_HighConfidence,Adipose,distal_cis,32690.0,ENSRNOG00000078605,vomeronasal 2 receptor 44,Chr2: 148.497149,3.285,46.7,Chr2: 147.792901,1.243,Chr2,148.497149,Chr2,147.792901,148.497149,147.792901,0.7042480000000069,True,cis,False,False,False,cis,False,0.1715938303341902,0.1759259259259259,0.4216319146910406,Tier_2_Validate,Liver,proximal,both,True,True,True,True,True,2.035302999999999,shared_cis_conserved,0.06317455699766229,0.4361747519276527,55.23186072270049
27750.0,ENSRNOG00000069209,RT1-A1,"RT1 class Ia, locus A1",Chr20: 4.905308,9.167,23.4,Chr20: 6.357718,-0.696,Chr20,4.905308,Chr20,6.357718,4.905308,6.357718,1.4524100000000004,True,cis,False,False,False,cis,False,0.0227576974564926,0.1483794231341064,0.3598979922067097,Tier_2_Validate,Adipose,distal_cis,27750.0,ENSRNOG00000069209,"RT1 class Ia, locus A1",Chr20: 4.905308,6.392,48.1,Chr20: 5.521968,-1.886,Chr20,4.905308,Chr20,5.521968,4.905308,5.521968,0.6166600000000004,True,cis,False,False,False,cis,False,0.1805912596401028,0.2974300831443688,0.467307469974565,Tier_1_HighConfidence,Liver,proximal,both,True,True,True,True,True,0.83575,shared_cis_conserved,0.12829524247011975,0.3870710997548488,55.1722987989826
27765.0,ENSRNOG00000071228,RT1-CE4,"RT1 class I, locus CE4",Chr20: 3.504534,10.611,27.8,Chr20: 3.601132,0.392,Chr20,3.504534,Chr20,3.601132,3.504534,3.601132,0.0965980000000001,True,cis,False,False,False,cis,False,0.0522088353413654,0.0579839429081177,0.3385674723873191,Tier_2_Validate,Adipose,promoter,27765.0,ENSRNOG00000071228,"RT1 class I, locus CE4",Chr20: 3.504534,8.054,63.1,Chr20: 5.002150,1.144,Chr20,3.504534,Chr20,5.00215,3.504534,5.00215,1.4976160000000005,True,cis,False,False,False,cis,False,0.2769922879177378,0.1572184429327286,0.4519737557976632,Tier_2_Validate,Liver,distal_cis,both,True,True,True,True,True,1.401018,shared_cis_conserved,0.14166201491891073,0.3672731982772024,55.03895023190653
1187.0,ENSRNOG00000020202,Asrgl1,asparaginase and isoaspartyl peptidase 1,Chr1: 206.027114,9.409,67.7,Chr1: 205.159275,-0.684,Chr1,206.027114,Chr1,205.159275,206.027114,205.159275,0.8678390000000036,True,cis,False,False,False,cis,False,0.3192771084337349,0.1448111804936069,0.4624309011245696,Tier_2_Validate,Adipose,proximal,1187.0,ENSRNOG00000020202,asparaginase and isoaspartyl peptidase 1,Chr1: 206.027114,9.203,60.2,Chr1: 205.159275,-0.773,Chr1,206.027114,Chr1,205.159275,206.027114,205.159275,0.8678390000000036,True,cis,False,False,False,cis,False,0.2583547557840617,0.0871126228269085,0.4209135825138396,Tier_2_Validate,Liver,proximal,both,True,True,True,True,True,0.0,shared_cis_conserved,0.04647403031094841,0.43140909724229953,54.917236044982786
27816.0,ENSRNOG00000000279,Rtn4ip1,reticulon 4 interacting protein 1,Chr20: 47.382250,7.377,62.5,Chr20: 47.342075,0.516,Chr20,47.38225,Chr20,47.342075,47.38225,47.342075,0.0401749999999978,True,cis,False,False,False,cis,False,0.2844712182061579,0.0948557835266131,0.4327644506064698,Tier_2_Validate,Adipose,promoter,27816.0,ENSRNOG00000000279,reticulon 4 interacting protein 1,Chr20: 47.382250,7.92,43.6,Chr20: 47.342075,0.657,Chr20,47.38225,Chr20,47.342075,47.38225,47.342075,0.0401749999999978,True,cis,False,False,False,cis,False,0.1516709511568123,0.0651927437641723,0.3759022932223447,Tier_2_Validate,Liver,promoter,both,True,True,True,True,True,0.0,shared_cis_conserved,0.06945702608876846,0.3902914751335979,54.89057802425879
20206.0,UNCHAR_LOC259244,LOC259244,uncharacterized LOC259244,Chr5: 74.912889,2.347,43.3,Chr5: 74.310359,1.319,Chr5,74.912889,Chr5,74.310359,74.912889,74.310359,0.6025300000000016,True,cis,False,True,True,cis,False,0.1559571619812583,0.3336306868867082,0.3713557471037882,Tier_2_Validate,Adipose,proximal,20206.0,UNCHAR_LOC259244,uncharacterized LOC259244,Chr5: 74.912889,6.81,62.1,Chr5: 74.310359,1.625,Chr5,74.912889,Chr5,74.310359,74.912889,74.310359,0.6025300000000016,True,cis,False,True,True,cis,False,0.2705655526992288,0.2481103552532124,0.3815365677833544,Tier_2_Validate,Liver,proximal,both,True,True,True,True,True,0.0,shared_cis_conserved,0.013345029804202766,0.37393431484819023,54.856462711334174
3118.0,ENSRNOG00000014075,Clybl,citramalyl-CoA lyase,Chr15: 99.283643,7.929,68.6,Chr15: 99.417966,-0.614,Chr15,99.283643,Chr15,99.417966,99.283643,99.417966,0.134323000000009,True,cis,False,False,False,cis,False,0.325301204819277,0.1239964317573595,0.4572541728018228,Tier_2_Validate,Adipose,proximal,3118.0,ENSRNOG00000014075,citramalyl-CoA lyase,Chr15: 99.283643,7.92,56.1,Chr15: 99.417966,-0.837,Chr15,99.283643,Chr15,99.417966,99.283643,99.417966,0.134323000000009,True,cis,False,False,False,cis,False,0.2320051413881748,0.0992063492063491,0.4159240217080834,Tier_2_Validate,Liver,proximal,both,True,True,True,True,True,0.0,shared_cis_conserved,0.046797069210562134,0.42637355215454464,54.36016691207291
11440.0,UNCHAR_LOC103691992,LOC103691992,uncharacterized LOC103691992,Chr3: 164.305928,4.021,63.9,Chr3: 163.652536,-1.057,Chr3,164.305928,Chr3,163.652536,164.305928,163.652536,0.6533919999999966,True,cis,False,True,True,cis,False,0.2938420348058902,0.255724055902468,0.3923481317479254,Tier_2_Validate,Adipose,proximal,11440.0,UNCHAR_LOC103691992,uncharacterized LOC103691992,Chr3: 164.305928,4.056,49.2,Chr3: 163.652536,-1.31,Chr3,164.305928,Chr3,163.652536,164.305928,163.652536,0.6533919999999966,True,cis,False,True,True,cis,False,0.1876606683804627,0.1885865457294028,0.3316865249384529,Tier_2_Validate,Liver,proximal,both,True,True,True,True,True,0.0,shared_cis_conserved,0.08264133887535312,0.3470585299880094,53.97892526991701
26771.0,UNCHAR_RGD1559588,RGD1559588,uncharacterized RGD1559588,Chr12: 17.398843,4.169,42.8,Chr12: 17.449158,1.049,Chr12,17.398843,Chr12,17.449158,17.398843,17.449158,0.0503150000000012,True,cis,False,True,False,cis,False,0.1526104417670682,0.2533452274754683,0.3420844842348878,Tier_2_Validate,Adipose,promoter,26771.0,UNCHAR_RGD1559588,uncharacterized RGD1559588,Chr12: 17.398843,2.762,42.6,Chr12: 19.032032,1.234,Chr12,17.398843,Chr12,19.032032,17.398843,19.032032,1.6331890000000016,True,cis,False,True,False,cis,False,0.1452442159383033,0.174225245653817,0.3118143115572421,Tier_2_Validate,Liver,distal_cis,both,True,True,True,True,True,1.5828740000000003,shared_cis_conserved,0.04559455879345118,0.3194958411236371,53.92837936939551
11281.0,ENSRNOG00000075943,LOC103691076,uncharacterized LOC103691076,Chr1: 85.183194,4.782,87.2,Chr1: 84.965439,-0.806,Chr1,85.183194,Chr1,84.965439,85.183194,84.965439,0.2177549999999968,True,cis,False,True,True,cis,False,0.4497991967871486,0.1810883140053523,0.4208106287773753,Tier_2_Validate,Adipose,proximal,11281.0,ENSRNOG00000075943,uncharacterized LOC103691076,Chr1: 85.183194,2.146,70.0,Chr1: 85.901814,-1.34,Chr1,85.183194,Chr1,85.901814,85.183194,85.901814,0.7186200000000014,True,cis,False,True,True,cis,False,0.3213367609254499,0.1942554799697657,0.3804572843133255,Tier_2_Validate,Liver,proximal,both,True,True,True,True,True,0.9363749999999982,shared_cis_conserved,0.04974108283207579,0.3906699731364181,53.86242515109501
15110.0,UNCHAR_LOC120095967,LOC120095967,uncharacterized LOC120095967,Chr12: 33.243971,2.132,68.2,Chr12: 33.354417,-1.033,Chr12,33.243971,Chr12,33.354417,33.243971,33.354417,0.110445999999996,True,cis,False,True,True,cis,False,0.322623828647925,0.2485875706214688,0.3999239897442879,Tier_2_Validate,Adipose,proximal,15110.0,UNCHAR_LOC120095967,uncharacterized LOC120095967,Chr12: 33.243971,1.665,45.4,Chr12: 33.354417,-0.955,Chr12,33.243971,Chr12,33.354417,33.243971,33.354417,0.110445999999996,True,cis,False,True,True,cis,False,0.1632390745501285,0.1215041572184429,0.299660131119,Tier_2_Validate,Liver,proximal,both,True,True,True,True,True,0.0,shared_cis_conserved,0.14129946778305272,0.32507934444477954,53.77195958977151
13125.0,UNCHAR_LOC120093158,LOC120093158,uncharacterized LOC120093158,Chr2: 91.501917,4.342,52.6,Chr2: 90.622770,0.587,Chr2,91.501917,Chr2,90.62277,91.501917,90.62277,0.8791470000000032,True,cis,False,True,True,cis,False,0.2182061579651941,0.1159678858162354,0.3169609153235003,Tier_2_Validate,Adipose,proximal,13125.0,UNCHAR_LOC120093158,uncharacterized LOC120093158,Chr2: 91.501917,7.144,97.8,Chr2: 90.622770,1.244,Chr2,91.501917,Chr2,90.62277,91.501917,90.62277,0.8791470000000032,True,cis,False,True,True,cis,False,0.5,0.1761148904006046,0.4366402116402116,Tier_2_Validate,Liver,proximal,both,True,True,True,True,True,0.0,shared_cis_conserved,0.156730120072752,0.34727256470286005,53.40060846560847
9000.0,UNCHAR_LOC102546604,LOC102546604,uncharacterized LOC102546604,Chr1: 12.073611,5.05,75.3,Chr1: 11.644866,0.872,Chr1,12.073611,Chr1,11.644866,12.073611,11.644866,0.4287449999999992,True,cis,False,True,True,cis,False,0.3701472556894243,0.2007136485280999,0.3998013164761335,Tier_2_Validate,Adipose,proximal,9000.0,UNCHAR_LOC102546604,uncharacterized LOC102546604,Chr1: 12.073611,2.56,65.0,Chr1: 11.644866,1.528,Chr1,12.073611,Chr1,11.644866,12.073611,11.644866,0.4287449999999992,True,cis,False,True,True,cis,False,0.2892030848329049,0.2297808012093726,0.3816443601147971,Tier_2_Validate,Liver,proximal,both,True,True,True,True,True,0.0,shared_cis_conserved,0.022941506787358543,0.38624095297209954,53.35205265904534
29668.0,ENSRNOG00000012083,St6galnac2,"ST6 N-acetylgalactosaminide alpha-2,6-sialyltransferase 2",Chr10: 101.928411,5.849,33.4,Chr10: 101.964122,-0.626,Chr10,101.928411,Chr10,101.964122,101.928411,101.964122,0.0357110000000062,True,cis,False,False,False,cis,False,0.0896921017402945,0.127564674397859,0.3760398716483537,Tier_2_Validate,Adipose,promoter,29668.0,ENSRNOG00000012083,"ST6 N-acetylgalactosaminide alpha-2,6-sialyltransferase 2",Chr10: 101.928411,3.552,29.9,Chr10: 101.964122,-0.925,Chr10,101.928411,Chr10,101.964122,101.928411,101.964122,0.0357110000000062,True,cis,False,False,False,cis,False,0.063624678663239,0.1158352229780801,0.3628109655744617,Tier_2_Validate,Liver,promoter,both,True,True,True,True,True,0.0,shared_cis_conserved,0.017665608978889105,0.3661623561153819,53.171594865934146
28392.0,ENSRNOG00000011357,Shbg,sex hormone binding globulin,Chr10: 54.350408,5.291,41.4,Chr10: 54.389422,-0.544,Chr10,54.350408,Chr10,54.389422,54.350408,54.389422,0.0390140000000016,True,cis,False,False,False,cis,False,0.143239625167336,0.1031816830211121,0.3862474578659568,Tier_2_Validate,Adipose,promoter,28392.0,ENSRNOG00000011357,sex hormone binding globulin,Chr10: 54.350408,3.734,21.6,Chr10: 54.389422,-0.675,Chr10,54.350408,Chr10,54.389422,54.350408,54.389422,0.0390140000000016,True,cis,False,False,False,cis,False,0.0102827763496144,0.06859410430839,0.3276069082303016,Tier_2_Validate,Liver,promoter,both,True,True,True,True,True,0.0,shared_cis_conserved,0.08101152991851568,0.34246957446401166,53.169898314638274
20908.0,ENSRNOG00000034139,Lyc2,lysozyme C type 2,Chr7: 52.887103,5.314,131.8,Chr7: 53.139710,3.241,Chr7,52.887103,Chr7,53.13971,52.887103,53.13971,0.2526069999999976,True,cis,False,False,False,cis,False,0.748326639892905,0.9051442164733868,0.878714799728202,Tier_1_HighConfidence,Adipose,proximal,20908.0,ENSRNOG00000034139,lysozyme C type 2,Chr7: 52.887103,8.651,120.9,Chr7: 53.139710,-2.09,Chr7,52.887103,Chr7,53.13971,52.887103,53.13971,0.2526069999999976,True,cis,False,False,False,cis,False,0.6484575835475579,0.3359788359788359,0.6445527468342378,Tier_1_HighConfidence,Liver,proximal,both,True,True,True,True,False,0.0,shared_cis_flip,0.15272093472463535,0.7034750623945405,53.14859198912808
10124.0,UNCHAR_LOC102551693,LOC102551693,uncharacterized LOC102551693,Chr1: 204.680567,5.732,85.5,Chr1: 205.159275,0.743,Chr1,204.680567,Chr1,205.159275,204.680567,205.159275,0.4787080000000117,True,cis,False,True,True,cis,False,0.4384203480589022,0.1623550401427297,0.4102713858705711,Tier_2_Validate,Adipose,proximal,10124.0,UNCHAR_LOC102551693,uncharacterized LOC102551693,Chr1: 204.680567,5.602,34.2,Chr1: 205.159275,0.969,Chr1,204.680567,Chr1,205.159275,204.680567,205.159275,0.4787080000000117,True,cis,False,True,True,cis,False,0.0912596401028277,0.1241496598639455,0.2753932549883707,Tier_2_Validate,Liver,proximal,both,True,True,True,True,True,0.0,shared_cis_conserved,0.19388383850538313,0.3095974973051842,53.12585543482284
9531.0,UNCHAR_LOC102549007,LOC102549007,uncharacterized LOC102549007,Chr3: 164.291121,2.027,50.2,Chr3: 164.153483,-1.166,Chr3,164.291121,Chr3,164.153483,164.291121,164.153483,0.1376380000000097,True,cis,False,True,True,cis,False,0.2021419009370816,0.2881355932203389,0.3715971229550971,Tier_2_Validate,Adipose,proximal,9531.0,UNCHAR_LOC102549007,uncharacterized LOC102549007,Chr3: 164.291121,1.807,39.2,Chr3: 164.153483,-1.05,Chr3,164.291121,Chr3,164.153483,164.291121,164.153483,0.1376380000000097,True,cis,False,True,True,cis,False,0.1233933161953727,0.1394557823129251,0.2919971844779043,Tier_2_Validate,Liver,proximal,both,True,True,True,True,True,0.0,shared_cis_conserved,0.11817192870964126,0.3121925989189766,53.11388491820389
28552.0,ENSRNOG00000023476,Slc16a5,solute carrier family 16 member 5,Chr10: 100.707433,2.455,33.8,Chr10: 100.893592,0.83,Chr10,100.707433,Chr10,100.893592,100.707433,100.893592,0.1861590000000035,True,cis,False,False,False,cis,False,0.0923694779116465,0.1882247992863514,0.3982079970192993,Tier_2_Validate,Adipose,proximal,28552.0,ENSRNOG00000023476,solute carrier family 16 member 5,Chr10: 100.707433,1.907,32.1,Chr10: 100.351953,1.288,Chr10,100.707433,Chr10,100.351953,100.707433,100.351953,0.35548,True,cis,False,False,False,cis,False,0.0777634961439588,0.1844293272864701,0.3917674882006501,Tier_2_Validate,Liver,proximal,both,True,True,True,True,True,0.5416390000000035,shared_cis_conserved,0.008050882730335704,0.3933977426121383,53.07831988077197
1975.0,ENSRNOG00000013260,Calr3,calreticulin 3,Chr16: 17.396088,7.043,51.4,Chr16: 17.484384,0.43,Chr16,17.396088,Chr16,17.484384,17.396088,17.484384,0.0882959999999997,True,cis,False,False,False,cis,False,0.2101740294511378,0.0692833779363663,0.3978100925856265,Tier_2_Validate,Adipose,promoter,1975.0,ENSRNOG00000013260,calreticulin 3,Chr16: 17.396088,6.811,43.1,Chr16: 17.484384,0.577,Chr16,17.396088,Chr16,17.484384,17.396088,17.484384,0.0882959999999997,True,cis,False,False,False,cis,False,0.1484575835475578,0.0500755857898715,0.3694866092681003,Tier_2_Validate,Liver,promoter,both,True,True,True,True,True,0.0,shared_cis_conserved,0.03643844525517642,0.37665857621061977,53.062403703425055
30619.0,ENSRNOG00000027480,Tmem116,transmembrane protein 116,Chr12: 35.089408,6.319,23.1,Chr12: 34.960575,-0.388,Chr12,35.089408,Chr12,34.960575,35.089408,34.960575,0.1288330000000002,True,cis,False,False,False,cis,False,0.0207496653279785,0.0567945286946179,0.3271404679079088,Tier_2_Validate,Adipose,proximal,30619.0,ENSRNOG00000027480,transmembrane protein 116,Chr12: 35.089408,2.576,56.0,Chr12: 34.960575,-1.357,Chr12,35.089408,Chr12,34.960575,35.089408,34.960575,0.1288330000000002,True,cis,False,False,False,cis,False,0.2313624678663239,0.1974678760393046,0.4500906203669699,Tier_2_Validate,Liver,proximal,both,True,True,True,True,True,0.0,shared_cis_conserved,0.15618050949752432,0.3582684572964179,52.94362481467879
8793.0,UNCHAR_LOC100911030,LOC100911030,uncharacterized LOC100911030,Chr1: 207.703429,5.861,61.9,Chr1: 208.647015,-0.963,Chr1,207.703429,Chr1,208.647015,207.703429,208.647015,0.9435860000000104,True,cis,False,True,True,cis,False,0.2804551539491298,0.2277728218852215,0.377879791542023,Tier_2_Validate,Adipose,proximal,8793.0,UNCHAR_LOC100911030,uncharacterized LOC100911030,Chr1: 207.703429,4.194,21.6,Chr1: 208.647015,-1.057,Chr1,207.703429,Chr1,208.647015,207.703429,208.647015,0.9435860000000104,True,cis,False,True,True,cis,False,0.0102827763496144,0.1407785336356764,0.2528714584948518,Tier_2_Validate,Liver,proximal,both,True,True,True,True,True,0.0,shared_cis_conserved,0.1950965106037281,0.2846112830331539,52.93019166168092
22440.0,ENSRNOG00000069710,Nat8f2,N-acetyltransferase 8 (GCN5-related) family member 2,Chr4: 118.323158,2.215,41.0,Chr4: 118.133979,0.97,Chr4,118.323158,Chr4,118.133979,118.323158,118.133979,0.1891790000000099,True,cis,False,False,False,cis,False,0.1405622489959839,0.2298542967588462,0.4296457910141905,Tier_2_Validate,Adipose,proximal,22440.0,ENSRNOG00000069710,N-acetyltransferase 8 (GCN5-related) family member 2,Chr4: 118.323158,9.89,25.6,Chr4: 118.759427,0.522,Chr4,118.323158,Chr4,118.759427,118.323158,118.759427,0.4362689999999958,True,cis,False,False,False,cis,False,0.0359897172236503,0.0396825396825396,0.3264852899171665,Tier_2_Validate,Liver,proximal,both,True,True,True,True,True,0.6254480000000058,shared_cis_conserved,0.13465124136670656,0.3526120432948393,52.79583164056762
28443.0,ENSRNOG00000021474,Siglec5,sialic acid binding Ig-like lectin 5,Chr1: 93.768189,9.046,44.5,Chr1: 92.967471,-0.585,Chr1,93.768189,Chr1,92.967471,93.768189,92.967471,0.8007180000000034,True,cis,False,False,False,cis,False,0.1639892904953145,0.1153731787094855,0.39777686422168,Tier_2_Validate,Adipose,proximal,28443.0,ENSRNOG00000021474,sialic acid binding Ig-like lectin 5,Chr1: 93.768189,5.633,44.9,Chr1: 92.454009,-1.272,Chr1,93.768189,Chr1,92.454009,93.768189,92.454009,1.3141800000000077,True,cis,False,False,False,cis,False,0.160025706940874,0.1814058956916099,0.4195010609213694,Tier_2_Validate,Liver,distal_cis,both,True,True,True,True,True,0.5134620000000041,shared_cis_conserved,0.0262598529943041,0.4032735630290881,52.705042436854775
31151.0,ENSRNOG00000015347,Trim45,tripartite motif-containing 45,Chr2: 188.349978,4.976,39.9,Chr2: 187.994697,-0.487,Chr2,188.349978,Chr2,187.994697,188.349978,187.994697,0.3552809999999908,True,cis,False,False,False,cis,False,0.1331994645247657,0.0862325304787392,0.3768011982512267,Tier_2_Validate,Adipose,proximal,31151.0,ENSRNOG00000015347,tripartite motif-containing 45,Chr2: 188.349978,5.427,60.0,Chr2: 187.994697,-0.928,Chr2,188.349978,Chr2,187.994697,188.349978,187.994697,0.3552809999999908,True,cis,False,False,False,cis,False,0.2570694087403599,0.1164021164021164,0.4307150337998667,Tier_2_Validate,Liver,proximal,both,True,True,True,True,True,0.0,shared_cis_conserved,0.06594833647935502,0.39044452797958507,52.66360135199467
18272.0,UNCHAR_LOC120100724,LOC120100724,uncharacterized LOC120100724,Chr2: 51.952729,5.818,65.7,Chr2: 52.627302,-0.821,Chr2,51.952729,Chr2,52.627302,51.952729,52.627302,0.6745730000000023,True,cis,False,True,True,cis,False,0.3058902275769746,0.1855486173059767,0.3720035957090329,Tier_2_Validate,Adipose,proximal,18272.0,UNCHAR_LOC120100724,uncharacterized LOC120100724,Chr2: 51.952729,2.824,64.9,Chr2: 52.627302,-1.64,Chr2,51.952729,Chr2,52.627302,51.952729,52.627302,0.6745730000000023,True,cis,False,True,True,cis,False,0.288560411311054,0.2509448223733937,0.3888268317895567,Tier_2_Validate,Liver,proximal,both,True,True,True,True,True,0.0,shared_cis_conserved,0.02182482097277427,0.37626396678159574,52.65807327158226
5613.0,ENSRNOG00000007660,Fntb,"farnesyltransferase, CAAX box, subunit beta",Chr6: 95.536614,7.015,40.2,Chr6: 95.470641,-0.441,Chr6,95.536614,Chr6,95.470641,95.536614,95.470641,0.0659729999999996,True,cis,False,False,False,cis,False,0.1352074966532798,0.0725542670234909,0.3727166172868698,Tier_2_Validate,Adipose,promoter,5613.0,ENSRNOG00000007660,"farnesyltransferase, CAAX box, subunit beta",Chr6: 95.536614,4.709,37.5,Chr6: 95.470641,-0.977,Chr6,95.536614,Chr6,95.470641,95.536614,95.470641,0.0659729999999996,True,cis,False,False,False,cis,False,0.1124678663239074,0.1256613756613756,0.383345234694849,Tier_2_Validate,Liver,promoter,both,True,True,True,True,True,0.0,shared_cis_conserved,0.013874359335978073,0.3754084575372046,52.53880938779396
10291.0,UNCHAR_LOC102552452,LOC102552452,uncharacterized LOC102552452,Chr12: 2.688004,2.263,30.4,Chr12: 2.754668,0.684,Chr12,2.688004,Chr12,2.754668,2.688004,2.754668,0.0666640000000002,True,cis,False,True,True,cis,False,0.0696117804551539,0.1448111804936069,0.2750480363320663,Tier_2_Validate,Adipose,promoter,10291.0,UNCHAR_LOC102552452,uncharacterized LOC102552452,Chr12: 2.688004,1.622,57.1,Chr12: 2.754668,1.344,Chr12,2.688004,Chr12,2.754668,2.688004,2.754668,0.0666640000000002,True,cis,False,True,True,cis,False,0.2384318766066838,0.1950113378684807,0.3517051250663076,Tier_2_Validate,Liver,promoter,both,True,True,True,True,True,0.0,shared_cis_conserved,0.12038744898556074,0.29451327713809056,52.48820500265231
29351.0,ENSRNOG00000008232,Spaca1,sperm acrosome associated 1,Chr5: 48.540675,0.535,36.5,Chr5: 48.741140,0.677,Chr5,48.540675,Chr5,48.74114,48.540675,48.74114,0.2004650000000012,True,cis,False,False,False,cis,False,0.110441767068273,0.1427297056199821,0.3886100154408893,Tier_2_Validate,Adipose,proximal,29351.0,ENSRNOG00000008232,sperm acrosome associated 1,Chr5: 48.540675,0.374,50.0,Chr5: 48.237537,0.748,Chr5,48.540675,Chr5,48.237537,48.540675,48.237537,0.303137999999997,True,cis,False,False,False,cis,False,0.1928020565552699,0.0823885109599395,0.3963166986303232,Tier_2_Validate,Liver,proximal,both,True,True,True,True,True,0.5036029999999982,shared_cis_conserved,0.009694834823155172,0.3905609233253057,52.23766794521293
10471.0,UNCHAR_LOC102553363,LOC102553363,uncharacterized LOC102553363,Chr1: 20.663698,1.523,63.6,Chr1: 20.006034,-0.911,Chr1,20.663698,Chr1,20.006034,20.663698,20.006034,0.6576640000000005,True,cis,False,True,True,cis,False,0.2918340026773762,0.2123104371097234,0.3764505539254849,Tier_2_Validate,Adipose,proximal,10471.0,UNCHAR_LOC102553363,uncharacterized LOC102553363,Chr1: 20.663698,7.107,39.9,Chr1: 20.006034,-0.827,Chr1,20.663698,Chr1,20.006034,20.663698,20.006034,0.6576640000000005,True,cis,False,True,True,cis,False,0.127892030848329,0.0973167044595615,0.2788230573577617,Tier_2_Validate,Liver,proximal,both,True,True,True,True,True,0.0,shared_cis_conserved,0.14674788675205297,0.3035968012165726,52.19302215701939
17768.0,UNCHAR_LOC120099936,LOC120099936,uncharacterized LOC120099936,Chr1: 182.090610,4.287,78.6,Chr1: 182.323560,0.709,Chr1,182.09061,Chr1,182.32356,182.09061,182.32356,0.2329499999999882,True,cis,False,True,True,cis,False,0.3922356091030789,0.1522450193279809,0.390568219950871,Tier_2_Validate,Adipose,proximal,17768.0,UNCHAR_LOC120099936,uncharacterized LOC120099936,Chr1: 182.090610,5.087,66.2,Chr1: 182.323560,1.067,Chr1,182.09061,Chr1,182.32356,182.09061,182.32356,0.2329499999999882,True,cis,False,True,True,cis,False,0.2969151670951157,0.1426681783824641,0.3538541709171529,Tier_2_Validate,Liver,proximal,both,True,True,True,True,True,0.0,shared_cis_conserved,0.048665110524457836,0.36315434595189355,52.167728798034844
30651.0,ENSRNOG00000013238,Tmem14a,transmembrane protein 14A,Chr9: 23.640593,5.247,37.3,Chr9: 21.934821,-0.637,Chr9,23.640593,Chr9,21.934821,23.640593,21.934821,1.7057719999999996,True,cis,False,False,False,cis,False,0.1157965194109772,0.1308355634849836,0.3863212290135863,Tier_2_Validate,Adipose,distal_cis,30651.0,ENSRNOG00000013238,transmembrane protein 14A,Chr9: 23.640593,3.141,51.7,Chr9: 21.934821,-1.827,Chr9,23.640593,Chr9,21.934821,23.640593,21.934821,1.7057719999999996,True,cis,False,False,False,cis,False,0.2037275064267352,0.2862811791383219,0.47150303994777,Tier_1_HighConfidence,Liver,distal_cis,both,True,True,True,True,True,0.0,shared_cis_conserved,0.09815559898564764,0.4078620707445963,52.0451215979108
3782.0,UNCHAR_Cyp2d5,Cyp2d5,uncharacterized Cyp2d5,Chr7: 113.904457,3.274,40.8,Chr7: 113.822112,1.062,Chr7,113.904457,Chr7,113.822112,113.904457,113.822112,0.0823449999999894,True,cis,False,True,False,cis,False,0.1392235609103078,0.2572108236693428,0.3387520346028777,Tier_2_Validate,Adipose,promoter,3782.0,UNCHAR_Cyp2d5,uncharacterized Cyp2d5,Chr7: 113.904457,13.215,37.3,Chr7: 113.823396,0.674,Chr7,113.904457,Chr7,113.823396,113.904457,113.823396,0.0810609999999911,True,cis,False,True,False,cis,False,0.1111825192802056,0.0684051398337112,0.2628556806898709,Tier_2_Validate,Liver,promoter,both,True,True,True,True,True,0.0012839999999982865,shared_cis_conserved,0.12409319244228091,0.2821400021492283,51.92008138411511
10934.0,UNCHAR_LOC102555623,LOC102555623,uncharacterized LOC102555623,Chr2: 226.558531,4.097,39.5,Chr2: 226.753542,-0.633,Chr2,226.558531,Chr2,226.753542,226.558531,226.753542,0.1950110000000222,True,cis,False,True,True,cis,False,0.1305220883534136,0.1296461492714838,0.2910588831687141,Tier_2_Validate,Adipose,proximal,10934.0,UNCHAR_LOC102555623,uncharacterized LOC102555623,Chr2: 226.558531,2.864,65.1,Chr2: 226.735033,-1.591,Chr2,226.558531,Chr2,226.735033,226.558531,226.735033,0.1765019999999992,True,cis,False,True,True,cis,False,0.2898457583547557,0.2416855631141345,0.3860359625141115,Tier_2_Validate,Liver,proximal,both,True,True,True,True,True,0.01850900000002298,shared_cis_conserved,0.13822994007619202,0.31514872785525394,51.60643850056446
11873.0,UNCHAR_LOC108348488,LOC108348488,uncharacterized LOC108348488,Chr1: 53.829903,4.641,65.3,Chr1: 53.025976,-0.774,Chr1,53.829903,Chr1,53.025976,53.829903,53.025976,0.8039270000000016,True,cis,False,True,True,cis,False,0.3032128514056225,0.1715730002973535,0.3661750480960416,Tier_2_Validate,Adipose,proximal,11873.0,UNCHAR_LOC108348488,uncharacterized LOC108348488,Chr1: 53.829903,1.639,21.3,Chr1: 52.525836,-0.751,Chr1,53.829903,Chr1,52.525836,53.829903,52.525836,1.3040670000000034,True,cis,False,True,True,cis,False,0.0083547557840617,0.0829554043839758,0.2319585560588131,Tier_2_Validate,Liver,distal_cis,both,True,True,True,True,True,0.5001400000000018,shared_cis_conserved,0.2207023113346187,0.26606443484645675,51.40200192384167
32307.0,ENSRNOG00000058057,Uggt2,UDP-glucose glycoprotein glucosyltransferase 2,Chr15: 96.239357,8.033,24.2,Chr15: 96.098863,0.291,Chr15,96.239357,Chr15,96.098863,96.239357,96.098863,0.1404940000000039,True,cis,False,False,False,cis,False,0.0281124497991967,0.0279512340172464,0.3196222893357552,Tier_2_Validate,Adipose,proximal,32307.0,ENSRNOG00000058057,UDP-glucose glycoprotein glucosyltransferase 2,Chr15: 96.239357,3.312,49.3,Chr15: 96.098863,1.124,Chr15,96.239357,Chr15,96.098863,96.239357,96.098863,0.1404940000000039,True,cis,False,False,False,cis,False,0.1883033419023136,0.1534391534391534,0.4196098733695135,Tier_2_Validate,Liver,proximal,both,True,True,True,True,True,0.0,shared_cis_conserved,0.1334534060480412,0.3449528188593149,51.239394934780535
2255.0,ENSRNOG00000037206,Ccdc77,coiled-coil domain containing 77,Chr4: 153.565907,7.281,38.1,Chr4: 153.708588,-0.535,Chr4,153.565907,Chr4,153.708588,153.565907,153.708588,0.1426809999999818,True,cis,False,False,False,cis,False,0.1211512717536814,0.1005055010407374,0.3775798704780466,Tier_2_Validate,Adipose,proximal,2255.0,ENSRNOG00000037206,coiled-coil domain containing 77,Chr4: 153.565907,5.728,31.9,Chr4: 153.708588,-0.9,Chr4,153.565907,Chr4,153.708588,153.565907,153.708588,0.1426809999999818,True,cis,False,False,False,cis,False,0.076478149100257,0.1111111111111111,0.3656562410739788,Tier_2_Validate,Liver,proximal,both,True,True,True,True,True,0.0,shared_cis_conserved,0.015829869573697697,0.36867672309893,50.778194819121865
20443.0,UNCHAR_LOC685453,LOC685453,uncharacterized LOC685453,Chr5: 113.944482,3.322,58.2,Chr5: 113.292868,0.755,Chr5,113.944482,Chr5,113.292868,113.944482,113.292868,0.651613999999995,True,cis,False,True,True,cis,False,0.2556894243641232,0.1659232827832292,0.3475644475015733,Tier_2_Validate,Adipose,proximal,20443.0,UNCHAR_LOC685453,uncharacterized LOC685453,Chr5: 113.944482,1.059,34.4,Chr5: 114.372409,0.796,Chr5,113.944482,Chr5,114.372409,113.944482,114.372409,0.427927000000011,True,cis,False,True,True,cis,False,0.0925449871465295,0.09145880574452,0.2644013275118674,Tier_2_Validate,Liver,proximal,both,True,True,True,True,True,1.079541000000006,shared_cis_conserved,0.13371012253513262,0.28552638281563164,50.67757790006293
4577.0,ENSRNOG00000042253,Ecd,ecdysoneless cell cycle regulator,Chr15: 3.967208,7.353,34.3,Chr15: 4.081199,-0.328,Chr15,3.967208,Chr15,4.081199,3.967208,4.081199,0.1139909999999999,True,cis,False,False,False,cis,False,0.0957161981258366,0.0389533154921201,0.3471343297662849,Tier_2_Validate,Adipose,proximal,4577.0,ENSRNOG00000042253,ecdysoneless cell cycle regulator,Chr15: 3.967208,7.242,54.1,Chr15: 3.520668,-0.673,Chr15,3.967208,Chr15,3.520668,3.967208,3.520668,0.4465399999999997,True,cis,False,False,False,cis,False,0.2191516709511568,0.0682161753590325,0.4005787462085662,Tier_2_Validate,Liver,proximal,both,True,True,True,True,True,0.5605309999999997,shared_cis_conserved,0.07053384471888824,0.36067176848865246,50.66314984834265
3196.0,ENSRNOG00000004438,Cntn1,contactin 1,Chr7: 123.263145,4.558,23.6,Chr7: 123.405374,0.663,Chr7,123.263145,Chr7,123.405374,123.263145,123.405374,0.1422290000000003,True,cis,False,False,False,cis,False,0.0240963855421686,0.1385667558727326,0.3569320994952154,Tier_2_Validate,Adipose,proximal,3196.0,ENSRNOG00000004438,contactin 1,Chr7: 123.263145,1.261,20.0,Chr7: 123.722148,0.728,Chr7,123.263145,Chr7,123.722148,123.263145,123.722148,0.4590030000000098,True,cis,False,False,False,cis,False,0.0,0.0786092214663643,0.3275132275132275,Tier_2_Validate,Liver,proximal,both,True,True,True,True,True,0.31677400000000944,shared_cis_conserved,0.04236312181510335,0.3349738533132623,50.59228397980861
26840.0,UNCHAR_RGD1560860,RGD1560860,uncharacterized RGD1560860,Chr17: 54.808183,1.365,52.1,Chr17: 54.649901,1.016,Chr17,54.808183,Chr17,54.649901,54.808183,54.649901,0.1582819999999998,True,cis,False,True,False,cis,False,0.214859437751004,0.2435325602140945,0.3604371992877845,Tier_2_Validate,Adipose,proximal,26840.0,UNCHAR_RGD1560860,uncharacterized RGD1560860,Chr17: 54.808183,0.727,28.0,Chr17: 54.649901,0.625,Chr17,54.808183,Chr17,54.649901,54.808183,54.649901,0.1582819999999998,True,cis,False,True,False,cis,False,0.0514138817480719,0.059145880574452,0.2386959168128834,Tier_2_Validate,Liver,proximal,both,True,True,True,True,True,0.0,shared_cis_conserved,0.199859898037101,0.2696308871767014,50.54248797151138
6018.0,ENSRNOG00000007351,Ggh,gamma-glutamyl hydrolase,Chr5: 33.529879,7.596,32.2,Chr5: 33.461794,-0.35,Chr5,33.529879,Chr5,33.461794,33.529879,33.461794,0.0680850000000035,True,cis,False,False,False,cis,False,0.0816599732262383,0.0454950936663693,0.3445042734124127,Tier_2_Validate,Adipose,promoter,6018.0,ENSRNOG00000007351,gamma-glutamyl hydrolase,Chr5: 33.529879,7.551,24.9,Chr5: 33.951303,-0.493,Chr5,33.529879,Chr5,33.951303,33.529879,33.951303,0.4214240000000018,True,cis,False,False,False,cis,False,0.031491002570694,0.0342025699168556,0.3229927503706424,Tier_2_Validate,Liver,proximal,both,True,True,True,True,True,0.4895090000000053,shared_cis_conserved,0.0317514650051933,0.32845000979359795,50.5301709364965
25806.0,ENSRNOG00000012486,Prim2,DNA primase subunit 2,Chr9: 35.904520,6.192,41.4,Chr9: 35.390780,-0.464,Chr9,35.90452,Chr9,35.39078,35.90452,35.39078,0.5137399999999985,True,cis,False,False,False,cis,False,0.143239625167336,0.079393398751115,0.3779215583714579,Tier_2_Validate,Adipose,proximal,25806.0,ENSRNOG00000012486,DNA primase subunit 2,Chr9: 35.904520,6.086,25.3,Chr9: 36.084298,-0.703,Chr9,35.90452,Chr9,36.084298,35.90452,36.084298,0.1797779999999988,True,cis,False,False,False,cis,False,0.0340616966580976,0.0738851095993953,0.3377813821901225,Tier_2_Validate,Liver,proximal,both,True,True,True,True,True,0.6935179999999974,shared_cis_conserved,0.05531213109081962,0.34795470656318345,50.43686233485832
13035.0,UNCHAR_LOC108353253,LOC108353253,uncharacterized LOC108353253,Chr20: 3.260747,9.157,41.3,Chr20: 3.210100,-0.582,Chr20,3.260747,Chr20,3.2101,3.260747,3.2101,0.0506469999999996,True,cis,False,True,True,cis,False,0.1425702811244979,0.1144811180493606,0.2899679897108505,Tier_2_Validate,Adipose,promoter,13035.0,UNCHAR_LOC108353253,uncharacterized LOC108353253,Chr20: 3.260747,5.252,38.9,Chr20: 3.210100,-1.333,Chr20,3.260747,Chr20,3.2101,3.260747,3.2101,0.0506469999999996,True,cis,False,True,True,cis,False,0.12146529562982,0.1929327286470143,0.310039308496892,Tier_2_Validate,Liver,promoter,both,True,True,True,True,True,0.0,shared_cis_conserved,0.03290340762317572,0.2950680779264188,50.311572339875674
16376.0,UNCHAR_LOC120097786,LOC120097786,uncharacterized LOC120097786,Chr17: 8.011330,1.596,25.4,Chr17: 7.992823,-0.621,Chr17,8.01133,Chr17,7.992823,8.01133,7.992823,0.0185069999999996,True,cis,False,True,True,cis,False,0.036144578313253,0.1260779066309842,0.256777869730483,Tier_2_Validate,Adipose,promoter,16376.0,UNCHAR_LOC120097786,uncharacterized LOC120097786,Chr17: 8.011330,4.07,45.5,Chr17: 7.992823,-1.013,Chr17,8.01133,Chr17,7.992823,8.01133,7.992823,0.0185069999999996,True,cis,False,True,True,cis,False,0.1638817480719794,0.132464096749811,0.3037210456876267,Tier_2_Validate,Liver,promoter,both,True,True,True,True,True,0.0,shared_cis_conserved,0.08228442629507855,0.2687193747855066,50.25384182750506
10490.0,UNCHAR_LOC102553457,LOC102553457,uncharacterized LOC102553457,Chr1: 20.935165,3.386,42.8,Chr1: 21.009060,-0.641,Chr1,20.935165,Chr1,21.00906,20.935165,21.00906,0.0738950000000002,True,cis,False,True,True,cis,False,0.1526104417670682,0.1320249776984835,0.2996223968129431,Tier_2_Validate,Adipose,promoter,10490.0,UNCHAR_LOC102553457,uncharacterized LOC102553457,Chr1: 20.935165,1.296,27.4,Chr1: 21.009060,-0.741,Chr1,20.935165,Chr1,21.00906,20.935165,21.00906,0.0738950000000002,True,cis,False,True,True,cis,False,0.0475578406169665,0.0810657596371882,0.2450182600889542,Tier_2_Validate,Liver,promoter,both,True,True,True,True,True,0.0,shared_cis_conserved,0.09844957459302715,0.258915418206434,50.189895872517724
9439.0,UNCHAR_LOC102548553,LOC102548553,uncharacterized LOC102548553,Chr4: 72.088277,4.179,51.5,Chr4: 71.606853,-0.761,Chr4,72.088277,Chr4,71.606853,72.088277,71.606853,0.481424000000004,True,cis,False,True,True,cis,False,0.2108433734939759,0.167707404103479,0.3324927721591092,Tier_2_Validate,Adipose,proximal,9439.0,UNCHAR_LOC102548553,uncharacterized LOC102548553,Chr4: 72.088277,4.025,43.4,Chr4: 71.606853,-0.924,Chr4,72.088277,Chr4,71.606853,72.088277,71.606853,0.481424000000004,True,cis,False,True,True,cis,False,0.1503856041131105,0.1156462585034013,0.2931111519157792,Tier_2_Validate,Liver,proximal,both,True,True,True,True,True,0.0,shared_cis_conserved,0.061959372419938034,0.30311145540766155,50.104710886364366
11759.0,UNCHAR_LOC103694354,LOC103694354,uncharacterized LOC103694354,Chr19: 50.620703,5.317,46.4,Chr19: 50.602551,-0.582,Chr19,50.620703,Chr19,50.602551,50.620703,50.602551,0.0181520000000006,True,cis,False,True,True,cis,False,0.1767068273092369,0.1144811180493606,0.3019157808755092,Tier_2_Validate,Adipose,promoter,11759.0,UNCHAR_LOC103694354,uncharacterized LOC103694354,Chr19: 50.620703,2.881,21.3,Chr19: 50.602551,-0.712,Chr19,50.620703,Chr19,50.602551,50.620703,50.602551,0.0181520000000006,True,cis,False,True,True,cis,False,0.0083547557840617,0.0755857898715041,0.229379190979448,Tier_2_Validate,Liver,promoter,both,True,True,True,True,True,0.0,shared_cis_conserved,0.13400565988537896,0.24784835260317678,49.98663123502037
17195.0,UNCHAR_LOC120098934,LOC120098934,uncharacterized LOC120098934,Chr20: 7.369460,4.212,41.5,Chr20: 6.858809,-0.599,Chr20,7.36946,Chr20,6.858809,7.36946,6.858809,0.5106510000000002,True,cis,False,True,True,cis,False,0.143908969210174,0.119536128456735,0.2922057841834181,Tier_2_Validate,Adipose,proximal,17195.0,UNCHAR_LOC120098934,uncharacterized LOC120098934,Chr20: 7.369460,1.896,27.0,Chr20: 7.361183,-0.791,Chr20,7.36946,Chr20,7.361183,7.36946,7.361183,0.0082770000000005,True,cis,False,True,True,cis,False,0.0449871465295629,0.0905139833711262,0.2474253954652412,Tier_2_Validate,Liver,promoter,both,True,True,True,True,True,0.5023739999999997,shared_cis_conserved,0.08147352329393294,0.25882417645302025,49.683231367336724
33160.0,ENSRNOG00000051682,Zcchc9,zinc finger CCHC-type containing 9,Chr2: 23.048248,7.439,27.5,Chr2: 23.116638,-0.26,Chr2,23.048248,Chr2,23.116638,23.048248,23.116638,0.0683899999999972,True,cis,False,False,False,cis,False,0.0502008032128514,0.0187332738626226,0.3241269269764159,Tier_2_Validate,Adipose,promoter,33160.0,ENSRNOG00000051682,zinc finger CCHC-type containing 9,Chr2: 23.048248,7.978,26.1,Chr2: 23.116638,-0.507,Chr2,23.048248,Chr2,23.116638,23.048248,23.116638,0.0683899999999972,True,cis,False,False,False,cis,False,0.0392030848329049,0.0368480725623582,0.3266179050883421,Tier_2_Validate,Liver,promoter,both,True,True,True,True,True,0.0,shared_cis_conserved,0.003769954740534525,0.3247590963912488,49.36471620353368
3793.0,ENSRNOG00000011053,Cyp2u1,"cytochrome P450, family 2, subfamily u, polypeptide 1",Chr2: 219.866958,8.326,39.8,Chr2: 219.970144,0.356,Chr2,219.866958,Chr2,219.970144,219.866958,219.970144,0.1031859999999937,True,cis,False,False,False,cis,False,0.1325301204819277,0.047279214986619,0.3629332674139913,Tier_2_Validate,Adipose,proximal,3793.0,ENSRNOG00000011053,"cytochrome P450, family 2, subfamily u, polypeptide 1",Chr2: 219.866958,7.584,37.2,Chr2: 219.970144,0.69,Chr2,219.866958,Chr2,219.970144,219.866958,219.970144,0.1031859999999937,True,cis,False,False,False,cis,False,0.1105398457583547,0.0714285714285714,0.3636889460154241,Tier_2_Validate,Liver,proximal,both,True,True,True,True,True,0.0,shared_cis_conserved,0.0010258699610953838,0.3631247517392522,49.32755784061696
11560.0,UNCHAR_LOC103692950,LOC103692950,uncharacterized LOC103692950,Chr7: 113.513046,8.108,26.9,Chr7: 113.404775,-0.371,Chr7,113.513046,Chr7,113.404775,113.513046,113.404775,0.108271000000002,True,cis,False,True,True,cis,False,0.0461847389558232,0.0517395182872435,0.2342734900350734,Tier_2_Validate,Adipose,proximal,11560.0,UNCHAR_LOC103692950,uncharacterized LOC103692950,Chr7: 113.513046,2.609,59.3,Chr7: 113.404775,-1.407,Chr7,113.513046,Chr7,113.404775,113.513046,113.404775,0.108271000000002,True,cis,False,True,True,cis,False,0.2525706940874035,0.2069160997732426,0.3608203778512261,Tier_2_Validate,Liver,proximal,both,True,True,True,True,True,0.0,shared_cis_conserved,0.20913596143058516,0.266433051892688,49.287815114049046
20522.0,UNCHAR_LOC689303,LOC689303,uncharacterized LOC689303,Chr17: 14.423634,4.334,23.6,Chr17: 14.426630,-0.391,Chr17,14.423634,Chr17,14.42663,14.423634,14.42663,0.0029959999999995,True,cis,False,True,True,cis,False,0.0240963855421686,0.0576865893547427,0.228624041213919,Tier_2_Validate,Adipose,promoter,20522.0,UNCHAR_LOC689303,uncharacterized LOC689303,Chr17: 14.423634,4.592,49.3,Chr17: 14.426630,-0.929,Chr17,14.423634,Chr17,14.42663,14.423634,14.42663,0.0029959999999995,True,cis,False,True,True,cis,False,0.1883033419023136,0.1165910808767951,0.306713047972688,Tier_2_Validate,Liver,promoter,both,True,True,True,True,True,0.0,shared_cis_conserved,0.1431940139542719,0.24850427793849691,49.22352191890752
21816.0,ENSRNOG00000033809,Mlh1,mutL homolog 1,Chr8: 111.233720,8.115,37.4,Chr8: 110.719344,0.372,Chr8,111.23372,Chr8,110.719344,111.23372,110.719344,0.5143759999999986,True,cis,False,False,False,cis,False,0.1164658634538152,0.0520368718406184,0.3589759573530517,Tier_2_Validate,Adipose,proximal,21816.0,ENSRNOG00000033809,mutL homolog 1,Chr8: 111.233720,7.044,30.6,Chr8: 109.619919,0.588,Chr8,111.23372,Chr8,109.619919,111.23372,109.619919,1.6138010000000094,True,cis,False,False,False,cis,False,0.0681233933161953,0.0521541950113378,0.3420971559146366,Tier_2_Validate,Liver,distal_cis,both,True,True,True,True,True,1.0994250000000108,shared_cis_conserved,0.02373708290115168,0.34637619898149324,49.21903829412207
11478.0,UNCHAR_LOC103692300,LOC103692300,uncharacterized LOC103692300,Chr5: 22.916041,1.115,30.8,Chr5: 22.915517,-0.631,Chr5,22.916041,Chr5,22.915517,22.916041,22.915517,0.0005239999999986,True,cis,False,True,True,cis,False,0.072289156626506,0.1290514421647338,0.270469209576934,Tier_2_Validate,Adipose,promoter,11478.0,UNCHAR_LOC103692300,uncharacterized LOC103692300,Chr5: 22.916041,2.145,22.9,Chr5: 22.915517,-0.752,Chr5,22.916041,Chr5,22.915517,22.916041,22.915517,0.0005239999999986,True,cis,False,True,True,cis,False,0.018637532133676,0.0831443688586545,0.2356236653473157,Tier_2_Validate,Liver,promoter,both,True,True,True,True,True,0.0,shared_cis_conserved,0.06751797190521727,0.24450384633448333,48.973768383077356
4592.0,ENSRNOG00000023576,Ecrg4,ECRG4 augurin precursor,Chr9: 45.992953,5.891,29.7,Chr9: 46.531618,-0.404,Chr9,45.992953,Chr9,46.531618,45.992953,46.531618,0.5386650000000017,True,cis,False,False,False,cis,False,0.0649263721552878,0.0615521855486173,0.3442674951963668,Tier_2_Validate,Adipose,proximal,4592.0,ENSRNOG00000023576,ECRG4 augurin precursor,Chr9: 45.992953,3.034,21.3,Chr9: 45.778455,-0.712,Chr9,45.992953,Chr9,45.778455,45.992953,45.778455,0.2144979999999989,True,cis,False,False,False,cis,False,0.0083547557840617,0.0755857898715041,0.329379190979448,Tier_2_Validate,Liver,proximal,both,True,True,True,True,True,0.7531630000000007,shared_cis_conserved,0.021777775739982047,0.3331557114730277,48.79069980785467
8646.0,UNCHAR_LOC100363423,LOC100363423,uncharacterized LOC100363423,Chr10: 75.508353,0.535,20.0,Chr10: 75.461046,-0.528,Chr10,75.508353,Chr10,75.461046,75.508353,75.461046,0.0473070000000035,True,cis,False,True,True,cis,False,0.0,0.0984240261671127,0.2344484091584894,Tier_2_Validate,Adipose,promoter,8646.0,UNCHAR_LOC100363423,uncharacterized LOC100363423,Chr10: 75.508353,4.0,35.6,Chr10: 75.461046,-0.935,Chr10,75.508353,Chr10,75.461046,75.508353,75.461046,0.0473070000000035,True,cis,False,True,True,cis,False,0.1002570694087403,0.1177248677248677,0.2762936779967628,Tier_2_Validate,Liver,promoter,both,True,True,True,True,True,0.0,shared_cis_conserved,0.08035699412518925,0.2451106188533707,48.69174711987051
20846.0,ENSRNOG00000054549_2,Lss,lanosterol synthase,Chr20: 12.118857,9.873,26.8,Chr20: 11.890295,-0.415,Chr20,12.118857,Chr20,11.890295,12.118857,11.890295,0.2285620000000001,True,cis,False,False,False,cis,False,0.0455153949129852,0.0648230746357418,0.3386184643420545,Tier_2_Validate,Adipose,proximal,20846.0,ENSRNOG00000054549_2,lanosterol synthase,Chr20: 12.118857,9.258,26.0,Chr20: 11.890295,-0.683,Chr20,12.118857,Chr20,11.890295,12.118857,11.890295,0.2285620000000001,True,cis,False,False,False,cis,False,0.0385604113110539,0.0701058201058201,0.3380331809959059,Tier_2_Validate,Liver,proximal,both,True,True,True,True,True,0.0,shared_cis_conserved,0.0008523730338700833,0.3381816327650277,48.619738573682184
30118.0,UNCHAR_Tatdn3,Tatdn3,uncharacterized Tatdn3,Chr13: 102.649048,7.616,60.5,Chr13: 102.773533,0.499,Chr13,102.649048,Chr13,102.773533,102.649048,102.773533,0.124485000000007,True,cis,False,True,False,cis,False,0.2710843373493976,0.0898007731192387,0.3263097886640227,Tier_2_Validate,Adipose,proximal,30118.0,UNCHAR_Tatdn3,uncharacterized Tatdn3,Chr13: 102.649048,6.247,24.6,Chr13: 102.773533,0.578,Chr13,102.649048,Chr13,102.773533,102.649048,102.773533,0.124485000000007,True,cis,False,True,False,cis,False,0.0295629820051414,0.0502645502645502,0.2279396362943921,Tier_2_Validate,Liver,proximal,both,True,True,True,True,True,0.0,shared_cis_conserved,0.17433806401642413,0.2529680195468408,48.54739154656091
19835.0,UNCHAR_LOC120103114,LOC120103114,uncharacterized LOC120103114,Chr5: 112.442855,6.312,46.0,Chr5: 112.457794,-0.421,Chr5,112.442855,Chr5,112.457794,112.442855,112.457794,0.0149390000000124,True,cis,False,True,True,cis,False,0.1740294511378848,0.0666071959559916,0.2842228264828568,Tier_2_Validate,Adipose,promoter,19835.0,UNCHAR_LOC120103114,uncharacterized LOC120103114,Chr5: 112.442855,3.392,20.0,Chr5: 112.457794,-0.619,Chr5,112.442855,Chr5,112.457794,112.442855,112.457794,0.0149390000000124,True,cis,False,True,True,cis,False,0.0,0.0580120937263794,0.2203042328042328,Tier_2_Validate,Liver,promoter,both,True,True,True,True,True,0.0,shared_cis_conserved,0.12422785648472466,0.23659445086510064,48.47391305931427
6530.0,ENSRNOG00000085666,Gtpbp4,GTP binding protein 4,Chr17: 61.308032,8.571,25.5,Chr17: 61.901363,-0.27,Chr17,61.308032,Chr17,61.901363,61.308032,61.901363,0.5933310000000063,True,cis,False,False,False,cis,False,0.036813922356091,0.0217068093963722,0.3204822561133622,Tier_2_Validate,Adipose,proximal,6530.0,ENSRNOG00000085666,GTP binding protein 4,Chr17: 61.308032,7.665,27.2,Chr17: 61.901363,-0.75,Chr17,61.308032,Chr17,61.901363,61.308032,61.901363,0.5933310000000063,True,cis,False,False,False,cis,False,0.0462724935732647,0.082766439909297,0.3451636267188966,Tier_2_Validate,Liver,proximal,both,True,True,True,True,True,0.0,shared_cis_conserved,0.036530039230124385,0.3267439238628211,48.15654506875587
160.0,ENSRNOG00000013975,Acat2l1,acetyl-CoA acetyltransferase 2-like 1,Chr1: 47.803821,6.569,28.2,Chr1: 47.590660,0.319,Chr1,47.803821,Chr1,47.59066,47.803821,47.59066,0.2131609999999995,True,cis,False,False,False,cis,False,0.0548862115127175,0.0362771335117454,0.3319071707585621,Tier_2_Validate,Adipose,proximal,160.0,ENSRNOG00000013975,acetyl-CoA acetyltransferase 2-like 1,Chr1: 47.803821,5.638,27.3,Chr1: 46.405578,0.606,Chr1,47.803821,Chr1,46.405578,47.803821,46.405578,1.3982430000000008,True,cis,False,False,False,cis,False,0.0469151670951156,0.0555555555555555,0.3358647529277349,Tier_2_Validate,Liver,distal_cis,both,True,True,True,True,True,1.1850820000000013,shared_cis_conserved,0.005839106092869889,0.3329111640660874,48.02959011710939
12434.0,UNCHAR_LOC108351105,LOC108351105,uncharacterized LOC108351105,Chr5: 128.430903,5.641,39.5,Chr5: 128.754736,-0.689,Chr5,128.430903,Chr5,128.754736,128.430903,128.754736,0.3238330000000076,True,cis,False,True,True,cis,False,0.1305220883534136,0.1462979482604817,0.2968870128148634,Tier_2_Validate,Adipose,proximal,12434.0,UNCHAR_LOC108351105,uncharacterized LOC108351105,Chr5: 128.430903,0.676,23.7,Chr5: 128.754736,-0.585,Chr5,128.430903,Chr5,128.754736,128.430903,128.754736,0.3238330000000076,True,cis,False,True,True,cis,False,0.0237789203084832,0.0515873015873015,0.2263781776635247,Tier_2_Validate,Liver,proximal,both,True,True,True,True,True,0.0,shared_cis_conserved,0.13222095949687956,0.24433593885010155,47.80048051259453
8773.0,ENSRNOG00000086899,LOC100910628,uncharacterized LOC100910628,Chr17: 27.350546,3.309,26.0,Chr17: 27.877255,0.769,Chr17,27.350546,Chr17,27.877255,27.350546,27.877255,0.5267090000000003,True,cis,False,True,True,cis,False,0.0401606425702811,0.1700862325304787,0.273586406285266,Tier_2_Validate,Adipose,proximal,8773.0,ENSRNOG00000086899,uncharacterized LOC100910628,Chr17: 27.350546,1.243,20.7,Chr17: 27.877255,0.782,Chr17,27.350546,Chr17,27.877255,27.350546,27.877255,0.5267090000000003,True,cis,False,True,True,cis,False,0.0044987146529562,0.0888133030990173,0.2326592062131908,Tier_2_Validate,Liver,proximal,both,True,True,True,True,True,0.0,shared_cis_conserved,0.07927854316088259,0.2430892025891118,47.788456251410636
7145.0,ENSRNOG00000019519,Idnk,"Idnk, gluconokinase",Chr17: 6.490779,5.884,24.6,Chr17: 5.904105,-0.302,Chr17,6.490779,Chr17,5.904105,6.490779,5.904105,0.5866739999999995,True,cis,False,False,False,cis,False,0.0307898259705488,0.031222123104371,0.321704182176222,Tier_2_Validate,Adipose,proximal,7145.0,ENSRNOG00000019519,"Idnk, gluconokinase",Chr17: 6.490779,7.551,20.4,Chr17: 5.904105,-0.411,Chr17,6.490779,Chr17,5.904105,6.490779,5.904105,0.5866739999999995,True,cis,False,False,False,cis,False,0.0025706940874035,0.0187074829931972,0.3074473619782103,Tier_2_Validate,Liver,proximal,both,True,True,True,True,True,0.0,shared_cis_conserved,0.0223058527017607,0.31106733165946765,47.378167287048875
10232.0,UNCHAR_LOC102552179,LOC102552179,uncharacterized LOC102552179,Chr6: 89.523181,8.286,74.5,Chr6: 88.072336,-0.498,Chr6,89.523181,Chr6,88.072336,89.523181,88.072336,1.4508449999999868,True,cis,False,True,True,cis,False,0.3647925033467202,0.0895034195658638,0.3590035730194043,Tier_2_Validate,Adipose,distal_cis,10232.0,UNCHAR_LOC102552179,uncharacterized LOC102552179,Chr6: 89.523181,6.753,23.8,Chr6: 88.072336,-0.622,Chr6,89.523181,Chr6,88.072336,89.523181,88.072336,1.4508449999999868,True,cis,False,True,True,cis,False,0.0244215938303341,0.0585789871504157,0.2290502033432624,Tier_2_Validate,Liver,distal_cis,both,True,True,True,True,True,0.0,shared_cis_conserved,0.21729378663322188,0.2620817802288809,46.85014292077617
13517.0,UNCHAR_LOC120093718,LOC120093718,uncharacterized LOC120093718,Chr7: 127.681794,1.177,23.8,Chr7: 127.401498,0.676,Chr7,127.681794,Chr7,127.401498,127.681794,127.401498,0.2802959999999928,True,cis,False,True,True,cis,False,0.0254350736278447,0.1424323520666072,0.2587535989930581,Tier_2_Validate,Adipose,proximal,13517.0,UNCHAR_LOC120093718,uncharacterized LOC120093718,Chr7: 127.681794,1.456,28.9,Chr7: 127.456612,0.847,Chr7,127.681794,Chr7,127.456612,127.681794,127.456612,0.2251819999999895,True,cis,False,True,True,cis,False,0.05719794344473,0.1010959939531368,0.2554028780892534,Tier_2_Validate,Liver,proximal,both,True,True,True,True,True,0.055114000000003216,shared_cis_conserved,0.00639259658195265,0.25625653980665947,46.73014395972233
17097.0,ENSRNOG00000079330,LOC120098823,uncharacterized LOC120098823,Chr20: 43.333974,1.802,24.6,Chr20: 42.941156,-0.659,Chr20,43.333974,Chr20,42.941156,43.333974,42.941156,0.3928179999999983,True,cis,False,True,True,cis,False,0.0307898259705488,0.1373773416592328,0.2588585086704236,Tier_2_Validate,Adipose,proximal,17097.0,ENSRNOG00000079330,uncharacterized LOC120098823,Chr20: 43.333974,0.964,22.7,Chr20: 42.941156,-0.695,Chr20,43.333974,Chr20,42.941156,43.333974,42.941156,0.3928179999999983,True,cis,False,True,True,cis,False,0.0173521850899742,0.0723733938019652,0.2314039526121788,Tier_2_Validate,Liver,proximal,both,True,True,True,True,True,0.0,shared_cis_conserved,0.05488030420642632,0.2384047923872561,46.64934034681694
12342.0,UNCHAR_LOC108350743,LOC108350743,uncharacterized LOC108350743,Chr4: 143.321780,0.558,33.7,Chr4: 139.912263,-1.128,Chr4,143.32178,Chr4,139.912263,143.32178,139.912263,3.409516999999994,True,cis,False,True,True,cis,False,0.0917001338688085,0.2768361581920903,0.3289877022213146,Tier_2_Validate,Adipose,distal_cis,12342.0,UNCHAR_LOC108350743,uncharacterized LOC108350743,Chr4: 143.321780,0.297,27.9,Chr4: 139.912263,-0.653,Chr4,143.32178,Chr4,139.912263,143.32178,139.912263,3.409516999999994,True,cis,False,True,True,cis,False,0.050771208226221,0.0644368858654573,0.2403228329320874,Tier_2_Validate,Liver,distal_cis,both,True,True,True,True,True,0.0,shared_cis_conserved,0.15305240265611375,0.2628716812610345,46.42450808885258
11086.0,UNCHAR_LOC102556463,LOC102556463,uncharacterized LOC102556463,Chr9: 114.045240,7.941,39.0,Chr9: 113.311047,0.387,Chr9,114.04524,Chr9,113.311047,114.04524,113.311047,0.7341930000000048,True,cis,False,True,True,cis,False,0.1271753681392235,0.0564971751412429,0.2642853901481633,Tier_2_Validate,Adipose,proximal,11086.0,UNCHAR_LOC102556463,uncharacterized LOC102556463,Chr9: 114.045240,5.969,32.7,Chr9: 113.311047,1.02,Chr9,114.04524,Chr9,113.311047,114.04524,113.311047,0.7341930000000048,True,cis,False,True,True,cis,False,0.0816195372750642,0.1337868480725623,0.2753922348716693,Tier_2_Validate,Liver,proximal,both,True,True,True,True,True,0.0,shared_cis_conserved,0.02020610666680355,0.26711261659570684,45.95068939486677
17166.0,UNCHAR_LOC120098896,LOC120098896,uncharacterized LOC120098896,Chr20: 4.865697,7.514,51.6,Chr20: 3.601132,0.619,Chr20,4.865697,Chr20,3.601132,4.865697,3.601132,1.2645649999999995,True,cis,False,True,True,cis,False,0.2115127175368139,0.1254831995242343,0.3179485709713668,Tier_2_Validate,Adipose,distal_cis,17166.0,UNCHAR_LOC120098896,uncharacterized LOC120098896,Chr20: 4.865697,5.25,42.1,Chr20: 3.601132,0.715,Chr20,4.865697,Chr20,3.601132,4.865697,3.601132,1.2645649999999995,True,cis,False,True,True,cis,False,0.1420308483290488,0.0761526832955404,0.2763642360686063,Tier_2_Validate,Liver,distal_cis,both,True,True,True,True,True,0.0,shared_cis_conserved,0.06881259906843226,0.2869323512919675,45.81294283885467
27760.0,UNCHAR_RT1-CE14,RT1-CE14,"RT1 class I, locus CE14",Chr20: 3.300794,8.48,114.4,Chr20: 3.601132,1.384,Chr20,3.300794,Chr20,3.601132,3.300794,3.601132,0.3003380000000004,True,cis,False,False,False,cis,False,0.6318607764390897,0.3529586678560808,0.6446868055033096,Tier_1_HighConfidence,Adipose,proximal,27760.0,UNCHAR_RT1-CE14,"RT1 class I, locus CE14",Chr20: 3.300794,3.081,21.5,Chr20: 3.210100,-1.334,Chr20,3.300794,Chr20,3.2101,3.300794,3.2101,0.0906939999999996,True,cis,False,False,False,cis,False,0.0096401028277634,0.1931216931216931,0.3709666285823098,Tier_2_Validate,Liver,promoter,both,True,True,True,True,False,0.39103200000000005,shared_cis_flip,0.26687394379469337,0.4400638576720464,45.787472220132386
27130.0,UNCHAR_RGD1566099,RGD1566099,uncharacterized RGD1566099,Chr13: 50.418973,5.758,42.5,Chr13: 50.307539,0.369,Chr13,50.418973,Chr13,50.307539,50.418973,50.307539,0.1114340000000027,True,cis,False,True,False,cis,False,0.1506024096385542,0.0511448111804936,0.2706115272866667,Tier_2_Validate,Adipose,proximal,27130.0,UNCHAR_RGD1566099,uncharacterized RGD1566099,Chr13: 50.418973,6.294,29.1,Chr13: 50.307539,0.523,Chr13,50.418973,Chr13,50.307539,50.418973,50.307539,0.1114340000000027,True,cis,False,True,False,cis,False,0.0584832904884318,0.0398715041572184,0.2344241781259776,Tier_2_Validate,Liver,proximal,both,True,True,True,True,True,0.0,shared_cis_conserved,0.07026182608387503,0.24364666998135956,45.669461091466665
27752.0,ENSRNOG00000071249,RT1-A3,"RT1 class I, locus A3",Chr20: 4.847572,10.8,60.7,Chr20: 4.680142,0.635,Chr20,4.847572,Chr20,4.680142,4.847572,4.680142,0.1674300000000004,True,cis,False,False,False,cis,False,0.2724230254350736,0.1302408563782337,0.4409323586346575,Tier_2_Validate,Adipose,proximal,27752.0,ENSRNOG00000071249,"RT1 class I, locus A3",Chr20: 4.847572,8.68,103.4,Chr20: 5.002150,-3.372,Chr20,4.847572,Chr20,5.00215,4.847572,5.00215,0.1545779999999998,True,cis,False,False,False,cis,False,0.5359897172236504,0.5782312925170068,0.6899773534092299,Tier_1_HighConfidence,Liver,proximal,both,True,True,True,True,False,0.3220080000000003,shared_cis_flip,0.21828633076356213,0.5037393231552095,45.599094136369196
17107.0,UNCHAR_LOC120098833,LOC120098833,uncharacterized LOC120098833,Chr20: 3.437372,6.646,23.3,Chr20: 3.601052,0.429,Chr20,3.437372,Chr20,3.601052,3.437372,3.601052,0.1636800000000002,True,cis,False,True,True,cis,False,0.0220883534136546,0.0689860243829913,0.2318760322288261,Tier_2_Validate,Adipose,proximal,17107.0,UNCHAR_LOC120098833,uncharacterized LOC120098833,Chr20: 3.437372,4.008,23.4,Chr20: 0.462329,0.669,Chr20,3.437372,Chr20,0.462329,3.437372,0.462329,2.975043,True,cis,False,True,True,cis,False,0.0218508997429305,0.0674603174603174,0.2312589260211368,Tier_2_Validate,Liver,distal_cis,both,True,True,True,True,True,3.138723,shared_cis_conserved,0.0013042921410243622,0.23141646330341165,44.42004128915305
8910.0,UNCHAR_LOC100912622,LOC100912622,uncharacterized LOC100912622,Chr2: 223.868545,7.371,33.6,Chr2: 223.720312,-0.284,Chr2,223.868545,Chr2,223.720312,223.868545,223.720312,0.1482330000000047,True,cis,False,True,True,cis,False,0.0910307898259705,0.0258697591436217,0.2409151921393573,Tier_2_Validate,Adipose,proximal,8910.0,UNCHAR_LOC100912622,uncharacterized LOC100912622,Chr2: 223.868545,6.045,29.2,Chr2: 223.720312,-0.654,Chr2,223.868545,Chr2,223.720312,223.868545,223.720312,0.1482330000000047,True,cis,False,True,True,cis,False,0.0591259640102827,0.064625850340136,0.2433131350226466,Tier_2_Validate,Liver,proximal,both,True,True,True,True,True,0.0,shared_cis_conserved,0.004851892842846426,0.24152680759228676,44.152525400905866
15904.0,UNCHAR_LOC120097083,LOC120097083,uncharacterized LOC120097083,Chr15: 96.239365,2.353,21.5,Chr15: 96.098863,0.492,Chr15,96.239365,Chr15,96.098863,96.239365,96.098863,0.1405020000000121,True,cis,False,True,True,cis,False,0.0100401606425702,0.087719298245614,0.2342158106108645,Tier_2_Validate,Adipose,proximal,15904.0,UNCHAR_LOC120097083,uncharacterized LOC120097083,Chr15: 96.239365,0.214,23.7,Chr15: 95.608069,0.352,Chr15,96.239365,Chr15,95.608069,96.239365,95.608069,0.6312960000000061,True,cis,False,True,True,cis,False,0.0237789203084832,0.0075585789871504,0.2109681247534718,Tier_2_Validate,Liver,proximal,both,True,True,True,True,True,0.49079399999999396,shared_cis_conserved,0.05107316856159454,0.21690772913922396,44.12863242443458
1686.0,ENSRNOG00000002811,Brinp3,BMP/retinoic acid inducible neural specific 3,Chr13: 58.413882,1.393,98.0,Chr13: 58.873433,1.827,Chr13,58.413882,Chr13,58.873433,58.413882,58.873433,0.4595509999999976,True,cis,False,False,False,cis,False,0.5220883534136546,0.4846862920011894,0.6523711258951953,Tier_1_HighConfidence,Adipose,proximal,1686.0,ENSRNOG00000002811,BMP/retinoic acid inducible neural specific 3,Chr13: 58.413882,0.612,24.9,Chr13: 58.873380,-0.557,Chr13,58.413882,Chr13,58.87338,58.413882,58.87338,0.4594979999999964,True,cis,False,False,False,cis,False,0.031491002570694,0.0462962962962963,0.3272255546034466,Tier_2_Validate,Liver,proximal,both,True,True,True,True,False,5.300000000119098e-05,shared_cis_flip,0.3285637246963208,0.4093333567381246,44.09484503580781
2124.0,UNCHAR_Cbr1l1,Cbr1l1,carbonyl reductase 1 like 1,Chr11: 32.876562,8.75,70.3,Chr11: 34.213273,-1.69,Chr11,32.876562,Chr11,34.213273,32.876562,34.213273,1.336711000000001,True,cis,False,False,False,cis,False,0.3366800535475234,0.4439488551888195,0.57322011805772,Tier_1_HighConfidence,Adipose,distal_cis,2124.0,UNCHAR_Cbr1l1,carbonyl reductase 1 like 1,Chr11: 32.876562,2.168,56.9,Chr11: 32.836831,2.322,Chr11,32.876562,Chr11,32.836831,32.876562,32.836831,0.0397310000000032,True,cis,False,False,False,cis,False,0.237146529562982,0.3798185941043084,0.5159377932835516,Tier_1_HighConfidence,Liver,promoter,both,True,True,True,True,False,1.3764420000000044,shared_cis_flip,0.052114736366013485,0.5303886613180087,42.9288047223088
27757.0,UNCHAR_RT1-CE11,RT1-CE11,"RT1 class I, locus CE11",Chr20: 3.358519,7.381,87.7,Chr20: 5.002150,1.746,Chr20,3.358519,Chr20,5.00215,3.358519,5.00215,1.6436310000000005,True,cis,False,False,False,cis,False,0.4531459170013387,0.4606006541778174,0.6198112999127046,Tier_1_HighConfidence,Adipose,distal_cis,27757.0,UNCHAR_RT1-CE11,"RT1 class I, locus CE11",Chr20: 3.358519,3.251,31.6,Chr20: 3.210100,-0.955,Chr20,3.358519,Chr20,3.2101,3.358519,3.2101,0.1484189999999996,True,cis,False,False,False,cis,False,0.0745501285347043,0.1215041572184429,0.3686190000136016,Tier_2_Validate,Liver,proximal,both,True,True,True,True,False,1.7920500000000001,shared_cis_flip,0.25158721637118125,0.43204604302930527,42.792451996508184
,,LOC102549024,,,,,,,,,,,,,,,,,,,,,,,,,,,9533.0,ENSRNOG00000076275,uncharacterized LOC102549024,Chr4: 175.285951,4.97,157.8,Chr4: 175.154923,-5.604,Chr4,175.285951,Chr4,175.154923,175.285951,175.154923,0.1310280000000148,True,cis,False,True,True,cis,False,0.88560411311054,1.0,0.859961439588689,Tier_2_Validate,Liver,proximal,right_only,False,True,False,False,False,,tissue_specific,,,42.39845758354756
30910.0,ENSRNOG00000016782,Tnfrsf8,TNF receptor superfamily member 8,Chr5: 157.168420,4.272,137.1,Chr5: 157.431322,2.776,Chr5,157.16842,Chr5,157.431322,157.16842,157.431322,0.2629019999999968,True,cis,False,False,False,cis,False,0.7838018741633199,0.766874814154029,0.842736840911072,Tier_1_HighConfidence,Adipose,proximal,,,,,,,,,,,,,,,,,,,,,,,,,,,,,left_only,True,False,False,False,False,,tissue_specific,,,41.70947363644288
4233.0,ENSRNOG00000055934,Dmkn,dermokine,Chr1: 86.013236,3.163,123.7,Chr1: 86.021287,-2.535,Chr1,86.013236,Chr1,86.021287,86.013236,86.021287,0.0080509999999947,True,cis,False,False,False,cis,False,0.6941097724230254,0.6952126077906631,0.7862628330747908,Tier_1_HighConfidence,Adipose,promoter,,,,,,,,,,,,,,,,,,,,,,,,,,,,,left_only,True,False,False,False,False,,tissue_specific,,,41.45051332299163
2125.0,ENSRNOG00000049693,Cbr1l2,carbonyl reductase 1 like 2,Chr11: 32.892639,9.084,49.3,Chr11: 33.102109,-2.285,Chr11,32.892639,Chr11,33.102109,32.892639,33.102109,0.209469999999996,True,cis,False,False,False,cis,False,0.1961178045515394,0.6208742194469224,0.5859472083994616,Tier_1_HighConfidence,Adipose,proximal,2125.0,ENSRNOG00000049693,carbonyl reductase 1 like 2,Chr11: 32.892639,2.918,30.5,Chr11: 33.102109,1.389,Chr11,32.892639,Chr11,33.102109,32.892639,33.102109,0.209469999999996,True,cis,False,False,False,cis,False,0.0674807197943444,0.2035147392290249,0.3948484106581793,Tier_2_Validate,Liver,proximal,both,True,True,True,True,False,0.0,shared_cis_flip,0.19287408428696817,0.4431052953042173,41.437888335978464
,,P2rx5,,,,,,,,,,,,,,,,,,,,,,,,,,,24601.0,ENSRNOG00000019208,purinergic receptor P2X 5,Chr10: 57.777736,2.808,144.7,Chr10: 56.935705,-3.735,Chr10,57.777736,Chr10,56.935705,57.777736,56.935705,0.8420309999999986,True,cis,False,False,False,cis,False,0.8014138817480719,0.6468253968253969,0.806883747500714,Tier_1_HighConfidence,Liver,proximal,right_only,False,True,False,False,False,,tissue_specific,,,40.27534990002856
4477.0,ENSRNOG00000018005,Duoxa1,dual oxidase maturation factor 1,Chr3: 109.260510,6.692,20.8,Chr3: 109.270516,0.348,Chr3,109.26051,Chr3,109.270516,109.26051,109.270516,0.0100060000000041,True,cis,False,False,False,cis,False,0.0053547523427041,0.0449003865596193,0.3175892986158132,Tier_2_Validate,Adipose,promoter,4477.0,ENSRNOG00000018005,dual oxidase maturation factor 1,Chr3: 109.260510,3.961,72.9,Chr3: 109.271062,-1.548,Chr3,109.26051,Chr3,109.271062,109.26051,109.271062,0.0105520000000041,True,cis,False,False,False,cis,False,0.339974293059126,0.2335600907029478,0.5007370343167258,Tier_1_HighConfidence,Liver,promoter,both,True,True,True,True,False,0.0005459999999999354,shared_cis_flip,0.2211057748852572,0.3639289969782545,40.02948137266903
,,Clca2,,,,,,,,,,,,,,,,,,,,,,,,,,,2985.0,ENSRNOG00000013334_2,chloride channel accessory 5,Chr2: 234.022690,5.97,118.8,Chr2: 234.106103,3.703,Chr2,234.02269,Chr2,234.106103,234.02269,234.106103,0.0834129999999788,True,cis,False,False,False,cis,False,0.634961439588689,0.6407785336356765,0.7465089906285278,Tier_1_HighConfidence,Liver,promoter,right_only,False,True,False,False,False,,tissue_specific,,,39.860359625141115
,,Ugt2b,,,,,,,,,,,,,,,,,,,,,,,,,,,32319.0,ENSRNOG00000069670,UDP-glucuronosyltransferase 2B2,Chr14: 20.630571,13.311,109.5,Chr14: 19.903596,-4.76,Chr14,20.630571,Chr14,19.903596,20.630571,19.903596,0.7269749999999995,True,cis,False,False,False,cis,False,0.5751928020565553,0.8405139833711261,0.7954973748996884,Tier_1_HighConfidence,Liver,proximal,right_only,False,True,False,False,False,,tissue_specific,,,39.81989499598754
1571.0,ENSRNOG00000032461,Bin2a,beta-galactosidase-like protein,Chr8: 25.287172,5.965,116.9,Chr8: 25.570084,-2.755,Chr8,25.287172,Chr8,25.570084,25.287172,25.570084,0.2829119999999996,True,cis,False,False,False,cis,False,0.6485943775100401,0.7606303895331549,0.7932286684651182,Tier_1_HighConfidence,Adipose,proximal,,,,,,,,,,,,,,,,,,,,,,,,,,,,,left_only,True,False,False,False,False,,tissue_specific,,,39.729146738604726
,,LOC102549099,,,,,,,,,,,,,,,,,,,,,,,,,,,9548.0,ENSRNOG00000066208,uncharacterized LOC102549099,Chr15: 51.192637,5.191,149.9,Chr15: 50.896269,-4.676,Chr15,51.192637,Chr15,50.896269,51.192637,50.896269,0.2963680000000011,True,cis,False,True,True,cis,False,0.8348329048843188,0.8246409674981103,0.7808158553338501,Tier_2_Validate,Liver,proximal,right_only,False,True,False,False,False,,tissue_specific,,,39.232634213354004
27755.0,ENSRNOG00000071235,RT1-CE1,"RT1 class I, locus1",Chr20: 3.559486,9.461,81.1,Chr20: 4.679209,1.009,Chr20,3.559486,Chr20,4.679209,3.559486,4.679209,1.119723,True,cis,False,False,False,cis,False,0.4089692101740294,0.2414510853404697,0.5276471034300747,Tier_1_HighConfidence,Adipose,distal_cis,27755.0,ENSRNOG00000071235,"RT1 class I, locus1",Chr20: 3.559486,5.275,23.5,Chr20: 2.687516,-0.737,Chr20,3.559486,Chr20,2.687516,3.559486,2.687516,0.8719700000000001,True,cis,False,False,False,cis,False,0.0224935732647814,0.0803099017384731,0.3359812162511391,Tier_2_Validate,Liver,proximal,both,True,True,True,True,False,1.9916930000000002,shared_cis_flip,0.21939065259339846,0.3844461646773565,39.10588413720299
27967.0,ENSRNOG00000021015,Sbsn,suprabasin,Chr1: 85.978969,6.511,133.5,Chr1: 86.021287,-1.705,Chr1,85.978969,Chr1,86.021287,85.978969,86.021287,0.0423179999999945,True,cis,False,False,False,cis,False,0.7597054886211513,0.4484091584894439,0.7228401264887082,Tier_1_HighConfidence,Adipose,promoter,,,,,,,,,,,,,,,,,,,,,,,,,,,,,left_only,True,False,False,False,False,,tissue_specific,,,38.91360505954833
29647.0,ENSRNOG00000007332,Sstr3,somatostatin receptor 3,Chr7: 110.108921,3.568,31.1,Chr7: 109.614783,0.892,Chr7,110.108921,Chr7,109.614783,110.108921,109.614783,0.4941379999999924,True,cis,False,False,False,cis,False,0.07429718875502,0.2066607195955991,0.3983352679227168,Tier_2_Validate,Adipose,proximal,29647.0,ENSRNOG00000007332,somatostatin receptor 3,Chr7: 110.108921,2.995,54.5,Chr7: 110.115189,-1.52,Chr7,110.108921,Chr7,110.115189,110.108921,110.115189,0.0062680000000057,True,cis,False,False,False,cis,False,0.2217223650385604,0.2282690854119425,0.457497007657676,Tier_2_Validate,Liver,promoter,both,True,True,True,True,False,0.5004059999999981,shared_cis_flip,0.06832933052224387,0.4132965261827622,38.29988030630704
2192.0,ENSRNOG00000063478,Ccdc168,coiled-coil domain containing 168,Chr9: 46.236324,3.058,71.4,Chr9: 46.531618,0.98,Chr9,46.236324,Chr9,46.531618,46.236324,46.531618,0.2952939999999984,True,cis,False,False,False,cis,False,0.3440428380187416,0.2328278322925958,0.5019047346089681,Tier_1_HighConfidence,Adipose,proximal,2192.0,ENSRNOG00000063478,coiled-coil domain containing 168,Chr9: 46.236324,1.054,22.8,Chr9: 45.778455,-0.66,Chr9,46.236324,Chr9,45.778455,46.236324,45.778455,0.4578690000000023,True,cis,False,False,False,cis,False,0.0179948586118251,0.0657596371882086,0.3293140735300118,Tier_2_Validate,Liver,proximal,both,True,True,True,True,False,0.7531630000000007,shared_cis_flip,0.2051673826228124,0.3729746572563079,38.07618938435873
32480.0,ENSRNOG00000038512,Uts2b,urotensin 2B,Chr11: 73.424384,2.529,121.1,Chr11: 73.579584,2.181,Chr11,73.424384,Chr11,73.579584,73.424384,73.579584,0.1551999999999935,True,cis,False,False,False,cis,False,0.6767068273092369,0.5899494498959262,0.7433296970218071,Tier_1_HighConfidence,Adipose,proximal,,,,,,,,,,,,,,,,,,,,,,,,,,,,,left_only,True,False,False,False,False,,tissue_specific,,,37.73318788087228
3778.0,ENSRNOG00000084482,Cyp2d1,"cytochrome P450, family 2, subfamily d, polypeptide 1",Chr7: 113.913419,5.487,106.1,Chr7: 113.822112,1.921,Chr7,113.913419,Chr7,113.822112,113.913419,113.822112,0.0913070000000004,True,cis,False,False,False,cis,False,0.5763052208835341,0.5126375260184359,0.6811299614156894,Tier_1_HighConfidence,Adipose,promoter,,,,,,,,,,,,,,,,,,,,,,,,,,,,,left_only,True,False,False,False,False,,tissue_specific,,,37.24519845662758
,,Igfn1,,,,,,,,,,,,,,,,,,,,,,,,,,,7236.0,ENSRNOG00000026087,immunoglobulin-like and fibronectin type III domain containing 1,Chr13: 47.427505,3.315,92.6,Chr13: 47.430013,3.601,Chr13,47.427505,Chr13,47.430013,47.427505,47.430013,0.0025080000000059,True,cis,False,False,False,cis,False,0.4665809768637532,0.621504157218443,0.6808297969287685,Tier_1_HighConfidence,Liver,promoter,right_only,False,True,False,False,False,,tissue_specific,,,37.233191877150745
31075.0,ENSRNOG00000021091,Trank1,tetratricopeptide repeat and ankyrin repeat containing 1,Chr8: 111.275972,5.425,61.8,Chr8: 110.719344,-0.934,Chr8,111.275972,Chr8,110.719344,111.275972,110.719344,0.5566279999999892,True,cis,False,False,False,cis,False,0.2797858099062918,0.2191495688373476,0.4746273825602738,Tier_2_Validate,Adipose,proximal,31075.0,ENSRNOG00000021091,tetratricopeptide repeat and ankyrin repeat containing 1,Chr8: 111.275972,2.377,29.6,Chr8: 110.715683,1.108,Chr8,111.275972,Chr8,110.715683,111.275972,110.715683,0.5602889999999974,True,cis,False,False,False,cis,False,0.0616966580976863,0.1504157218442932,0.3742393329796929,Tier_2_Validate,Liver,proximal,both,True,True,True,True,False,0.00366100000000813,shared_cis_flip,0.11688431716377232,0.39962855616774756,36.985095302410954
33610.0,ENSRNOG00000057989,Zp2,zona pellucida glycoprotein 2,Chr1: 174.525287,2.044,45.4,Chr1: 174.151110,-1.158,Chr1,174.525287,Chr1,174.15111,174.525287,174.15111,0.3741770000000031,True,cis,False,False,False,cis,False,0.1700133868808567,0.2857567647933392,0.4595195530859686,Tier_2_Validate,Adipose,proximal,33610.0,ENSRNOG00000057989,zona pellucida glycoprotein 2,Chr1: 174.525287,0.403,46.6,Chr1: 175.800813,0.849,Chr1,174.525287,Chr1,175.800813,174.525287,175.800813,1.2755260000000137,True,cis,False,False,False,cis,False,0.1709511568123393,0.1014739229024943,0.3953487779001917,Tier_2_Validate,Liver,distal_cis,both,True,True,True,True,False,1.6497030000000166,shared_cis_flip,0.07419716144838674,0.41157696460025683,36.38078212343874
,,Mlc1,,,,,,,,,,,,,,,,,,,,,,,,,,,21812.0,ENSRNOG00000032871,modulator of VRAC current 1,Chr7: 120.067048,8.928,98.3,Chr7: 120.051699,-3.077,Chr7,120.067048,Chr7,120.051699,120.067048,120.051699,0.0153490000000005,True,cis,False,False,False,cis,False,0.5032133676092545,0.5224867724867726,0.6589950490336094,Tier_1_HighConfidence,Liver,promoter,right_only,False,True,False,False,False,,tissue_specific,,,36.359801961344374
,,Mpped1,,,,,,,,,,,,,,,,,,,,,,,,,,,21945.0,ENSRNOG00000010834,metallophosphoesterase domain containing 1,Chr7: 114.932220,1.938,122.3,Chr7: 114.967349,-2.242,Chr7,114.93222,Chr7,114.967349,114.93222,114.967349,0.0351289999999977,True,cis,False,False,False,cis,False,0.6574550128534704,0.3647014361300075,0.6577547571442173,Tier_1_HighConfidence,Liver,promoter,right_only,False,True,False,False,False,,tissue_specific,,,36.31019028576869
4273.0,ENSRNOG00000015581,Dnah6,"dynein, axonemal, heavy chain 6",Chr4: 105.284360,5.661,45.1,Chr4: 105.344429,-0.623,Chr4,105.28436,Chr4,105.344429,105.28436,105.344429,0.0600689999999985,True,cis,False,False,False,cis,False,0.1680053547523427,0.1266726137377341,0.4031372889715269,Tier_2_Validate,Adipose,promoter,4273.0,ENSRNOG00000015581,"dynein, axonemal, heavy chain 6",Chr4: 105.284360,3.792,20.3,Chr4: 104.785882,0.706,Chr4,105.28436,Chr4,104.785882,105.28436,104.785882,0.4984780000000057,True,cis,False,False,False,cis,False,0.0019280205655527,0.0744520030234315,0.3267330082561445,Tier_2_Validate,Liver,proximal,both,True,True,True,True,False,0.5585470000000043,shared_cis_flip,0.10326712803808022,0.3460922462550853,36.12549155886107
,,Acnat2,,,,,,,,,,,,,,,,,,,,,,,,,,,184.0,ENSRNOG00000051912,acyl-coenzyme A amino acid N-acyltransferase 2,Chr5: 63.757520,11.525,128.0,Chr5: 63.700422,-1.972,Chr5,63.75752,Chr5,63.700422,63.75752,63.700422,0.0570979999999963,True,cis,False,False,False,cis,False,0.6940874035989717,0.3136810279667422,0.6527189510479998,Tier_1_HighConfidence,Liver,promoter,right_only,False,True,False,False,False,,tissue_specific,,,36.10875804191999
27777.0,ENSRNOG00000031065,RT1-M1-2,"RT1 class I, locus M1, gene 2",Chr20: 1.913422,2.284,117.9,Chr20: 2.050222,-1.783,Chr20,1.913422,Chr20,2.050222,1.913422,2.050222,0.1368000000000002,True,cis,False,False,False,cis,False,0.6552878179384204,0.471602735652691,0.6944116937568889,Tier_1_HighConfidence,Adipose,proximal,,,,,,,,,,,,,,,,,,,,,,,,,,,,,left_only,True,False,False,False,False,,tissue_specific,,,35.77646775027556
25206.0,ENSRNOG00000085391,Pilrb2,paired immunoglobin like type 2 receptor beta 2,Chr12: 17.779526,2.954,33.7,Chr12: 19.032032,0.744,Chr12,17.779526,Chr12,19.032032,17.779526,19.032032,1.2525060000000003,True,cis,False,False,False,cis,False,0.0917001338688085,0.1626523936961046,0.3890233846477196,Tier_2_Validate,Adipose,distal_cis,25206.0,ENSRNOG00000085391,paired immunoglobin like type 2 receptor beta 2,Chr12: 17.779526,1.254,26.1,Chr12: 17.789478,-0.836,Chr12,17.779526,Chr12,17.789478,17.779526,17.789478,0.0099519999999984,True,cis,False,False,False,cis,False,0.0392030848329049,0.0990173847316704,0.3483771643476013,Tier_2_Validate,Liver,promoter,both,True,True,True,True,False,1.242554000000002,shared_cis_flip,0.05438344988474546,0.3586746780473427,35.560935385908785
6093.0,ENSRNOG00000007561,Glb1l2,"galactosidase, beta 1-like 2",Chr8: 25.166842,2.038,43.6,Chr8: 25.570084,-0.976,Chr8,25.166842,Chr8,25.570084,25.166842,25.570084,0.4032420000000023,True,cis,False,False,False,cis,False,0.1579651941097724,0.231638418079096,0.436361264266104,Tier_2_Validate,Adipose,proximal,6093.0,ENSRNOG00000007561,"galactosidase, beta 1-like 2",Chr8: 25.166842,4.346,32.4,Chr8: 25.570084,1.062,Chr8,25.166842,Chr8,25.570084,25.166842,25.570084,0.4032420000000023,True,cis,False,False,False,cis,False,0.0796915167095115,0.1417233560090703,0.3774952054515036,Tier_2_Validate,Liver,proximal,both,True,True,True,True,False,0.0,shared_cis_flip,0.07145183776341264,0.3923903497495623,35.454450570644156
27761.0,UNCHAR_RT1-CE15,RT1-CE15,"RT1 class I, locus CE15",Chr20: 3.279073,8.382,57.1,Chr20: 4.680142,0.672,Chr20,3.279073,Chr20,4.680142,3.279073,4.680142,1.401069,True,cis,False,False,False,cis,False,0.2483266398929049,0.1412429378531073,0.4363493522111042,Tier_2_Validate,Adipose,distal_cis,27761.0,UNCHAR_RT1-CE15,"RT1 class I, locus CE15",Chr20: 3.279073,4.504,25.7,Chr20: 3.601052,-1.663,Chr20,3.279073,Chr20,3.601052,3.279073,3.601052,0.3219790000000002,True,cis,False,False,False,cis,False,0.0366323907455012,0.2552910052910053,0.4021731886127773,Tier_2_Validate,Liver,proximal,both,True,True,True,True,False,1.0790899999999999,shared_cis_flip,0.04027726071383235,0.4108179226641436,35.45397408844417
582.0,ENSRNOG00000002911,Alb,albumin,Chr14: 17.622813,12.699,100.8,Chr14: 17.532589,-1.495,Chr14,17.622813,Chr14,17.532589,17.622813,17.532589,0.0902239999999992,True,cis,False,False,False,cis,False,0.5408299866131191,0.3859649122807018,0.6243782146128373,Tier_1_HighConfidence,Adipose,promoter,,,,,,,,,,,,,,,,,,,,,,,,,,,,,left_only,True,False,False,False,False,,tissue_specific,,,34.97512858451349
2123.0,UNCHAR_Cbr1,Cbr1,carbonyl reductase 1,Chr11: 32.860570,8.296,96.1,Chr11: 32.836831,1.575,Chr11,32.86057,Chr11,32.836831,32.86057,32.836831,0.0237390000000061,True,cis,False,False,False,cis,False,0.5093708165997322,0.4097531965506987,0.6216934046026508,Tier_1_HighConfidence,Adipose,promoter,,,,,,,,,,,,,,,,,,,,,,,,,,,,,left_only,True,False,False,False,False,,tissue_specific,,,34.86773618410603
24921.0,ENSRNOG00000010280,Pde8b,phosphodiesterase 8B,Chr2: 26.479724,4.248,21.1,Chr2: 26.401987,-0.507,Chr2,26.479724,Chr2,26.401987,26.479724,26.401987,0.0777370000000026,True,cis,False,False,False,cis,False,0.0073627844712182,0.0921796015462384,0.3348398351061098,Tier_2_Validate,Adipose,promoter,24921.0,ENSRNOG00000010280,phosphodiesterase 8B,Chr2: 26.479724,6.213,32.7,Chr2: 26.715322,0.895,Chr2,26.479724,Chr2,26.715322,26.479724,26.715322,0.2355979999999995,True,cis,False,False,False,cis,False,0.0816195372750642,0.1101662887377173,0.3671250391044736,Tier_2_Validate,Liver,proximal,both,True,True,True,True,False,0.31333500000000214,shared_cis_flip,0.04534662476735407,0.34302450266761914,34.68500156417895
28236.0,ENSRNOG00000034229,Serpinb1b,"serine (or cysteine) peptidase inhibitor, clade B, member 1b",Chr17: 31.329150,6.036,85.1,Chr17: 31.438420,2.168,Chr17,31.32915,Chr17,31.43842,31.32915,31.43842,0.1092700000000022,True,cis,False,False,False,cis,False,0.4357429718875501,0.5860838537020517,0.6576393889563605,Tier_1_HighConfidence,Adipose,proximal,,,,,,,,,,,,,,,,,,,,,,,,,,,,,left_only,True,False,False,False,False,,tissue_specific,,,34.30557555825442
9804.0,UNCHAR_LOC102550304,LOC102550304,uncharacterized LOC102550304,Chr3: 131.526273,5.52,63.9,Chr3: 131.462440,0.678,Chr3,131.526273,Chr3,131.46244,131.526273,131.46244,0.0638330000000166,True,cis,False,True,True,cis,False,0.2938420348058902,0.1430270591733571,0.3529041828927365,Tier_2_Validate,Adipose,promoter,9804.0,UNCHAR_LOC102550304,uncharacterized LOC102550304,Chr3: 131.526273,3.713,63.0,Chr3: 132.076729,-1.203,Chr3,131.526273,Chr3,132.076729,131.526273,132.076729,0.550455999999997,True,cis,False,True,True,cis,False,0.2763496143958869,0.1683673469387755,0.3556509364671318,Tier_2_Validate,Liver,proximal,both,True,True,True,True,False,0.6142890000000136,shared_cis_flip,0.003822606645461341,0.3536004278029489,34.22603745868527
15185.0,ENSRNOG00000057229,LOC120096108,"small nucleolar RNA, H/ACA box 15B-2",Chr12: 26.875890,3.185,96.1,Chr12: 27.015140,-1.868,Chr12,26.87589,Chr12,27.01514,26.87589,27.01514,0.1392500000000005,True,cis,False,False,True,cis,False,0.5093708165997322,0.4968777876895629,0.6521870115012532,Tier_2_Validate,Adipose,proximal,,,,,,,,,,,,,,,,,,,,,,,,,,,,,left_only,True,False,False,False,False,,tissue_specific,,,34.08748046005013
17050.0,UNCHAR_LOC120098766,LOC120098766,histocompatibility antigen 60b-like,Chr1: 1.517225,1.903,75.2,Chr1: 1.137347,2.319,Chr1,1.517225,Chr1,1.137347,1.517225,1.137347,0.3798779999999999,True,cis,False,False,True,cis,False,0.3694779116465863,0.6309842402616711,0.65016175316789,Tier_2_Validate,Adipose,proximal,,,,,,,,,,,,,,,,,,,,,,,,,,,,,left_only,True,False,False,False,False,,tissue_specific,,,34.0064701267156
4475.0,ENSRNOG00000033348,Duox1,dual oxidase 1,Chr3: 109.260525,8.468,27.2,Chr3: 109.271062,0.443,Chr3,109.260525,Chr3,109.271062,109.260525,109.271062,0.0105369999999993,True,cis,False,False,False,cis,False,0.0481927710843373,0.0731489741302408,0.3424696108251024,Tier_2_Validate,Adipose,promoter,4475.0,ENSRNOG00000033348,dual oxidase 1,Chr3: 109.260525,3.144,24.8,Chr3: 109.952427,-0.899,Chr3,109.260525,Chr3,109.952427,109.260525,109.952427,0.6919019999999989,True,cis,False,False,False,cis,False,0.0308483290488431,0.1109221466364323,0.3496196664898464,Tier_2_Validate,Liver,proximal,both,True,True,True,True,False,0.6813649999999996,shared_cis_flip,0.010183969326648102,0.344282584664605,33.98478665959385
1192.0,ENSRNOG00000060105,Astn2,astrotactin 2,Chr5: 79.744020,7.583,25.4,Chr5: 79.284713,-0.315,Chr5,79.74402,Chr5,79.284713,79.74402,79.284713,0.4593070000000097,True,cis,False,False,False,cis,False,0.036144578313253,0.0350877192982456,0.3249313041640245,Tier_2_Validate,Adipose,proximal,1192.0,ENSRNOG00000060105,astrotactin 2,Chr5: 79.744020,3.021,40.6,Chr5: 79.948056,1.108,Chr5,79.74402,Chr5,79.948056,79.74402,79.948056,0.2040359999999879,True,cis,False,False,False,cis,False,0.1323907455012853,0.1504157218442932,0.3989822635709524,Tier_2_Validate,Liver,proximal,both,True,True,True,True,False,0.6633429999999976,shared_cis_flip,0.10089874702203136,0.34369629088331155,33.9592905428381
1921.0,ENSRNOG00000060407,Cacna1i,calcium voltage-gated channel subunit alpha1 I,Chr7: 111.835995,4.152,80.8,Chr7: 111.740041,-1.607,Chr7,111.835995,Chr7,111.740041,111.835995,111.740041,0.0959539999999918,True,cis,False,False,False,cis,False,0.4069611780455153,0.4192685102586975,0.5891803909064744,Tier_1_HighConfidence,Adipose,promoter,,,,,,,,,,,,,,,,,,,,,,,,,,,,,left_only,True,False,False,False,False,,tissue_specific,,,33.56721563625898
,,Adh6,,,,,,,,,,,,,,,,,,,,,,,,,,,392.0,ENSRNOG00000069176,alcohol dehydrogenase 6 (class V),Chr2: 226.903207,10.578,80.4,Chr2: 227.302230,-3.378,Chr2,226.903207,Chr2,227.30223,226.903207,227.30223,0.3990229999999997,True,cis,False,False,False,cis,False,0.3881748071979435,0.5793650793650794,0.6386389602970579,Tier_1_HighConfidence,Liver,proximal,right_only,False,True,False,False,False,,tissue_specific,,,33.54555841188232
28727.0,ENSRNOG00000018649,Slc35c2,solute carrier family 35 member C2,Chr3: 154.023548,8.791,20.0,Chr3: 153.986705,-0.241,Chr3,154.023548,Chr3,153.986705,154.023548,153.986705,0.0368430000000046,True,cis,False,False,False,cis,False,0.0,0.0130835563484983,0.3045792447219744,Tier_2_Validate,Adipose,promoter,28727.0,ENSRNOG00000018649,solute carrier family 35 member C2,Chr3: 154.023548,10.332,26.7,Chr3: 155.248247,0.662,Chr3,154.023548,Chr3,155.248247,154.023548,155.248247,1.2246989999999869,True,cis,False,False,False,cis,False,0.0430591259640102,0.0661375661375661,0.3382188422355517,Tier_2_Validate,Liver,distal_cis,both,True,True,True,True,False,1.2615419999999915,shared_cis_flip,0.051531397204854335,0.3131179725933808,33.52875368942207
,,Acnat1,,,,,,,,,,,,,,,,,,,,,,,,,,,183.0,ENSRNOG00000065119,acyl-coenzyme A amino acid N-acyltransferase 1,Chr5: 63.801600,8.639,90.5,Chr5: 63.700422,3.022,Chr5,63.8016,Chr5,63.700422,63.8016,63.700422,0.1011779999999973,True,cis,False,False,False,cis,False,0.4530848329048843,0.5120937263794407,0.6378124957495137,Tier_1_HighConfidence,Liver,proximal,right_only,False,True,False,False,False,,tissue_specific,,,33.51249982998055
,,Tnfrsf11a,,,,,,,,,,,,,,,,,,,,,,,,,,,30894.0,ENSRNOG00000002882_1,zinc finger CCHC-type containing 2,Chr13: 21.928369,3.846,94.3,Chr13: 21.879457,-2.089,Chr13,21.928369,Chr13,21.879457,21.928369,21.879457,0.0489120000000014,True,cis,False,False,False,cis,False,0.4775064267352185,0.3357898715041572,0.5846537043837814,Tier_1_HighConfidence,Liver,promoter,right_only,False,True,False,False,False,,tissue_specific,,,33.38614817535125
32521.0,UNCHAR_Vdac1-ps11,Vdac1-ps11,"voltage-dependent anion channel 1, pseudogene 11",Chr18: 50.003240,5.071,40.4,Chr18: 49.764351,1.02,Chr18,50.00324,Chr18,49.764351,50.00324,49.764351,0.2388890000000003,True,cis,True,False,False,cis,False,0.1365461847389558,0.2447219744275943,0.3334438557082926,Tier_2_Validate,Adipose,proximal,32521.0,UNCHAR_Vdac1-ps11,"voltage-dependent anion channel 1, pseudogene 11",Chr18: 50.003240,6.455,21.2,Chr18: 49.989962,-0.927,Chr18,50.00324,Chr18,49.989962,50.00324,49.989962,0.0132779999999996,True,cis,True,False,False,cis,False,0.0077120822622107,0.1162131519274376,0.2433738319663769,Tier_2_Validate,Liver,promoter,both,True,True,True,True,False,0.22561100000000067,shared_cis_flip,0.15348893810414643,0.2662750602471162,33.337754228331704
13942.0,UNCHAR_LOC120094326,LOC120094326,uncharacterized LOC120094326,Chr8: 32.866229,3.861,85.5,Chr8: 32.952038,2.383,Chr8,32.866229,Chr8,32.952038,32.866229,32.952038,0.0858090000000046,True,cis,False,True,True,cis,False,0.4384203480589022,0.6500148676776687,0.5809523255077997,Tier_2_Validate,Adipose,promoter,,,,,,,,,,,,,,,,,,,,,,,,,,,,,left_only,True,False,False,False,False,,tissue_specific,,,33.23809302031199
,,LOC685157,,,,,,,,,,,,,,,,,,,,,,,,,,,20430.0,UNCHAR_LOC685157,uncharacterized LOC685157,Chr12: 18.799390,2.156,134.2,Chr12: 19.032032,-2.929,Chr12,18.79939,Chr12,19.032032,18.79939,19.032032,0.232642000000002,True,cis,False,True,True,cis,False,0.7339331619537275,0.4945200302343159,0.6299586172658151,Tier_2_Validate,Liver,proximal,right_only,False,True,False,False,False,,tissue_specific,,,33.19834469063261
20152.0,ENSRNOG00000062977,LOC120103588,WW domain-binding protein 11-like,Chr6: 107.240903,6.517,97.1,Chr6: 107.059969,1.57,Chr6,107.240903,Chr6,107.059969,107.240903,107.059969,0.1809340000000077,True,cis,False,False,True,cis,False,0.5160642570281124,0.4082664287838239,0.6235157400341776,Tier_2_Validate,Adipose,proximal,,,,,,,,,,,,,,,,,,,,,,,,,,,,,left_only,True,False,False,False,False,,tissue_specific,,,32.94062960136711
,,Ptprt,,,,,,,,,,,,,,,,,,,,,,,,,,,26194.0,ENSRNOG00000032656,"protein tyrosine phosphatase, receptor type, T",Chr3: 151.288144,2.786,75.3,Chr3: 151.311512,2.561,Chr3,151.288144,Chr3,151.311512,151.288144,151.311512,0.0233680000000049,True,cis,False,False,False,cis,False,0.3553984575835475,0.4249811035525321,0.5731328463976278,Tier_1_HighConfidence,Liver,promoter,right_only,False,True,False,False,False,,tissue_specific,,,32.92531385590512
3737.0,ENSRNOG00000018236,Cym,chymosin,Chr2: 194.839095,3.682,96.4,Chr2: 194.327106,-1.576,Chr2,194.839095,Chr2,194.327106,194.839095,194.327106,0.5119889999999998,True,cis,False,False,False,cis,False,0.5113788487282463,0.4100505501040737,0.622500289591312,Tier_1_HighConfidence,Adipose,proximal,,,,,,,,,,,,,,,,,,,,,,,,,,,,,left_only,True,False,False,False,False,,tissue_specific,,,32.90001158365248
5178.0,ENSRNOG00000024825,Fam163a,"family with sequence similarity 163, member A",Chr13: 68.341322,3.309,93.7,Chr13: 67.852024,-1.636,Chr13,68.341322,Chr13,67.852024,68.341322,67.852024,0.4892980000000051,True,cis,False,False,False,cis,False,0.4933065595716198,0.4278917633065714,0.6224194130073669,Tier_1_HighConfidence,Adipose,proximal,,,,,,,,,,,,,,,,,,,,,,,,,,,,,left_only,True,False,False,False,False,,tissue_specific,,,32.89677652029468
6415.0,ENSRNOG00000001251,Grifin,galectin-related inter-fiber protein,Chr12: 14.080169,11.287,93.5,Chr12: 14.100952,1.154,Chr12,14.080169,Chr12,14.100952,14.080169,14.100952,0.0207829999999997,True,cis,False,False,False,cis,False,0.4919678714859437,0.2845673505798394,0.571787327723024,Tier_1_HighConfidence,Adipose,promoter,,,,,,,,,,,,,,,,,,,,,,,,,,,,,left_only,True,False,False,False,False,,tissue_specific,,,32.87149310892096
27751.0,ENSRNOG00000069480,RT1-A2,"RT1 class Ia, locus A2",Chr20: 4.870938,11.794,58.0,Chr20: 3.601132,0.706,Chr20,4.870938,Chr20,3.601132,4.870938,3.601132,1.2698059999999995,True,cis,False,False,False,cis,False,0.2543507362784471,0.151352958667856,0.4419962932312061,Tier_2_Validate,Adipose,distal_cis,27751.0,ENSRNOG00000069480,"RT1 class Ia, locus A2",Chr20: 4.870938,11.181,53.8,Chr20: 3.210100,-1.373,Chr20,4.870938,Chr20,3.2101,4.870938,3.2101,1.6608379999999996,True,cis,False,False,False,cis,False,0.2172236503856041,0.2004913076341647,0.4462002353069191,Tier_2_Validate,Liver,distal_cis,both,True,True,True,True,False,0.39103200000000005,shared_cis_flip,0.004680425655346501,0.4430589798142727,32.84800941227677
,,Slco1a5,,,,,,,,,,,,,,,,,,,,,,,,,,,28892.0,ENSRNOG00000086993,"solute carrier organic anion transporter family, member 1A5",Chr4: 175.254597,1.771,92.5,Chr4: 175.154923,-1.874,Chr4,175.254597,Chr4,175.154923,175.254597,175.154923,0.0996739999999931,True,cis,False,False,False,cis,False,0.4659383033419023,0.2951625094482237,0.5663852844765441,Tier_1_HighConfidence,Liver,promoter,right_only,False,True,False,False,False,,tissue_specific,,,32.65541137906176
23106.0,ENSRNOG00000019206,Nupr1,"nuclear protein 1, transcriptional regulator",Chr1: 181.215326,8.702,95.3,Chr1: 181.309526,-1.042,Chr1,181.215326,Chr1,181.309526,181.215326,181.309526,0.0942000000000007,True,cis,False,False,False,cis,False,0.504016064257028,0.2512637526018436,0.5643479359006051,Tier_1_HighConfidence,Adipose,promoter,,,,,,,,,,,,,,,,,,,,,,,,,,,,,left_only,True,False,False,False,False,,tissue_specific,,,32.5739174360242
,,Plaat1,,,,,,,,,,,,,,,,,,,,,,,,,,,25301.0,ENSRNOG00000001711,phospholipase A and acyltransferase 1,Chr11: 71.537141,5.108,100.4,Chr11: 71.659727,-2.284,Chr11,71.537141,Chr11,71.659727,71.537141,71.659727,0.1225859999999983,True,cis,False,False,False,cis,False,0.5167095115681235,0.3726379440665154,0.6112716094721236,Tier_1_HighConfidence,Liver,proximal,right_only,False,True,False,False,False,,tissue_specific,,,32.450864378884944
,,Bco1,,,,,,,,,,,,,,,,,,,,,,,,,,,1515.0,ENSRNOG00000012027,beta-carotene oxygenase 1,Chr19: 45.149249,6.979,121.7,Chr19: 45.316201,-1.555,Chr19,45.149249,Chr19,45.316201,45.149249,45.316201,0.166952000000002,True,cis,False,False,False,cis,False,0.653598971722365,0.2348828420256991,0.6109686348118224,Tier_1_HighConfidence,Liver,proximal,right_only,False,True,False,False,False,,tissue_specific,,,32.438745392472896
,,Mup4,,,,,,,,,,,,,,,,,,,,,,,,,,,22233.0,UNCHAR_Mup4,major urinary protein 4,Chr5: 74.964685,7.519,64.1,Chr5: 77.453923,-4.647,Chr5,74.964685,Chr5,77.453923,74.964685,77.453923,2.4892380000000003,True,cis,False,False,False,cis,False,0.2834190231362468,0.8191609977324263,0.6859030073040355,Tier_1_HighConfidence,Liver,distal_cis,right_only,False,True,False,False,False,,tissue_specific,,,32.43612029216142
28038.0,ENSRNOG00000005309,Scn8a,sodium voltage-gated channel alpha subunit 8,Chr7: 131.982151,8.13,94.3,Chr7: 132.843669,-1.508,Chr7,131.982151,Chr7,132.843669,131.982151,132.843669,0.861518000000018,True,cis,False,False,False,cis,False,0.4973226238286479,0.3898305084745762,0.6105035963061284,Tier_1_HighConfidence,Adipose,proximal,,,,,,,,,,,,,,,,,,,,,,,,,,,,,left_only,True,False,False,False,False,,tissue_specific,,,32.42014385224513
5616.0,ENSRNOG00000019902,Folr1,folate receptor alpha,Chr1: 156.238435,4.078,114.8,Chr1: 158.468568,1.749,Chr1,156.238435,Chr1,158.468568,156.238435,158.468568,2.230132999999995,True,cis,False,False,False,cis,False,0.6345381526104418,0.4614927148379423,0.6836108036069344,Tier_1_HighConfidence,Adipose,distal_cis,,,,,,,,,,,,,,,,,,,,,,,,,,,,,left_only,True,False,False,False,False,,tissue_specific,,,32.34443214427738
,,LOC102553008,,,,,,,,,,,,,,,,,,,,,,,,,,,10409.0,UNCHAR_LOC102553008,uncharacterized LOC102553008,Chr16: 45.901941,7.408,125.3,Chr16: 45.587763,-2.889,Chr16,45.901941,Chr16,45.587763,45.901941,45.587763,0.3141779999999983,True,cis,False,True,True,cis,False,0.6767352185089974,0.4869614512471655,0.607293834414657,Tier_2_Validate,Liver,proximal,right_only,False,True,False,False,False,,tissue_specific,,,32.29175337658628
8457.0,UNCHAR_LOC100134871,LOC100134871,hemoglobin subunit beta like 1,Chr1: 158.238347,8.054,21.5,Chr1: 158.468568,3.074,Chr1,158.238347,Chr1,158.468568,158.238347,158.468568,0.2302210000000002,True,cis,False,False,True,cis,False,0.0100401606425702,0.855486173059768,0.6029342167958184,Tier_2_Validate,Adipose,proximal,,,,,,,,,,,,,,,,,,,,,,,,,,,,,left_only,True,False,False,False,False,,tissue_specific,,,32.117368671832736
1954.0,ENSRNOG00000011130,Calca,calcitonin-related polypeptide alpha,Chr1: 168.883175,3.507,73.3,Chr1: 168.821778,1.407,Chr1,168.883175,Chr1,168.821778,168.883175,168.821778,0.0613969999999994,True,cis,False,False,False,cis,False,0.3567603748326639,0.359797799583705,0.550795361045729,Tier_1_HighConfidence,Adipose,promoter,,,,,,,,,,,,,,,,,,,,,,,,,,,,,left_only,True,False,False,False,False,,tissue_specific,,,32.03181444182916
9462.0,UNCHAR_LOC102548668,LOC102548668,uncharacterized LOC102548668,Chr1: 243.600352,3.561,37.6,Chr1: 243.679443,0.76,Chr1,243.600352,Chr1,243.679443,243.600352,243.679443,0.0790910000000053,True,cis,False,True,True,cis,False,0.1178045515394913,0.167410050550104,0.2998251107313584,Tier_2_Validate,Adipose,promoter,9462.0,UNCHAR_LOC102548668,uncharacterized LOC102548668,Chr1: 243.600352,0.922,25.4,Chr1: 243.679443,-0.82,Chr1,243.600352,Chr1,243.679443,243.600352,243.679443,0.0790910000000053,True,cis,False,True,True,cis,False,0.0347043701799485,0.0959939531368102,0.2457444131608656,Tier_2_Validate,Liver,promoter,both,True,True,True,True,False,0.0,shared_cis_flip,0.09734280813607776,0.259507944573829,31.993004429254338
28929.0,UNCHAR_Slpil2,Slpil2,uncharacterized Slpil2,Chr3: 153.021370,2.835,97.4,Chr3: 153.340874,2.245,Chr3,153.02137,Chr3,153.340874,153.02137,153.340874,0.3195040000000233,True,cis,False,True,False,cis,False,0.5180722891566265,0.6089800773119239,0.5944683282639927,Tier_2_Validate,Adipose,proximal,,,,,,,,,,,,,,,,,,,,,,,,,,,,,left_only,True,False,False,False,False,,tissue_specific,,,31.778733130559708
,,Nqo1,,,,,,,,,,,,,,,,,,,,,,,,,,,22921.0,ENSRNOG00000012772,NAD(P)H quinone dehydrogenase 1,Chr19: 35.310527,8.403,93.4,Chr19: 35.245044,1.405,Chr19,35.310527,Chr19,35.245044,35.310527,35.245044,0.0654830000000004,True,cis,False,False,False,cis,False,0.4717223650385604,0.2065381708238851,0.5373911875518559,Tier_1_HighConfidence,Liver,promoter,right_only,False,True,False,False,False,,tissue_specific,,,31.495647502074235
17051.0,UNCHAR_LOC120098768,LOC120098768,uncharacterized LOC120098768,Chr1: 1.841126,3.168,108.6,Chr1: 2.698079,-1.919,Chr1,1.841126,Chr1,2.698079,1.841126,2.698079,0.8569529999999999,True,cis,False,True,True,cis,False,0.5930388219544845,0.512042818911686,0.5867785743031596,Tier_2_Validate,Adipose,proximal,,,,,,,,,,,,,,,,,,,,,,,,,,,,,left_only,True,False,False,False,False,,tissue_specific,,,31.471142972126383
,,Smim40,,,,,,,,,,,,,,,,,,,,,,,,,,,29012.0,ENSRNOG00000087561,small integral membrane protein 40,Chr20: 4.989049,6.138,81.6,Chr20: 5.002150,-1.796,Chr20,4.989049,Chr20,5.00215,4.989049,5.00215,0.0131010000000006,True,cis,False,False,False,cis,False,0.3958868894601542,0.2804232804232804,0.536708559459202,Tier_1_HighConfidence,Liver,promoter,right_only,False,True,False,False,False,,tissue_specific,,,31.46834237836808
27771.0,ENSRNOG00000030431,RT1-Db2,"RT1 class II, locus Db2",Chr20: 4.539723,5.944,75.8,Chr20: 4.679209,1.691,Chr20,4.539723,Chr20,4.679209,4.539723,4.679209,0.1394859999999997,True,cis,False,False,False,cis,False,0.3734939759036144,0.4442462087421944,0.5862090646260331,Tier_1_HighConfidence,Adipose,proximal,,,,,,,,,,,,,,,,,,,,,,,,,,,,,left_only,True,False,False,False,False,,tissue_specific,,,31.448362585041323
29554.0,ENSRNOG00000000172,Sqor,sulfide quinone oxidoreductase,Chr3: 109.841224,9.017,52.1,Chr3: 108.634297,-0.509,Chr3,109.841224,Chr3,108.634297,109.841224,108.634297,1.2069269999999932,True,cis,False,False,False,cis,False,0.214859437751004,0.0927743086529884,0.4076718112413973,Tier_2_Validate,Adipose,distal_cis,29554.0,ENSRNOG00000000172,sulfide quinone oxidoreductase,Chr3: 109.841224,10.162,55.8,Chr3: 111.605111,0.762,Chr3,109.841224,Chr3,111.605111,109.841224,111.605111,1.7638869999999969,True,cis,False,False,False,cis,False,0.2300771208226221,0.0850340136054421,0.4102888970498225,Tier_2_Validate,Liver,distal_cis,both,True,True,True,True,False,2.97081399999999,shared_cis_flip,0.0031608816483894345,0.40833398489762457,31.4115558819929
2523.0,ENSRNOG00000053332,Cdh26,cadherin 26,Chr3: 165.520522,3.853,94.5,Chr3: 165.192603,-1.237,Chr3,165.520522,Chr3,165.192603,165.520522,165.192603,0.3279190000000085,True,cis,False,False,False,cis,False,0.4986613119143239,0.3092476955099613,0.5827681525984998,Tier_1_HighConfidence,Adipose,proximal,,,,,,,,,,,,,,,,,,,,,,,,,,,,,left_only,True,False,False,False,False,,tissue_specific,,,31.31072610393999
,,Atp6v0d2,,,,,,,,,,,,,,,,,,,,,,,,,,,1308.0,ENSRNOG00000006926,ATPase H+ transporting V0 subunit D2,Chr5: 33.385353,4.712,77.9,Chr5: 33.461794,1.824,Chr5,33.385353,Chr5,33.461794,33.385353,33.461794,0.0764409999999955,True,cis,False,False,False,cis,False,0.372107969151671,0.2857142857142857,0.5302377892030848,Tier_1_HighConfidence,Liver,promoter,right_only,False,True,False,False,False,,tissue_specific,,,31.209511568123393
13789.0,UNCHAR_LOC120094140,LOC120094140,uncharacterized LOC120094140,Chr8: 48.730792,6.77,59.0,Chr8: 48.395402,0.569,Chr8,48.730792,Chr8,48.395402,48.730792,48.395402,0.3353900000000038,True,cis,False,True,True,cis,False,0.2610441767068273,0.1106155218554861,0.3300808944968097,Tier_2_Validate,Adipose,proximal,13789.0,UNCHAR_LOC120094140,uncharacterized LOC120094140,Chr8: 48.730792,6.578,22.1,Chr8: 48.395474,-0.864,Chr8,48.730792,Chr8,48.395474,48.730792,48.395474,0.3353180000000009,True,cis,False,True,True,cis,False,0.0134961439588689,0.1043083900226757,0.2412315868935406,Tier_2_Validate,Liver,proximal,both,True,True,True,True,False,7.200000000295859e-05,shared_cis_flip,0.15284259403955058,0.26382602027945673,31.203235779872387
6548.0,ENSRNOG00000007931,Gucy2e,"guanylate cyclase 2D, retinal",Chr1: 152.739774,2.869,86.8,Chr1: 152.301954,1.38,Chr1,152.739774,Chr1,152.301954,152.739774,152.301954,0.4378200000000163,True,cis,False,False,False,cis,False,0.4471218206157965,0.351769253642581,0.5796118759904321,Tier_1_HighConfidence,Adipose,proximal,,,,,,,,,,,,,,,,,,,,,,,,,,,,,left_only,True,False,False,False,False,,tissue_specific,,,31.184475039617283
,,Hs3st5,,,,,,,,,,,,,,,,,,,,,,,,,,,7003.0,ENSRNOG00000000605,heparan sulfate-glucosamine 3-sulfotransferase 5,Chr20: 40.106875,1.345,103.7,Chr20: 38.978291,2.784,Chr20,40.106875,Chr20,38.978291,40.106875,38.978291,1.1285840000000036,True,cis,False,False,False,cis,False,0.5379177377892032,0.4671201814058957,0.6517632717182845,Tier_1_HighConfidence,Liver,distal_cis,right_only,False,True,False,False,False,,tissue_specific,,,31.07053086873138
30284.0,ENSRNOG00000016774,Telo2,telomere maintenance 2,Chr10: 14.135728,9.473,97.9,Chr10: 13.810068,-1.072,Chr10,14.135728,Chr10,13.810068,14.135728,13.810068,0.3256600000000009,True,cis,False,False,False,cis,False,0.5214190093708166,0.2601843592030924,0.5735611790008681,Tier_1_HighConfidence,Adipose,proximal,,,,,,,,,,,,,,,,,,,,,,,,,,,,,left_only,True,False,False,False,False,,tissue_specific,,,30.942447160034725
9737.0,UNCHAR_LOC102550008,LOC102550008,uncharacterized LOC102550008,Chr2: 151.815596,2.93,123.5,Chr2: 150.688203,2.16,Chr2,151.815596,Chr2,150.688203,151.815596,150.688203,1.127393000000012,True,cis,False,True,True,cis,False,0.6927710843373494,0.5837050252750521,0.6467666383643405,Tier_2_Validate,Adipose,distal_cis,,,,,,,,,,,,,,,,,,,,,,,,,,,,,left_only,True,False,False,False,False,,tissue_specific,,,30.870665534573618
20151.0,UNCHAR_LOC120103587,LOC120103587,uncharacterized LOC120103587,Chr6: 107.187960,5.353,114.1,Chr6: 107.059969,1.643,Chr6,107.18796,Chr6,107.059969,107.18796,107.059969,0.1279910000000086,True,cis,False,True,True,cis,False,0.6298527443105756,0.4299732381801962,0.5709390938717701,Tier_2_Validate,Adipose,proximal,,,,,,,,,,,,,,,,,,,,,,,,,,,,,left_only,True,False,False,False,False,,tissue_specific,,,30.837563754870803
22919.0,UNCHAR_Npy4r,Npy4r,neuropeptide Y receptor Y4,Chr16: 9.469056,1.262,65.8,Chr16: 9.517626,-1.268,Chr16,9.469056,Chr16,9.517626,9.469056,9.517626,0.0485699999999997,True,cis,False,False,False,cis,False,0.3065595716198125,0.3184656556645852,0.5187588295495391,Tier_1_HighConfidence,Adipose,promoter,,,,,,,,,,,,,,,,,,,,,,,,,,,,,left_only,True,False,False,False,False,,tissue_specific,,,30.750353181981566
,,LOC102553702,,,,,,,,,,,,,,,,,,,,,,,,,,,10540.0,UNCHAR_LOC102553702,uncharacterized LOC102553702,Chr1: 234.506901,4.824,106.7,Chr1: 234.254973,-2.928,Chr1,234.506901,Chr1,234.254973,234.506901,234.254973,0.2519279999999924,True,cis,False,True,True,cis,False,0.5571979434447302,0.4943310657596372,0.5680351532215285,Tier_2_Validate,Liver,proximal,right_only,False,True,False,False,False,,tissue_specific,,,30.72140612886114
,,Ttll9,,,,,,,,,,,,,,,,,,,,,,,,,,,32084.0,ENSRNOG00000008596,tubulin tyrosine ligase like 9,Chr3: 141.429350,3.668,76.7,Chr3: 141.406009,-1.673,Chr3,141.42935,Chr3,141.406009,141.42935,141.406009,0.0233409999999878,True,cis,False,False,False,cis,False,0.3643958868894602,0.2571806500377929,0.5175517879245385,Tier_1_HighConfidence,Liver,promoter,right_only,False,True,False,False,False,,tissue_specific,,,30.70207151698154
30680.0,ENSRNOG00000007907,Tmem178a,transmembrane protein 178A,Chr6: 14.063676,6.958,81.6,Chr6: 14.057826,-0.859,Chr6,14.063676,Chr6,14.057826,14.063676,14.057826,0.0058499999999988,True,cis,False,False,False,cis,False,0.4123159303882195,0.1968480523342253,0.5132073939528556,Tier_1_HighConfidence,Adipose,promoter,,,,,,,,,,,,,,,,,,,,,,,,,,,,,left_only,True,False,False,False,False,,tissue_specific,,,30.528295758114226
29476.0,ENSRNOG00000002085,Spmap2l,sperm microtubule associated protein 2 like,Chr14: 31.152486,2.527,68.6,Chr14: 31.142847,-1.145,Chr14,31.152486,Chr14,31.142847,31.152486,31.142847,0.0096389999999999,True,cis,False,False,False,cis,False,0.325301204819277,0.2818911685994647,0.5125173306965596,Tier_1_HighConfidence,Adipose,promoter,,,,,,,,,,,,,,,,,,,,,,,,,,,,,left_only,True,False,False,False,False,,tissue_specific,,,30.500693227862385
,,LOC292543,,,,,,,,,,,,,,,,,,,,,,,,,,,20216.0,ENSRNOG00000054438,solute carrier family 7 member 3 like 1,Chr1: 66.053134,2.271,84.0,Chr1: 66.378703,2.077,Chr1,66.053134,Chr1,66.378703,66.053134,66.378703,0.3255690000000015,True,cis,False,False,True,cis,False,0.4113110539845758,0.333522297808012,0.5606916731274058,Tier_2_Validate,Liver,proximal,right_only,False,True,False,False,False,,tissue_specific,,,30.42766692509623
6830.0,UNCHAR_Hist2h2aa2,Hist2h2aa2,histone cluster 2 H2A family member A2,Chr2: 183.801890,8.127,47.0,Chr2: 183.798575,1.587,Chr2,183.80189,Chr2,183.798575,183.80189,183.798575,0.0033149999999864,True,cis,False,False,False,cis,False,0.180722891566265,0.4133214391911983,0.5079155157651121,Tier_1_HighConfidence,Adipose,promoter,,,,,,,,,,,,,,,,,,,,,,,,,,,,,left_only,True,False,False,False,False,,tissue_specific,,,30.316620630604483
,,Anxa5,,,,,,,,,,,,,,,,,,,,,,,,,,,818.0,ENSRNOG00000014453,annexin A5,Chr2: 119.344702,9.429,104.9,Chr2: 118.817402,-1.323,Chr2,119.344702,Chr2,118.817402,119.344702,118.817402,0.5272999999999968,True,cis,False,False,False,cis,False,0.5456298200514139,0.1910430839002267,0.5578355163830742,Tier_1_HighConfidence,Liver,proximal,right_only,False,True,False,False,False,,tissue_specific,,,30.313420655322965
583.0,ENSRNOG00000039504,Albfm1,albumin superfamily member 1,Chr14: 17.525024,2.396,65.5,Chr14: 17.530689,-1.168,Chr14,17.525024,Chr14,17.530689,17.525024,17.530689,0.0056650000000004,True,cis,False,False,False,cis,False,0.3045515394912985,0.2887303003270888,0.5076486439364355,Tier_1_HighConfidence,Adipose,promoter,,,,,,,,,,,,,,,,,,,,,,,,,,,,,left_only,True,False,False,False,False,,tissue_specific,,,30.30594575745742
27162.0,ENSRNOG00000025551,Rgs22,regulator of G-protein signaling 22,Chr7: 67.308804,5.464,90.3,Chr7: 66.434495,-1.074,Chr7,67.308804,Chr7,66.434495,67.308804,66.434495,0.8743089999999967,True,cis,False,False,False,cis,False,0.4705488621151271,0.2607790663098424,0.5559647749487393,Tier_1_HighConfidence,Adipose,proximal,,,,,,,,,,,,,,,,,,,,,,,,,,,,,left_only,True,False,False,False,False,,tissue_specific,,,30.238590997949572
,,Dsg1,,,,,,,,,,,,,,,,,,,,,,,,,,,4451.0,ENSRNOG00000016853,desmoglein 1,Chr18: 11.674686,3.094,77.5,Chr18: 12.192688,-2.199,Chr18,11.674686,Chr18,12.192688,11.674686,12.192688,0.518002000000001,True,cis,False,False,False,cis,False,0.3695372750642673,0.3565759637188208,0.5541396335740808,Tier_1_HighConfidence,Liver,proximal,right_only,False,True,False,False,False,,tissue_specific,,,30.165585342963233
11601.0,UNCHAR_LOC103693140,LOC103693140,uncharacterized LOC103693140,Chr8: 73.213596,5.852,131.0,Chr8: 73.350324,-1.088,Chr8,73.213596,Chr8,73.350324,73.213596,73.350324,0.136728000000005,True,cis,False,True,True,cis,False,0.7429718875502008,0.2649420160570919,0.5527698662625524,Tier_2_Validate,Adipose,proximal,,,,,,,,,,,,,,,,,,,,,,,,,,,,,left_only,True,False,False,False,False,,tissue_specific,,,30.110794650502097
22382.0,ENSRNOG00000005955,Naalad2,N-acetylated alpha-linked acidic dipeptidase 2,Chr8: 15.479713,7.412,98.7,Chr8: 14.724875,-0.795,Chr8,15.479713,Chr8,14.724875,15.479713,14.724875,0.7548379999999995,True,cis,False,False,False,cis,False,0.5267737617135207,0.1778174249182278,0.5466069153211119,Tier_1_HighConfidence,Adipose,proximal,,,,,,,,,,,,,,,,,,,,,,,,,,,,,left_only,True,False,False,False,False,,tissue_specific,,,29.864276612844478
22083.0,ENSRNOG00000026387,Ms4a12,membrane spanning 4-domains A12,Chr1: 207.894632,5.078,58.6,Chr1: 207.840211,-1.212,Chr1,207.894632,Chr1,207.840211,207.894632,207.840211,0.0544209999999907,True,cis,False,False,False,cis,False,0.2583668005354752,0.3018138566755872,0.4960632300238718,Tier_1_HighConfidence,Adipose,promoter,,,,,,,,,,,,,,,,,,,,,,,,,,,,,left_only,True,False,False,False,False,,tissue_specific,,,29.84252920095487
,,LOC108352105,,,,,,,,,,,,,,,,,,,,,,,,,,,12715.0,UNCHAR_LOC108352105,uncharacterized LOC108352105,Chr10: 57.777689,2.619,101.8,Chr10: 56.935705,-2.76,Chr10,57.777689,Chr10,56.935705,57.777689,56.935705,0.8419840000000036,True,cis,False,True,True,cis,False,0.525706940874036,0.4625850340136054,0.5459021912106745,Tier_2_Validate,Liver,proximal,right_only,False,True,False,False,False,,tissue_specific,,,29.836087648426982
7257.0,ENSRNOG00000009253,Igsf9b,"immunoglobulin superfamily, member 9B",Chr8: 25.712643,6.23,78.5,Chr8: 25.570084,1.235,Chr8,25.712643,Chr8,25.570084,25.712643,25.570084,0.1425589999999985,True,cis,False,False,False,cis,False,0.3915662650602409,0.3086529884032114,0.5450767387122083,Tier_1_HighConfidence,Adipose,proximal,,,,,,,,,,,,,,,,,,,,,,,,,,,,,left_only,True,False,False,False,False,,tissue_specific,,,29.80306954848833
30869.0,ENSRNOG00000067030,Tmsb10,"thymosin, beta 10",Chr4: 105.011094,14.326,98.9,Chr4: 105.344429,-0.774,Chr4,105.011094,Chr4,105.344429,105.011094,105.344429,0.3333350000000052,True,cis,False,False,False,cis,False,0.5281124497991968,0.1715730002973535,0.5448899075337926,Tier_1_HighConfidence,Adipose,proximal,,,,,,,,,,,,,,,,,,,,,,,,,,,,,left_only,True,False,False,False,False,,tissue_specific,,,29.795596301351704
21452.0,ENSRNOG00000057645,Micb,MHC class I polypeptide-related sequence B,Chr1: 78.495778,6.851,99.4,Chr1: 79.165093,0.76,Chr1,78.495778,Chr1,79.165093,78.495778,79.165093,0.6693149999999974,True,cis,False,False,False,cis,False,0.5314591700133869,0.167410050550104,0.5446042271972218,Tier_1_HighConfidence,Adipose,proximal,,,,,,,,,,,,,,,,,,,,,,,,,,,,,left_only,True,False,False,False,False,,tissue_specific,,,29.78416908788887
3538.0,ENSRNOG00000007057,Csmd2,CUB and Sushi multiple domains 2,Chr5: 140.342351,5.39,72.4,Chr5: 140.667634,1.307,Chr5,140.342351,Chr5,140.667634,140.342351,140.667634,0.3252829999999846,True,cis,False,False,False,cis,False,0.3507362784471218,0.3300624442462087,0.5382795529426656,Tier_1_HighConfidence,Adipose,proximal,,,,,,,,,,,,,,,,,,,,,,,,,,,,,left_only,True,False,False,False,False,,tissue_specific,,,29.531182117706624
152.0,ENSRNOG00000020624,Acadsb,"acyl-CoA dehydrogenase, short/branched chain",Chr1: 186.188938,10.3,99.1,Chr1: 186.028979,0.678,Chr1,186.188938,Chr1,186.028979,186.188938,186.028979,0.1599590000000148,True,cis,False,False,False,cis,False,0.5294511378848727,0.1430270591733571,0.5353673689703804,Tier_1_HighConfidence,Adipose,proximal,,,,,,,,,,,,,,,,,,,,,,,,,,,,,left_only,True,False,False,False,False,,tissue_specific,,,29.414694758815216
8591.0,ENSRNOG00000090721,LOC100362296,protein S100-A11-like,Chr3: 138.539299,1.718,71.5,Chr3: 138.348233,1.245,Chr3,138.539299,Chr3,138.348233,138.539299,138.348233,0.1910660000000064,True,cis,False,False,True,cis,False,0.3447121820615796,0.311626523936961,0.5297185470994892,Tier_2_Validate,Adipose,proximal,,,,,,,,,,,,,,,,,,,,,,,,,,,,,left_only,True,False,False,False,False,,tissue_specific,,,29.188741883979567
1952.0,ENSRNOG00000007456,Calb1,calbindin 1,Chr5: 29.375623,5.265,70.7,Chr5: 29.456424,0.758,Chr5,29.375623,Chr5,29.456424,29.375623,29.456424,0.0808009999999974,True,cis,False,False,False,cis,False,0.3393574297188755,0.1668153434433541,0.4771604706067803,Tier_2_Validate,Adipose,promoter,,,,,,,,,,,,,,,,,,,,,,,,,,,,,left_only,True,False,False,False,False,,tissue_specific,,,29.086418824271213
28217.0,ENSRNOG00000042634,Serpina12,serpin family A member 12,Chr6: 122.967270,9.872,52.3,Chr6: 123.067730,-1.632,Chr6,122.96727,Chr6,123.06773,122.96727,123.06773,0.1004599999999982,True,cis,False,False,False,cis,False,0.21619812583668,0.4267023490930716,0.525015166225413,Tier_1_HighConfidence,Adipose,proximal,,,,,,,,,,,,,,,,,,,,,,,,,,,,,left_only,True,False,False,False,False,,tissue_specific,,,29.000606649016518
,,Krtcap3,,,,,,,,,,,,,,,,,,,,,,,,,,,8155.0,ENSRNOG00000047941,keratinocyte associated protein 3,Chr6: 25.122521,4.733,66.6,Chr6: 25.131442,1.348,Chr6,25.122521,Chr6,25.131442,25.122521,25.131442,0.0089210000000008,True,cis,False,False,False,cis,False,0.2994858611825192,0.1957671957671957,0.4733385699324002,Tier_1_HighConfidence,Liver,promoter,right_only,False,True,False,False,False,,tissue_specific,,,28.933542797296006
,,Slc2a12,,,,,,,,,,,,,,,,,,,,,,,,,,,28689.0,ENSRNOG00000011161,solute carrier family 2 member 12,Chr1: 22.862203,6.988,76.0,Chr1: 22.842323,-1.027,Chr1,22.862203,Chr1,22.842323,22.862203,22.842323,0.0198800000000005,True,cis,False,False,False,cis,False,0.3598971722365038,0.1351095993953136,0.4732523700711361,Tier_1_HighConfidence,Liver,promoter,right_only,False,True,False,False,False,,tissue_specific,,,28.930094802845442
32351.0,ENSRNOG00000059840,Unc5a,unc-5 netrin receptor A,Chr17: 9.670557,5.11,72.9,Chr17: 9.399220,1.147,Chr17,9.670557,Chr17,9.39922,9.670557,9.39922,0.2713370000000008,True,cis,False,False,False,cis,False,0.3540829986613119,0.2824858757062147,0.5227991060286342,Tier_1_HighConfidence,Adipose,proximal,,,,,,,,,,,,,,,,,,,,,,,,,,,,,left_only,True,False,False,False,False,,tissue_specific,,,28.91196424114537
3397.0,ENSRNOG00000000522,Cpne5,copine 5,Chr20: 7.289308,2.726,53.9,Chr20: 7.361183,1.092,Chr20,7.289308,Chr20,7.361183,7.289308,7.361183,0.0718749999999994,True,cis,False,False,False,cis,False,0.2269076305220883,0.2661314302705917,0.4725636712774379,Tier_2_Validate,Adipose,promoter,,,,,,,,,,,,,,,,,,,,,,,,,,,,,left_only,True,False,False,False,False,,tissue_specific,,,28.90254685109752
8906.0,UNCHAR_LOC100912568,LOC100912568,uncharacterized LOC100912568,Chr6: 107.231785,5.19,82.6,Chr6: 107.059969,1.872,Chr6,107.231785,Chr6,107.059969,107.231785,107.059969,0.1718160000000068,True,cis,False,True,True,cis,False,0.4190093708165996,0.4980672019030627,0.5209768004518818,Tier_2_Validate,Adipose,proximal,,,,,,,,,,,,,,,,,,,,,,,,,,,,,left_only,True,False,False,False,False,,tissue_specific,,,28.83907201807527
9445.0,ENSRNOG00000079079,LOC102548576,uncharacterized LOC102548576,Chr11: 73.403896,3.178,91.0,Chr11: 72.767252,1.681,Chr11,73.403896,Chr11,72.767252,73.403896,72.767252,0.636644000000004,True,cis,False,True,True,cis,False,0.4752342704149933,0.4412726732084448,0.5207774302682033,Tier_2_Validate,Adipose,proximal,,,,,,,,,,,,,,,,,,,,,,,,,,,,,left_only,True,False,False,False,False,,tissue_specific,,,28.83109721072813
,,Lcn3,,,,,,,,,,,,,,,,,,,,,,,,,,,8254.0,ENSRNOG00000074882,lipocalin 3,Chr3: 8.542791,2.171,63.3,Chr3: 9.132259,2.164,Chr3,8.542791,Chr3,9.132259,8.542791,9.132259,0.5894680000000001,True,cis,False,False,False,cis,False,0.2782776349614396,0.3499622071050642,0.5198839447232763,Tier_1_HighConfidence,Liver,proximal,right_only,False,True,False,False,False,,tissue_specific,,,28.79535778893105
912.0,UNCHAR_Apol3,Apol3,uncharacterized Apol3,Chr7: 109.288724,8.857,27.5,Chr7: 108.643752,0.331,Chr7,109.288724,Chr7,108.643752,109.288724,108.643752,0.6449719999999957,True,cis,False,True,False,cis,False,0.0502008032128514,0.039845376152245,0.2315161627777837,Tier_2_Validate,Adipose,proximal,912.0,UNCHAR_Apol3,uncharacterized Apol3,Chr7: 109.288724,8.468,33.5,Chr7: 109.593956,-0.864,Chr7,109.288724,Chr7,109.593956,109.288724,109.593956,0.3052320000000037,True,cis,False,True,False,cis,False,0.0867609254498714,0.1043083900226757,0.2668742604153915,Tier_2_Validate,Liver,proximal,both,True,True,True,True,False,0.9502039999999994,shared_cis_flip,0.06954910247035204,0.2405295599433615,28.674970416615658
25230.0,UNCHAR_Pira12,Pira12,paired-Ig-like receptor A12,Chr1: 65.304407,3.921,75.9,Chr1: 65.713205,1.022,Chr1,65.304407,Chr1,65.713205,65.304407,65.713205,0.4087980000000044,True,cis,False,False,False,cis,False,0.3741633199464525,0.2453166815343443,0.5168180005182789,Tier_1_HighConfidence,Adipose,proximal,,,,,,,,,,,,,,,,,,,,,,,,,,,,,left_only,True,False,False,False,False,,tissue_specific,,,28.672720020731155
,,Meiob,,,,,,,,,,,,,,,,,,,,,,,,,,,21318.0,ENSRNOG00000014711,meiosis specific with OB-fold,Chr10: 13.833169,4.204,59.4,Chr10: 13.810068,-1.446,Chr10,13.833169,Chr10,13.810068,13.833169,13.810068,0.0231010000000004,True,cis,False,False,False,cis,False,0.2532133676092545,0.2142857142857142,0.4636246786632391,Tier_1_HighConfidence,Liver,promoter,right_only,False,True,False,False,False,,tissue_specific,,,28.544987146529564
30612.0,ENSRNOG00000053269,Tmem106c,transmembrane protein 106C,Chr7: 129.088467,6.815,91.4,Chr7: 128.577171,-0.626,Chr7,129.088467,Chr7,128.577171,129.088467,128.577171,0.5112960000000157,True,cis,False,False,False,cis,False,0.4779116465863454,0.127564674397859,0.5119167123444714,Tier_1_HighConfidence,Adipose,proximal,,,,,,,,,,,,,,,,,,,,,,,,,,,,,left_only,True,False,False,False,False,,tissue_specific,,,28.47666849377886
2414.0,ENSRNOG00000042251,Cd300ld,Cd300 molecule-like family member D,Chr10: 100.115852,3.59,65.2,Chr10: 99.574645,-1.202,Chr10,100.115852,Chr10,99.574645,100.115852,99.574645,0.541207,True,cis,False,False,False,cis,False,0.3025435073627844,0.2988403211418376,0.5104843399766177,Tier_1_HighConfidence,Adipose,proximal,,,,,,,,,,,,,,,,,,,,,,,,,,,,,left_only,True,False,False,False,False,,tissue_specific,,,28.419373599064706
28869.0,ENSRNOG00000010296,Slc7a7,solute carrier family 7 member 7,Chr15: 27.873120,7.339,89.0,Chr15: 27.974218,0.658,Chr15,27.87312,Chr15,27.974218,27.87312,27.974218,0.1010980000000003,True,cis,False,False,False,cis,False,0.4618473895582329,0.1370799881058578,0.5096245821824318,Tier_1_HighConfidence,Adipose,proximal,,,,,,,,,,,,,,,,,,,,,,,,,,,,,left_only,True,False,False,False,False,,tissue_specific,,,28.38498328729727
20150.0,UNCHAR_LOC120103584,LOC120103584,uncharacterized LOC120103584,Chr6: 107.141541,5.469,79.3,Chr6: 107.059969,1.355,Chr6,107.141541,Chr6,107.059969,107.141541,107.059969,0.0815720000000084,True,cis,False,True,True,cis,False,0.396921017402945,0.3443354148082069,0.4594397512739031,Tier_2_Validate,Adipose,promoter,,,,,,,,,,,,,,,,,,,,,,,,,,,,,left_only,True,False,False,False,False,,tissue_specific,,,28.377590050956123
,,Gpm6a,,,,,,,,,,,,,,,,,,,,,,,,,,,6279.0,ENSRNOG00000010731,glycoprotein m6a,Chr16: 36.973376,8.128,65.2,Chr16: 37.066228,1.17,Chr16,36.973376,Chr16,37.066228,36.973376,37.066228,0.0928520000000006,True,cis,False,False,False,cis,False,0.2904884318766067,0.1621315192743764,0.458416982902844,Tier_2_Validate,Liver,promoter,right_only,False,True,False,False,False,,tissue_specific,,,28.33667931611376
3390.0,ENSRNOG00000084862,Cpm,carboxypeptidase M,Chr7: 53.225646,5.998,68.1,Chr7: 53.314244,0.631,Chr7,53.225646,Chr7,53.314244,53.225646,53.314244,0.0885980000000046,True,cis,False,False,False,cis,False,0.3219544846050869,0.1290514421647338,0.4578520743694373,Tier_2_Validate,Adipose,promoter,,,,,,,,,,,,,,,,,,,,,,,,,,,,,left_only,True,False,False,False,False,,tissue_specific,,,28.31408297477749
467.0,ENSRNOG00000023116,Agmo,alkylglycerol monooxygenase,Chr6: 53.986235,10.818,84.0,Chr6: 53.879848,0.741,Chr6,53.986235,Chr6,53.879848,53.986235,53.879848,0.106386999999998,True,cis,False,False,False,cis,False,0.428380187416332,0.1617603330359797,0.506549182158309,Tier_1_HighConfidence,Adipose,proximal,,,,,,,,,,,,,,,,,,,,,,,,,,,,,left_only,True,False,False,False,False,,tissue_specific,,,28.26196728633236
9814.0,ENSRNOG00000089559,LOC102550339,uncharacterized LOC102550339,Chr5: 110.110708,1.767,83.6,Chr5: 110.033650,1.229,Chr5,110.110708,Chr5,110.03365,110.110708,110.03365,0.077058000000008,True,cis,False,True,True,cis,False,0.4257028112449799,0.3068688670829616,0.4564000874147794,Tier_2_Validate,Adipose,promoter,,,,,,,,,,,,,,,,,,,,,,,,,,,,,left_only,True,False,False,False,False,,tissue_specific,,,28.256003496591177
,,Aox2,,,,,,,,,,,,,,,,,,,,,,,,,,,829.0,ENSRNOG00000033923,aldehyde oxidase 2,Chr9: 59.828402,7.067,63.0,Chr9: 59.678566,1.965,Chr9,59.828402,Chr9,59.678566,59.828402,59.678566,0.1498360000000005,True,cis,False,False,False,cis,False,0.2763496143958869,0.3123582766439909,0.5060477618639572,Tier_1_HighConfidence,Liver,proximal,right_only,False,True,False,False,False,,tissue_specific,,,28.24191047455829
20827.0,ENSRNOG00000031852,Lsamp,limbic system-associated membrane protein,Chr11: 60.717327,9.611,105.5,Chr11: 58.968000,-0.972,Chr11,60.717327,Chr11,58.968,60.717327,58.968,1.749326999999994,True,cis,False,False,False,cis,False,0.572289156626506,0.2304490038655961,0.5809583561722357,Tier_1_HighConfidence,Adipose,distal_cis,,,,,,,,,,,,,,,,,,,,,,,,,,,,,left_only,True,False,False,False,False,,tissue_specific,,,28.238334246889426
,,Slc13a2,,,,,,,,,,,,,,,,,,,,,,,,,,,28532.0,ENSRNOG00000010337,solute carrier family 13 member 2,Chr10: 63.319126,7.0,83.5,Chr10: 63.165362,1.265,Chr10,63.319126,Chr10,63.165362,63.319126,63.165362,0.1537639999999953,True,cis,False,False,False,cis,False,0.4080976863753213,0.1800831443688586,0.505863290760463,Tier_1_HighConfidence,Liver,proximal,right_only,False,True,False,False,False,,tissue_specific,,,28.23453163041852
10349.0,UNCHAR_LOC102552728,LOC102552728,uncharacterized LOC102552728,Chr1: 20.087733,7.184,99.2,Chr1: 20.006034,-0.83,Chr1,20.087733,Chr1,20.006034,20.087733,20.006034,0.0816990000000004,True,cis,False,True,True,cis,False,0.5301204819277109,0.1882247992863514,0.4514208484249218,Tier_2_Validate,Adipose,promoter,,,,,,,,,,,,,,,,,,,,,,,,,,,,,left_only,True,False,False,False,False,,tissue_specific,,,28.056833936996874
6399.0,ENSRNOG00000024651,Greb1,growth regulating estrogen receptor binding 1,Chr6: 39.562363,6.173,46.0,Chr6: 39.599091,1.064,Chr6,39.562363,Chr6,39.599091,39.562363,39.599091,0.0367280000000036,True,cis,False,False,False,cis,False,0.1740294511378848,0.2578055307760927,0.4511422436698921,Tier_2_Validate,Adipose,promoter,,,,,,,,,,,,,,,,,,,,,,,,,,,,,left_only,True,False,False,False,False,,tissue_specific,,,28.045689746795684
24276.0,ENSRNOG00000089681,Or6k2,olfactory receptor family 6 subfamily K member 2,Chr13: 86.186441,2.073,65.8,Chr13: 86.622151,1.083,Chr13,86.186441,Chr13,86.622151,86.186441,86.622151,0.4357100000000002,True,cis,False,False,False,cis,False,0.3065595716198125,0.263455248290217,0.4995051869685103,Tier_1_HighConfidence,Adipose,proximal,,,,,,,,,,,,,,,,,,,,,,,,,,,,,left_only,True,False,False,False,False,,tissue_specific,,,27.98020747874041
1872.0,ENSRNOG00000007256,C5h8orf88,similar to human chromosome 8 open reading frame 88,Chr5: 28.330166,5.442,53.6,Chr5: 28.616757,-1.357,Chr5,28.330166,Chr5,28.616757,28.330166,28.616757,0.2865910000000014,True,cis,False,False,False,cis,False,0.2248995983935743,0.3449301219149568,0.4994404021079859,Tier_1_HighConfidence,Adipose,proximal,,,,,,,,,,,,,,,,,,,,,,,,,,,,,left_only,True,False,False,False,False,,tissue_specific,,,27.977616084319436
4453.0,ENSRNOG00000016632,Dsg3,desmoglein 3,Chr18: 11.799354,1.439,58.5,Chr18: 12.199016,1.241,Chr18,11.799354,Chr18,12.199016,11.799354,12.199016,0.399662000000001,True,cis,False,False,False,cis,False,0.2576974564926372,0.3104371097234612,0.4988470981756344,Tier_1_HighConfidence,Adipose,proximal,,,,,,,,,,,,,,,,,,,,,,,,,,,,,left_only,True,False,False,False,False,,tissue_specific,,,27.953883927025377
27790.0,ENSRNOG00000032664,RT1-S2,"RT1 class Ib, locus S2",Chr20: 2.650232,1.166,48.3,Chr20: 2.611182,0.983,Chr20,2.650232,Chr20,2.611182,2.650232,2.611182,0.03905,True,cis,False,False,False,cis,False,0.1894243641231592,0.2337198929527208,0.448100489976558,Tier_2_Validate,Adipose,promoter,,,,,,,,,,,,,,,,,,,,,,,,,,,,,left_only,True,False,False,False,False,,tissue_specific,,,27.92401959906232
,,Clec2l,,,,,,,,,,,,,,,,,,,,,,,,,,,3049.0,ENSRNOG00000029644,"C-type lectin domain family 2, member L",Chr4: 67.392117,4.079,79.6,Chr4: 67.575059,1.268,Chr4,67.392117,Chr4,67.575059,67.392117,67.575059,0.182941999999997,True,cis,False,False,False,cis,False,0.3830334190231362,0.1806500377928949,0.4972892098856108,Tier_1_HighConfidence,Liver,proximal,right_only,False,True,False,False,False,,tissue_specific,,,27.891568395424432
,,Elavl2,,,,,,,,,,,,,,,,,,,,,,,,,,,4760.0,ENSRNOG00000006853,ELAV like RNA binding protein 2,Chr5: 106.086462,2.626,68.6,Chr5: 106.507856,1.587,Chr5,106.086462,Chr5,106.507856,106.086462,106.507856,0.4213940000000065,True,cis,False,False,False,cis,False,0.3123393316195372,0.2409297052154194,0.4936441628922348,Tier_1_HighConfidence,Liver,proximal,right_only,False,True,False,False,False,,tissue_specific,,,27.74576651568939
12645.0,UNCHAR_LOC108351885,LOC108351885,uncharacterized LOC108351885,Chr9: 10.025220,3.91,44.7,Chr9: 9.211178,-0.762,Chr9,10.02522,Chr9,9.211178,10.02522,9.211178,0.8140419999999988,True,cis,False,True,True,cis,False,0.1653279785809906,0.168004757656854,0.3166664576832456,Tier_2_Validate,Adipose,proximal,12645.0,UNCHAR_LOC108351885,uncharacterized LOC108351885,Chr9: 10.025220,2.013,20.6,Chr9: 5.497561,-0.868,Chr9,10.02522,Chr9,5.497561,10.02522,5.497561,4.527658999999999,False,trans,False,True,True,trans_moderate,True,0.0038560411311054,0.1050642479213908,0.1381221011683736,Tier_3_FlaggedInspect,Liver,trans,both,True,True,True,True,True,3.713617,tissue_specific_cis,0.3841410316897907,0.18371854287631606,27.666658307329826
8354.0,UNCHAR_Lilrb1,Lilrb1,leukocyte immunoglobulin like receptor B1,Chr1: 65.457263,6.305,73.9,Chr1: 65.713205,0.825,Chr1,65.457263,Chr1,65.713205,65.457263,65.713205,0.2559420000000045,True,cis,False,False,False,cis,False,0.3607764390896921,0.1867380315194766,0.491630064713209,Tier_1_HighConfidence,Adipose,proximal,,,,,,,,,,,,,,,,,,,,,,,,,,,,,left_only,True,False,False,False,False,,tissue_specific,,,27.66520258852836
,,LOC100361547,,,,,,,,,,,,,,,,,,,,,,,,,,,8560.0,ENSRNOG00000065743,"cytochrome P450, family 2, subfamily c, polypeptide 7 like 1",Chr1: 238.457700,1.859,46.7,Chr1: 238.452893,1.529,Chr1,238.4577,Chr1,238.452893,238.4577,238.452893,0.0048069999999995,True,cis,False,False,True,cis,False,0.1715938303341902,0.2299697656840514,0.4405472586063845,Tier_2_Validate,Liver,promoter,right_only,False,True,False,False,False,,tissue_specific,,,27.62189034425538
1724.0,ENSRNOG00000002728,Btc,betacellulin,Chr14: 16.708446,3.978,61.9,Chr14: 17.079721,-1.065,Chr14,16.708446,Chr14,17.079721,16.708446,17.079721,0.3712750000000007,True,cis,False,False,False,cis,False,0.2804551539491298,0.2581028843294677,0.488495313397509,Tier_1_HighConfidence,Adipose,proximal,,,,,,,,,,,,,,,,,,,,,,,,,,,,,left_only,True,False,False,False,False,,tissue_specific,,,27.53981253590036
32664.0,ENSRNOG00000054736,Vom2r16,"vomeronasal 2 receptor, 16",Chr1: 63.236377,1.133,61.4,Chr1: 63.505542,1.064,Chr1,63.236377,Chr1,63.505542,63.236377,63.505542,0.269165000000001,True,cis,False,False,False,cis,False,0.2771084337349397,0.2578055307760927,0.4872198875788613,Tier_1_HighConfidence,Adipose,proximal,,,,,,,,,,,,,,,,,,,,,,,,,,,,,left_only,True,False,False,False,False,,tissue_specific,,,27.488795503154453
1746.0,ENSRNOG00000064738,Btnl8,butyrophilin-like 8,Chr20: 4.264839,2.823,53.9,Chr20: 4.101122,-1.232,Chr20,4.264839,Chr20,4.101122,4.264839,4.101122,0.1637170000000001,True,cis,False,False,False,cis,False,0.2269076305220883,0.3077609277430865,0.4871339953928111,Tier_1_HighConfidence,Adipose,proximal,,,,,,,,,,,,,,,,,,,,,,,,,,,,,left_only,True,False,False,False,False,,tissue_specific,,,27.485359815712442
,,Hps1,,,,,,,,,,,,,,,,,,,,,,,,,,,6977.0,ENSRNOG00000045838,"HPS1, biogenesis of lysosomal organelles complex 3 subunit 1",Chr1: 241.577256,7.499,64.5,Chr1: 241.553485,0.851,Chr1,241.577256,Chr1,241.553485,241.577256,241.553485,0.0237710000000106,True,cis,False,False,False,cis,False,0.2859897172236504,0.1018518518518518,0.4357445491764258,Tier_2_Validate,Liver,promoter,right_only,False,True,False,False,False,,tissue_specific,,,27.429781967057032
1870.0,ENSRNOG00000026169,C5h1orf87,similar to human chromosome 1 open reading frame 87,Chr5: 111.411575,1.24,46.8,Chr5: 111.411343,-0.885,Chr5,111.411575,Chr5,111.411343,111.411575,111.411343,0.0002319999999969,True,cis,False,False,False,cis,False,0.179384203480589,0.2045792447219744,0.4343872068708971,Tier_2_Validate,Adipose,promoter,,,,,,,,,,,,,,,,,,,,,,,,,,,,,left_only,True,False,False,False,False,,tissue_specific,,,27.375488274835885
28287.0,ENSRNOG00000025612,Sez6l,seizure related 6 homolog like,Chr12: 44.064900,1.538,40.1,Chr12: 43.066301,1.508,Chr12,44.0649,Chr12,43.066301,44.0649,43.066301,0.9985989999999988,True,cis,False,False,False,cis,False,0.1345381526104417,0.3898305084745762,0.4835290313797562,Tier_1_HighConfidence,Adipose,proximal,,,,,,,,,,,,,,,,,,,,,,,,,,,,,left_only,True,False,False,False,False,,tissue_specific,,,27.34116125519025
,,Cpb1,,,,,,,,,,,,,,,,,,,,,,,,,,,3373.0,ENSRNOG00000030904,carboxypeptidase B1,Chr2: 102.785627,3.143,45.6,Chr2: 102.851458,-1.457,Chr2,102.785627,Chr2,102.851458,102.785627,102.851458,0.0658309999999886,True,cis,False,False,False,cis,False,0.1645244215938303,0.2163643235071806,0.4333110607853538,Tier_2_Validate,Liver,promoter,right_only,False,True,False,False,False,,tissue_specific,,,27.33244243141415
8824.0,UNCHAR_LOC100911506,LOC100911506,uncharacterized LOC100911506,Chr14: 44.318609,4.613,81.0,Chr14: 44.394691,-1.058,Chr14,44.318609,Chr14,44.394691,44.318609,44.394691,0.0760819999999995,True,cis,False,True,True,cis,False,0.4082998661311914,0.256021409455843,0.432512446455462,Tier_2_Validate,Adipose,promoter,,,,,,,,,,,,,,,,,,,,,,,,,,,,,left_only,True,False,False,False,False,,tissue_specific,,,27.30049785821848
9966.0,ENSRNOG00000083324,LOC102551006,uncharacterized LOC102551006,Chr5: 21.628170,1.161,78.0,Chr5: 21.572861,1.114,Chr5,21.62817,Chr5,21.572861,21.62817,21.572861,0.0553090000000011,True,cis,False,True,True,cis,False,0.3882195448460508,0.2726732084448409,0.4313124636518121,Tier_2_Validate,Adipose,promoter,,,,,,,,,,,,,,,,,,,,,,,,,,,,,left_only,True,False,False,False,False,,tissue_specific,,,27.252498546072484
27768.0,UNCHAR_RT1-CE7,RT1-CE7,"RT1 class I, locus CE7",Chr20: 3.434258,1.034,40.5,Chr20: 6.357718,2.196,Chr20,3.434258,Chr20,6.357718,3.434258,6.357718,2.9234600000000004,True,cis,False,False,False,cis,False,0.1372155287817938,0.5944097531965508,0.5560688486924206,Tier_1_HighConfidence,Adipose,distal_cis,,,,,,,,,,,,,,,,,,,,,,,,,,,,,left_only,True,False,False,False,False,,tissue_specific,,,27.242753947696823
,,RT1-CE6,,,,,,,,,,,,,,,,,,,,,,,,,,,27767.0,UNCHAR_RT1-CE6,"RT1 class I, locus CE6",Chr20: 3.461855,1.517,69.0,Chr20: 3.601132,1.373,Chr20,3.461855,Chr20,3.601132,3.461855,3.601132,0.1392770000000003,True,cis,False,False,False,cis,False,0.3149100257069409,0.2004913076341647,0.4803904666693869,Tier_1_HighConfidence,Liver,proximal,right_only,False,True,False,False,False,,tissue_specific,,,27.215618666775477
,,Ebf4,,,,,,,,,,,,,,,,,,,,,,,,,,,4571.0,ENSRNOG00000007408,EBF family member 4,Chr3: 117.498185,3.433,68.3,Chr3: 117.823761,-1.386,Chr3,117.498185,Chr3,117.823761,117.498185,117.823761,0.3255759999999981,True,cis,False,False,False,cis,False,0.3104113110539845,0.2029478458049886,0.4796757049006406,Tier_1_HighConfidence,Liver,proximal,right_only,False,True,False,False,False,,tissue_specific,,,27.187028196025622
3780.0,ENSRNOG00000080638,Cyp2d3,"cytochrome P450, family 2, subfamily d, polypeptide 3",Chr7: 113.922067,3.526,36.9,Chr7: 113.822112,1.062,Chr7,113.922067,Chr7,113.822112,113.922067,113.822112,0.0999549999999942,True,cis,False,False,False,cis,False,0.1131191432396251,0.2572108236693428,0.4296154884181388,Tier_2_Validate,Adipose,promoter,,,,,,,,,,,,,,,,,,,,,,,,,,,,,left_only,True,False,False,False,False,,tissue_specific,,,27.184619536725553
,,Miox,,,,,,,,,,,,,,,,,,,,,,,,,,,21486.0,ENSRNOG00000008694,myo-inositol oxygenase,Chr7: 120.405030,7.024,63.8,Chr7: 120.551699,1.524,Chr7,120.40503,Chr7,120.551699,120.40503,120.551699,0.1466690000000028,True,cis,False,False,False,cis,False,0.2814910025706941,0.2290249433106576,0.478680581058473,Tier_1_HighConfidence,Liver,proximal,right_only,False,True,False,False,False,,tissue_specific,,,27.14722324233892
30948.0,ENSRNOG00000002468,Tnr,tenascin R,Chr13: 71.751713,4.286,25.0,Chr13: 72.375244,1.79,Chr13,71.751713,Chr13,72.375244,71.751713,72.375244,0.6235309999999998,True,cis,False,False,False,cis,False,0.0334672021419009,0.4736842105263157,0.4775029944338758,Tier_1_HighConfidence,Adipose,proximal,,,,,,,,,,,,,,,,,,,,,,,,,,,,,left_only,True,False,False,False,False,,tissue_specific,,,27.100119777355033
29088.0,ENSRNOG00000055018,Snora26,"small nucleolar RNA, H/ACA box 26",Chr14: 34.127759,0.897,39.6,Chr14: 33.884771,-1.461,Chr14,34.127759,Chr14,33.884771,34.127759,33.884771,0.2429879999999968,True,cis,False,False,False,cis,False,0.1311914323962516,0.375854891465953,0.4774662133517716,Tier_1_HighConfidence,Adipose,proximal,,,,,,,,,,,,,,,,,,,,,,,,,,,,,left_only,True,False,False,False,False,,tissue_specific,,,27.098648534070865
8127.0,ENSRNOG00000070593,Krtap16-1,keratin associated protein 16-1,Chr10: 84.916983,1.537,44.4,Chr10: 84.798077,-1.345,Chr10,84.916983,Chr10,84.798077,84.916983,84.798077,0.1189059999999955,True,cis,False,False,False,cis,False,0.1633199464524765,0.3413618792744573,0.4766386390044268,Tier_2_Validate,Adipose,proximal,,,,,,,,,,,,,,,,,,,,,,,,,,,,,left_only,True,False,False,False,False,,tissue_specific,,,27.06554556017707
18247.0,UNCHAR_LOC120100693,LOC120100693,uncharacterized LOC120100693,Chr2: 33.734739,2.164,67.9,Chr2: 33.741686,-1.29,Chr2,33.734739,Chr2,33.741686,33.734739,33.741686,0.0069470000000038,True,cis,False,True,True,cis,False,0.320615796519411,0.3250074338388343,0.4259681306253858,Tier_2_Validate,Adipose,promoter,,,,,,,,,,,,,,,,,,,,,,,,,,,,,left_only,True,False,False,False,False,,tissue_specific,,,27.038725225015433
,,Inava,,,,,,,,,,,,,,,,,,,,,,,,,,,7375.0,ENSRNOG00000025948,innate immunity activator,Chr13: 47.687382,3.969,66.9,Chr13: 47.930266,-1.376,Chr13,47.687382,Chr13,47.930266,47.687382,47.930266,0.2428840000000036,True,cis,False,False,False,cis,False,0.301413881748072,0.201058201058201,0.4758652289821955,Tier_1_HighConfidence,Liver,proximal,right_only,False,True,False,False,False,,tissue_specific,,,27.03460915928782
24766.0,ENSRNOG00000000386,Pbld1,phenazine biosynthesis-like protein domain containing 1,Chr20: 25.566542,2.921,36.9,Chr20: 25.549211,1.024,Chr20,25.566542,Chr20,25.549211,25.566542,25.549211,0.0173309999999986,True,cis,False,False,False,cis,False,0.1131191432396251,0.2459113886410942,0.4256606861582518,Tier_2_Validate,Adipose,promoter,,,,,,,,,,,,,,,,,,,,,,,,,,,,,left_only,True,False,False,False,False,,tissue_specific,,,27.02642744633007
26831.0,ENSRNOG00000042726,RGD1560775,similar to RIKEN cDNA 4930579C12 gene,Chr8: 89.716766,1.775,40.1,Chr8: 89.699592,0.922,Chr8,89.716766,Chr8,89.699592,89.716766,89.699592,0.0171740000000113,True,cis,False,False,False,cis,False,0.1345381526104417,0.215581326196848,0.4225418175825515,Tier_2_Validate,Adipose,promoter,,,,,,,,,,,,,,,,,,,,,,,,,,,,,left_only,True,False,False,False,False,,tissue_specific,,,26.90167270330206
,,LOC685767,,,,,,,,,,,,,,,,,,,,,,,,,,,20454.0,UNCHAR_LOC685767,uncharacterized LOC685767,Chr11: 55.350432,2.94,72.1,Chr11: 55.372546,-1.894,Chr11,55.350432,Chr11,55.372546,55.350432,55.372546,0.0221140000000019,True,cis,False,True,True,cis,False,0.3348329048843187,0.2989417989417989,0.4218211463391411,Tier_2_Validate,Liver,promoter,right_only,False,True,False,False,False,,tissue_specific,,,26.872845853565643
3422.0,ENSRNOG00000015902,Cpxm2,"carboxypeptidase X (M14 family), member 2",Chr1: 186.947221,9.134,46.5,Chr1: 186.963051,-0.735,Chr1,186.947221,Chr1,186.963051,186.947221,186.963051,0.015829999999994,True,cis,False,False,False,cis,False,0.1773761713520749,0.15997621171573,0.4180733340737317,Tier_2_Validate,Adipose,promoter,,,,,,,,,,,,,,,,,,,,,,,,,,,,,left_only,True,False,False,False,False,,tissue_specific,,,26.72293336294927
25024.0,ENSRNOG00000014462_1,Pfas,"farnesyltransferase, CAAX box, subunit alpha",Chr10: 53.711810,8.925,57.9,Chr10: 53.742243,-0.469,Chr10,53.71181,Chr10,53.742243,53.71181,53.742243,0.0304330000000021,True,cis,False,False,False,cis,False,0.2536813922356091,0.0808801665179898,0.4170965455637596,Tier_2_Validate,Adipose,promoter,,,,,,,,,,,,,,,,,,,,,,,,,,,,,left_only,True,False,False,False,False,,tissue_specific,,,26.683861822550384
,,Pkib,,,,,,,,,,,,,,,,,,,,,,,,,,,25264.0,UNCHAR_Pkib,cAMP-dependent protein kinase inhibitor beta,Chr20: 36.965171,4.322,45.3,Chr20: 36.959102,1.191,Chr20,36.965171,Chr20,36.959102,36.965171,36.959102,0.0060689999999965,True,cis,False,False,False,cis,False,0.1625964010282776,0.1660997732426304,0.4150436609948178,Tier_2_Validate,Liver,promoter,right_only,False,True,False,False,False,,tissue_specific,,,26.601746439792713
,,LOC120096589,,,,,,,,,,,,,,,,,,,,,,,,,,,15516.0,UNCHAR_LOC120096589,uncharacterized LOC120096589,Chr14: 20.675110,2.562,93.7,Chr14: 19.903596,-1.792,Chr14,20.67511,Chr14,19.903596,20.67511,19.903596,0.7715139999999998,True,cis,False,True,True,cis,False,0.4736503856041131,0.2796674225245654,0.4636612328450374,Tier_2_Validate,Liver,proximal,right_only,False,True,False,False,False,,tissue_specific,,,26.546449313801496
30731.0,ENSRNOG00000031348,Tmem232,transmembrane protein 232,Chr9: 105.115736,2.032,49.4,Chr9: 105.308155,-1.103,Chr9,105.115736,Chr9,105.308155,105.115736,105.308155,0.192419000000001,True,cis,False,False,False,cis,False,0.1967871485943775,0.2694023193577163,0.4631663137832328,Tier_2_Validate,Adipose,proximal,,,,,,,,,,,,,,,,,,,,,,,,,,,,,left_only,True,False,False,False,False,,tissue_specific,,,26.526652551329313
21731.0,UNCHAR_Mir6321,Mir6321,microRNA 6321,Chr14: 19.459456,2.083,56.1,Chr14: 19.903596,0.952,Chr14,19.459456,Chr14,19.903596,19.459456,19.903596,0.4441400000000008,True,cis,False,False,False,cis,False,0.2416331994645247,0.2245019327980969,0.4631472962919175,Tier_2_Validate,Adipose,proximal,,,,,,,,,,,,,,,,,,,,,,,,,,,,,left_only,True,False,False,False,False,,tissue_specific,,,26.5258918516767
32002.0,ENSRNOG00000004411,Tspan8,tetraspanin 8,Chr7: 51.444945,7.137,62.0,Chr7: 51.760433,-0.804,Chr7,51.444945,Chr7,51.760433,51.444945,51.760433,0.315488000000002,True,cis,False,False,False,cis,False,0.2811244979919678,0.1804936068986024,0.4615663367116995,Tier_2_Validate,Adipose,proximal,,,,,,,,,,,,,,,,,,,,,,,,,,,,,left_only,True,False,False,False,False,,tissue_specific,,,26.46265346846798
,,LOC120101826,,,,,,,,,,,,,,,,,,,,,,,,,,,18995.0,UNCHAR_LOC120101826,zinc finger protein 431-like,Chr3: 164.541156,2.009,59.2,Chr3: 164.153483,-1.414,Chr3,164.541156,Chr3,164.153483,164.541156,164.153483,0.3876730000000066,True,cis,False,False,True,cis,False,0.2519280205655527,0.2082388510959939,0.4610584050815413,Tier_2_Validate,Liver,proximal,right_only,False,True,False,False,False,,tissue_specific,,,26.44233620326165
,,Fxyd2,,,,,,,,,,,,,,,,,,,,,,,,,,,5760.0,ENSRNOG00000016469,FXYD domain-containing ion transport regulator 2,Chr8: 45.712900,4.686,64.2,Chr8: 45.814875,-1.216,Chr8,45.7129,Chr8,45.814875,45.7129,45.814875,0.101975000000003,True,cis,False,False,False,cis,False,0.2840616966580977,0.1708238851095994,0.459209953618694,Tier_2_Validate,Liver,proximal,right_only,False,True,False,False,False,,tissue_specific,,,26.368398144747758
28364.0,ENSRNOG00000009613,Sh3bgrl2,SH3 domain binding glutamate-rich protein like 2,Chr8: 84.461018,8.462,69.2,Chr8: 84.236358,-0.608,Chr8,84.461018,Chr8,84.236358,84.461018,84.236358,0.22466,True,cis,False,False,False,cis,False,0.3293172690763052,0.1222123104371097,0.4580353528296952,Tier_2_Validate,Adipose,proximal,,,,,,,,,,,,,,,,,,,,,,,,,,,,,left_only,True,False,False,False,False,,tissue_specific,,,26.321414113187807
,,Igsf7,,,,,,,,,,,,,,,,,,,,,,,,,,,7254.0,ENSRNOG00000046216,"immunoglobulin superfamily, member 7",Chr10: 100.153766,2.704,51.6,Chr10: 99.574645,1.623,Chr10,100.153766,Chr10,99.574645,100.153766,99.574645,0.5791210000000007,True,cis,False,False,False,cis,False,0.2030848329048843,0.2477324263038548,0.4577860407230587,Tier_2_Validate,Liver,proximal,right_only,False,True,False,False,False,,tissue_specific,,,26.311441628922346
,,Fabp12,,,,,,,,,,,,,,,,,,,,,,,,,,,5117.0,ENSRNOG00000038825,fatty acid binding protein 12,Chr2: 91.539567,4.723,61.9,Chr2: 90.622770,-1.272,Chr2,91.539567,Chr2,90.62277,91.539567,90.62277,0.9167970000000024,True,cis,False,False,False,cis,False,0.269280205655527,0.1814058956916099,0.4577401354714979,Tier_2_Validate,Liver,proximal,right_only,False,True,False,False,False,,tissue_specific,,,26.309605418859917
1744.0,UNCHAR_Btnl5,Btnl5,butyrophilin-like 5,Chr20: 4.366779,0.831,48.2,Chr20: 4.679209,-1.076,Chr20,4.366779,Chr20,4.679209,4.366779,4.679209,0.31243,True,cis,False,False,False,cis,False,0.1887550200803213,0.2613737734165923,0.4575450777239197,Tier_2_Validate,Adipose,proximal,,,,,,,,,,,,,,,,,,,,,,,,,,,,,left_only,True,False,False,False,False,,tissue_specific,,,26.30180310895679
28073.0,ENSRNOG00000009528,Sdcbp2,syndecan binding protein 2,Chr3: 140.060745,8.57,54.5,Chr3: 140.097827,0.453,Chr3,140.060745,Chr3,140.097827,140.060745,140.097827,0.037081999999998,True,cis,False,False,False,cis,False,0.2309236947791164,0.0761225096639904,0.4074661715550874,Tier_2_Validate,Adipose,promoter,,,,,,,,,,,,,,,,,,,,,,,,,,,,,left_only,True,False,False,False,False,,tissue_specific,,,26.298646862203498
9585.0,UNCHAR_LOC102549291,LOC102549291,uncharacterized LOC102549291,Chr3: 138.835646,4.499,72.3,Chr3: 138.848480,1.003,Chr3,138.835646,Chr3,138.84848,138.835646,138.84848,0.012833999999998,True,cis,False,True,True,cis,False,0.3500669344042837,0.23966696402022,0.4064068644485763,Tier_2_Validate,Adipose,promoter,,,,,,,,,,,,,,,,,,,,,,,,,,,,,left_only,True,False,False,False,False,,tissue_specific,,,26.256274577943053
,,Fam169b,,,,,,,,,,,,,,,,,,,,,,,,,,,5185.0,ENSRNOG00000022822,"family with sequence similarity 169, member B",Chr1: 121.878669,5.961,51.5,Chr1: 121.226637,1.599,Chr1,121.878669,Chr1,121.226637,121.878669,121.226637,0.6520320000000055,True,cis,False,False,False,cis,False,0.2024421593830334,0.2431972789115646,0.4559738034031092,Tier_2_Validate,Liver,proximal,right_only,False,True,False,False,False,,tissue_specific,,,26.238952136124368
3013.0,ENSRNOG00000011424,Cldn23,claudin 23,Chr16: 56.413676,3.786,35.1,Chr16: 56.494473,-0.857,Chr16,56.413676,Chr16,56.494473,56.413676,56.494473,0.0807969999999969,True,cis,False,False,False,cis,False,0.1010709504685408,0.1962533452274754,0.4040635034936056,Tier_2_Validate,Adipose,promoter,,,,,,,,,,,,,,,,,,,,,,,,,,,,,left_only,True,False,False,False,False,,tissue_specific,,,26.162540139744223
,,Dhh,,,,,,,,,,,,,,,,,,,,,,,,,,,4129.0,ENSRNOG00000053675,desert hedgehog signaling molecule,Chr7: 130.056405,1.7,59.5,Chr7: 129.645702,-1.298,Chr7,130.056405,Chr7,129.645702,130.056405,129.645702,0.4107030000000122,True,cis,False,False,False,cis,False,0.2538560411311054,0.1863189720332577,0.454061254607527,Tier_2_Validate,Liver,proximal,right_only,False,True,False,False,False,,tissue_specific,,,26.16245018430108
25254.0,ENSRNOG00000045626,Pkd1l2,polycystin 1 like 2,Chr19: 45.136502,4.332,54.7,Chr19: 45.316201,0.896,Chr19,45.136502,Chr19,45.316201,45.136502,45.316201,0.1796989999999994,True,cis,False,False,False,cis,False,0.2322623828647925,0.207850133809099,0.454039380835862,Tier_2_Validate,Adipose,proximal,,,,,,,,,,,,,,,,,,,,,,,,,,,,,left_only,True,False,False,False,False,,tissue_specific,,,26.16157523343448
10528.0,UNCHAR_LOC102553634,LOC102553634,uncharacterized LOC102553634,Chr11: 42.183098,4.252,89.9,Chr11: 42.033724,-1.063,Chr11,42.183098,Chr11,42.033724,42.183098,42.033724,0.1493740000000016,True,cis,False,True,True,cis,False,0.4678714859437751,0.2575081772227178,0.4538828821082724,Tier_2_Validate,Adipose,proximal,,,,,,,,,,,,,,,,,,,,,,,,,,,,,left_only,True,False,False,False,False,,tissue_specific,,,26.155315284330896
30702.0,ENSRNOG00000047783,Tmem200a,transmembrane protein 200A,Chr1: 19.323645,3.543,46.3,Chr1: 19.651811,-1.08,Chr1,19.323645,Chr1,19.651811,19.323645,19.651811,0.3281659999999995,True,cis,False,False,False,cis,False,0.1760374832663989,0.2625631876300922,0.4535102348137718,Tier_2_Validate,Adipose,proximal,,,,,,,,,,,,,,,,,,,,,,,,,,,,,left_only,True,False,False,False,False,,tissue_specific,,,26.140409392550872
13434.0,UNCHAR_LOC120093626,LOC120093626,uncharacterized LOC120093626,Chr7: 61.940111,4.366,79.7,Chr7: 61.809626,-1.288,Chr7,61.940111,Chr7,61.809626,61.940111,61.809626,0.1304850000000001,True,cis,False,True,True,cis,False,0.3995983935742972,0.3244127267320844,0.4534038921072335,Tier_2_Validate,Adipose,proximal,,,,,,,,,,,,,,,,,,,,,,,,,,,,,left_only,True,False,False,False,False,,tissue_specific,,,26.13615568428934
18356.0,UNCHAR_LOC120100829,LOC120100829,uncharacterized LOC120100829,Chr2: 142.229854,5.301,105.3,Chr7: 133.296205,-2.391,Chr2,142.229854,Chr7,133.296205,142.229854,133.296205,inf,False,trans,False,True,True,MEGA_EFFECT;LOC_UNCHARACTERIZED,True,0.57095046854083,0.6523936961046685,0.5281704576259244,Tier_3_FlaggedInspect,Adipose,trans,,,,,,,,,,,,,,,,,,,,,,,,,,,,,left_only,True,False,False,False,False,,tissue_specific,,,26.126818305036977
3632.0,ENSRNOG00000016496,Ctsc,cathepsin C,Chr1: 142.028385,10.563,49.2,Chr1: 142.042856,-0.529,Chr1,142.028385,Chr1,142.042856,142.028385,142.042856,0.0144710000000145,True,cis,False,False,False,cis,False,0.1954484605087015,0.0987213797204876,0.4029594440802162,Tier_2_Validate,Adipose,promoter,,,,,,,,,,,,,,,,,,,,,,,,,,,,,left_only,True,False,False,False,False,,tissue_specific,,,26.11837776320865
,,LOC120093670,,,,,,,,,,,,,,,,,,,,,,,,,,,13470.0,UNCHAR_LOC120093670,uncharacterized LOC120093670,Chr7: 92.999436,4.062,82.8,Chr7: 93.103623,-1.999,Chr7,92.999436,Chr7,93.103623,92.999436,93.103623,0.104186999999996,True,cis,False,True,True,cis,False,0.403598971722365,0.3187830687830688,0.4528337141769017,Tier_2_Validate,Liver,proximal,right_only,False,True,False,False,False,,tissue_specific,,,26.11334856707607
1273.0,ENSRNOG00000030269,Atp2b2,ATPase plasma membrane Ca2+ transporting 2,Chr4: 147.208059,4.507,64.6,Chr4: 145.227332,-1.377,Chr4,147.208059,Chr4,145.227332,147.208059,145.227332,1.9807270000000017,True,cis,False,False,False,cis,False,0.2985274431057563,0.3508771929824561,0.5272916226308743,Tier_1_HighConfidence,Adipose,distal_cis,,,,,,,,,,,,,,,,,,,,,,,,,,,,,left_only,True,False,False,False,False,,tissue_specific,,,26.09166490523497
29038.0,ENSRNOG00000066945,Smpdl3a,"sphingomyelin phosphodiesterase, acid-like 3A",Chr20: 37.132591,11.135,51.4,Chr20: 37.180412,-0.473,Chr20,37.132591,Chr20,37.180412,37.132591,37.180412,0.047820999999999,True,cis,False,False,False,cis,False,0.2101740294511378,0.0820695807314897,0.4022852635639197,Tier_2_Validate,Adipose,promoter,,,,,,,,,,,,,,,,,,,,,,,,,,,,,left_only,True,False,False,False,False,,tissue_specific,,,26.091410542556787
,,LOC102550769,,,,,,,,,,,,,,,,,,,,,,,,,,,9916.0,UNCHAR_LOC102550769,uncharacterized LOC102550769,Chr8: 48.226957,3.126,58.2,Chr8: 48.321392,2.064,Chr8,48.226957,Chr8,48.321392,48.226957,48.321392,0.0944350000000042,True,cis,False,True,True,cis,False,0.2455012853470437,0.3310657596371882,0.4017984657444812,Tier_2_Validate,Liver,promoter,right_only,False,True,False,False,False,,tissue_specific,,,26.071938629779247
,,Oca2,,,,,,,,,,,,,,,,,,,,,,,,,,,23170.0,ENSRNOG00000014465,OCA2 melanosomal transmembrane protein,Chr1: 107.116277,2.513,54.9,Chr1: 106.636582,-1.415,Chr1,107.116277,Chr1,106.636582,107.116277,106.636582,0.4796949999999924,True,cis,False,False,False,cis,False,0.224293059125964,0.2084278155706727,0.4514523061438228,Tier_2_Validate,Liver,proximal,right_only,False,True,False,False,False,,tissue_specific,,,26.058092245752913
17647.0,ENSRNOG00000037348,LOC120099798,interferon stimulated exonuclease gene 20 like 1,Chr1: 93.701376,6.85,65.7,Chr1: 93.830128,0.617,Chr1,93.701376,Chr1,93.830128,93.701376,93.830128,0.1287520000000057,True,cis,False,False,True,cis,False,0.3058902275769746,0.1248884924174843,0.4507725519980606,Tier_2_Validate,Adipose,proximal,,,,,,,,,,,,,,,,,,,,,,,,,,,,,left_only,True,False,False,False,False,,tissue_specific,,,26.030902079922424
23093.0,ENSRNOG00000004727,Nup37,nucleoporin 37,Chr7: 22.556563,7.473,53.1,Chr7: 22.632021,-0.408,Chr7,22.556563,Chr7,22.632021,22.556563,22.632021,0.0754580000000011,True,cis,False,False,False,cis,False,0.2215528781793842,0.0627415997621171,0.3995030672795254,Tier_2_Validate,Adipose,promoter,,,,,,,,,,,,,,,,,,,,,,,,,,,,,left_only,True,False,False,False,False,,tissue_specific,,,25.980122691181016
,,Birc5,,,,,,,,,,,,,,,,,,,,,,,,,,,1575.0,ENSRNOG00000050819,baculoviral IAP repeat-containing 5,Chr10: 103.072529,3.084,44.5,Chr10: 102.999385,-0.98,Chr10,103.072529,Chr10,102.999385,103.072529,102.999385,0.0731439999999992,True,cis,False,False,False,cis,False,0.1574550128534704,0.1262282690854119,0.3992891486786089,Tier_2_Validate,Liver,promoter,right_only,False,True,False,False,False,,tissue_specific,,,25.971565947144356
11018.0,UNCHAR_LOC102556043,LOC102556043,zinc finger protein 431 like 12,Chr1: 93.655246,1.36,50.6,Chr1: 93.830128,0.938,Chr1,93.655246,Chr1,93.830128,93.655246,93.830128,0.1748819999999966,True,cis,False,False,True,cis,False,0.2048192771084337,0.2203389830508474,0.4488053910557483,Tier_2_Validate,Adipose,proximal,,,,,,,,,,,,,,,,,,,,,,,,,,,,,left_only,True,False,False,False,False,,tissue_specific,,,25.95221564222993
27793.0,ENSRNOG00000073529,RT1-T24-1,"RT1 class I, locus T24, gene 1",Chr20: 2.761494,5.531,62.6,Chr20: 3.601132,0.666,Chr20,2.761494,Chr20,3.601132,2.761494,3.601132,0.8396380000000003,True,cis,False,False,False,cis,False,0.285140562248996,0.1394588165328575,0.4486097825736487,Tier_2_Validate,Adipose,proximal,,,,,,,,,,,,,,,,,,,,,,,,,,,,,left_only,True,False,False,False,False,,tissue_specific,,,25.94439130294595
4599.0,ENSRNOG00000028598,Edar,ectodysplasin-A receptor,Chr20: 26.666542,2.726,33.7,Chr20: 26.692945,-0.826,Chr20,26.666542,Chr20,26.692945,26.666542,26.692945,0.0264030000000019,True,cis,False,False,False,cis,False,0.0917001338688085,0.1870353850728516,0.397557431629581,Tier_2_Validate,Adipose,promoter,,,,,,,,,,,,,,,,,,,,,,,,,,,,,left_only,True,False,False,False,False,,tissue_specific,,,25.90229726518324
6497.0,ENSRNOG00000001242,Gstt3,"glutathione S-transferase, theta 3",Chr20: 12.875183,10.729,46.3,Chr20: 12.773685,1.02,Chr20,12.875183,Chr20,12.773685,12.875183,12.773685,0.1014979999999994,True,cis,False,False,False,cis,False,0.1760374832663989,0.2447219744275943,0.4472658101928977,Tier_2_Validate,Adipose,proximal,,,,,,,,,,,,,,,,,,,,,,,,,,,,,left_only,True,False,False,False,False,,tissue_specific,,,25.890632407715906
29462.0,ENSRNOG00000013116,Spink5,"serine peptidase inhibitor, Kazal type 5",Chr18: 36.264451,1.173,39.9,Chr18: 35.289721,-1.159,Chr18,36.264451,Chr18,35.289721,36.264451,35.289721,0.974730000000001,True,cis,False,False,False,cis,False,0.1331994645247657,0.2860541183467142,0.4467387540050179,Tier_2_Validate,Adipose,proximal,,,,,,,,,,,,,,,,,,,,,,,,,,,,,left_only,True,False,False,False,False,,tissue_specific,,,25.869550160200717
,,Slc44a5,,,,,,,,,,,,,,,,,,,,,,,,,,,28790.0,ENSRNOG00000042332,"solute carrier family 44, member 5",Chr2: 242.911049,1.127,55.4,Chr2: 242.342321,-1.314,Chr2,242.911049,Chr2,242.342321,242.911049,242.342321,0.568727999999993,True,cis,False,False,False,cis,False,0.2275064267352185,0.1893424036281179,0.4458970906271677,Tier_2_Validate,Liver,proximal,right_only,False,True,False,False,False,,tissue_specific,,,25.83588362508671
,,LOC120096585,,,,,,,,,,,,,,,,,,,,,,,,,,,15514.0,UNCHAR_LOC120096585,uncharacterized LOC120096585,Chr14: 20.406945,6.882,81.8,Chr14: 19.903596,1.901,Chr14,20.406945,Chr14,19.903596,20.406945,19.903596,0.503349,True,cis,False,True,True,cis,False,0.397172236503856,0.3002645502645503,0.4441028753689422,Tier_2_Validate,Liver,proximal,right_only,False,True,False,False,False,,tissue_specific,,,25.76411501475769
,,Rfx6,,,,,,,,,,,,,,,,,,,,,,,,,,,26691.0,ENSRNOG00000027949,"regulatory factor X, 6",Chr20: 31.019783,2.419,44.9,Chr20: 30.822703,-1.629,Chr20,31.019783,Chr20,30.822703,31.019783,30.822703,0.1970799999999997,True,cis,False,False,False,cis,False,0.160025706940874,0.2488662131519274,0.4431121720324805,Tier_2_Validate,Liver,proximal,right_only,False,True,False,False,False,,tissue_specific,,,25.72448688129922
12616.0,UNCHAR_LOC108351754,LOC108351754,uncharacterized LOC108351754,Chr8: 84.651605,0.955,63.7,Chr8: 84.736853,1.067,Chr8,84.651605,Chr8,84.736853,84.651605,84.736853,0.0852479999999928,True,cis,False,True,True,cis,False,0.2925033467202142,0.2586975914362176,0.3929203283547511,Tier_2_Validate,Adipose,promoter,,,,,,,,,,,,,,,,,,,,,,,,,,,,,left_only,True,False,False,False,False,,tissue_specific,,,25.716813134190044
,,Gpbp1l2,,,,,,,,,,,,,,,,,,,,,,,,,,,6260.0,ENSRNOG00000016336,GC-rich promoter binding protein 1-like 2,Chr2: 221.964035,4.931,97.7,Chr5: 130.042292,-2.443,Chr2,221.964035,Chr5,130.042292,221.964035,130.042292,inf,False,trans,False,False,False,MEGA_EFFECT,True,0.4993573264781491,0.4026832955404384,0.5157142177065056,Tier_3_FlaggedInspect,Liver,trans,right_only,False,True,False,False,False,,tissue_specific,,,25.628568708260225
5916.0,ENSRNOG00000000168,Gatm,glycine amidinotransferase,Chr3: 109.675507,8.261,54.5,Chr3: 109.270516,-0.763,Chr3,109.675507,Chr3,109.270516,109.675507,109.270516,0.4049909999999954,True,cis,False,False,False,cis,False,0.2309236947791164,0.1683021112102289,0.4397290320962709,Tier_2_Validate,Adipose,proximal,,,,,,,,,,,,,,,,,,,,,,,,,,,,,left_only,True,False,False,False,False,,tissue_specific,,,25.589161283850835
,,Lox,,,,,,,,,,,,,,,,,,,,,,,,,,,20671.0,ENSRNOG00000014426,lysyl oxidase,Chr18: 45.977430,4.985,39.5,Chr18: 45.671598,1.759,Chr18,45.97743,Chr18,45.671598,45.97743,45.671598,0.3058319999999952,True,cis,False,False,False,cis,False,0.1253213367609254,0.2734315948601662,0.4395635260673821,Tier_2_Validate,Liver,proximal,right_only,False,True,False,False,False,,tissue_specific,,,25.582541042695283
,,Lrrc31,,,,,,,,,,,,,,,,,,,,,,,,,,,20757.0,ENSRNOG00000027971,leucine rich repeat containing 31,Chr2: 112.702843,0.57,42.3,Chr2: 112.752818,-0.899,Chr2,112.702843,Chr2,112.752818,112.702843,112.752818,0.0499750000000034,True,cis,False,False,False,cis,False,0.1433161953727506,0.1109221466364323,0.388983419703214,Tier_2_Validate,Liver,promoter,right_only,False,True,False,False,False,,tissue_specific,,,25.55933678812856
1743.0,ENSRNOG00000068088,Btnl4,butyrophilin-like 4,Chr20: 4.231349,0.714,43.2,Chr20: 4.679209,-1.004,Chr20,4.231349,Chr20,4.679209,4.231349,4.679209,0.4478600000000003,True,cis,False,False,False,cis,False,0.1552878179384203,0.239964317573595,0.4383382474292053,Tier_2_Validate,Adipose,proximal,,,,,,,,,,,,,,,,,,,,,,,,,,,,,left_only,True,False,False,False,False,,tissue_specific,,,25.53352989716821
29930.0,ENSRNOG00000027645,Syndig1l,synapse differentiation inducing 1-like,Chr6: 104.344988,1.648,29.4,Chr6: 104.374072,-0.834,Chr6,104.344988,Chr6,104.374072,104.344988,104.374072,0.0290839999999974,True,cis,False,False,False,cis,False,0.0629183400267737,0.1894142134998513,0.3883163937343188,Tier_2_Validate,Adipose,promoter,,,,,,,,,,,,,,,,,,,,,,,,,,,,,left_only,True,False,False,False,False,,tissue_specific,,,25.53265574937275
,,Tmem9,,,,,,,,,,,,,,,,,,,,,,,,,,,30833.0,ENSRNOG00000010204,transmembrane protein 9,Chr13: 47.458485,7.734,45.8,Chr13: 47.430149,0.766,Chr13,47.458485,Chr13,47.430149,47.458485,47.430149,0.028336000000003,True,cis,False,False,False,cis,False,0.1658097686375321,0.0857898715041572,0.3880598740495913,Tier_2_Validate,Liver,promoter,right_only,False,True,False,False,False,,tissue_specific,,,25.52239496198365
30916.0,ENSRNOG00000014464,Tnfsf13b,TNF superfamily member 13b,Chr16: 79.492887,6.608,42.5,Chr16: 79.457688,0.524,Chr16,79.492887,Chr16,79.457688,79.492887,79.457688,0.0351989999999915,True,cis,False,False,False,cis,False,0.1506024096385542,0.0972346119536128,0.3867429575572585,Tier_2_Validate,Adipose,promoter,,,,,,,,,,,,,,,,,,,,,,,,,,,,,left_only,True,False,False,False,False,,tissue_specific,,,25.46971830229034
12767.0,ENSRNOG00000089679,LOC108352304,uncharacterized LOC108352304,Chr11: 28.991550,4.338,68.9,Chr11: 28.840444,1.368,Chr11,28.99155,Chr11,28.840444,28.99155,28.840444,0.1511059999999986,True,cis,False,True,True,cis,False,0.3273092369477912,0.3482010110020815,0.4364285867824554,Tier_2_Validate,Adipose,proximal,,,,,,,,,,,,,,,,,,,,,,,,,,,,,left_only,True,False,False,False,False,,tissue_specific,,,25.457143471298217
290.0,ENSRNOG00000042478,Adam22,ADAM metallopeptidase domain 22,Chr4: 25.716054,7.668,61.1,Chr4: 25.286406,0.567,Chr4,25.716054,Chr4,25.286406,25.716054,25.286406,0.4296480000000002,True,cis,False,False,False,cis,False,0.2751004016064257,0.1100208147487362,0.4347924257243066,Tier_2_Validate,Adipose,proximal,,,,,,,,,,,,,,,,,,,,,,,,,,,,,left_only,True,False,False,False,False,,tissue_specific,,,25.391697028972263
1646.0,ENSRNOG00000017577,Bphl,biphenyl hydrolase like,Chr17: 30.837276,9.161,45.1,Chr17: 30.819586,0.445,Chr17,30.837276,Chr17,30.819586,30.837276,30.819586,0.0176899999999982,True,cis,False,False,False,cis,False,0.1680053547523427,0.0737436812369907,0.3846121625962667,Tier_2_Validate,Adipose,promoter,,,,,,,,,,,,,,,,,,,,,,,,,,,,,left_only,True,False,False,False,False,,tissue_specific,,,25.384486503850667
,,Arhgef40,,,,,,,,,,,,,,,,,,,,,,,,,,,1024.0,ENSRNOG00000052354,Rho guanine nucleotide exchange factor 40,Chr15: 24.672644,7.723,47.6,Chr15: 24.617522,0.652,Chr15,24.672644,Chr15,24.617522,24.672644,24.617522,0.0551219999999972,True,cis,False,False,False,cis,False,0.1773778920308483,0.0642479213907785,0.3845690346975694,Tier_2_Validate,Liver,promoter,right_only,False,True,False,False,False,,tissue_specific,,,25.382761387902775
6411.0,ENSRNOG00000006957,Gria4,glutamate ionotropic receptor AMPA type subunit 4,Chr8: 2.035034,4.214,40.2,Chr8: 1.532979,1.022,Chr8,2.035034,Chr8,1.532979,2.035034,1.532979,0.5020549999999999,True,cis,False,False,False,cis,False,0.1352074966532798,0.2453166815343443,0.4331834623656684,Tier_2_Validate,Adipose,proximal,,,,,,,,,,,,,,,,,,,,,,,,,,,,,left_only,True,False,False,False,False,,tissue_specific,,,25.327338494626737
6369.0,ENSRNOG00000077378,Gprin2,G protein regulated inducer of neurite outgrowth 2,Chr16: 9.512671,1.776,27.3,Chr16: 9.517626,-0.822,Chr16,9.512671,Chr16,9.517626,9.512671,9.517626,0.0049550000000007,True,cis,False,False,False,cis,False,0.0488621151271753,0.1858459708593517,0.3821478300952845,Tier_2_Validate,Adipose,promoter,,,,,,,,,,,,,,,,,,,,,,,,,,,,,left_only,True,False,False,False,False,,tissue_specific,,,25.285913203811383
22441.0,ENSRNOG00000067962,Nat8f3,N-acetyltransferase 8 (GCN5-related) family member 3,Chr4: 118.246009,6.471,55.1,Chr4: 118.133979,-0.67,Chr4,118.246009,Chr4,118.133979,118.246009,118.133979,0.1120300000000042,True,cis,False,False,False,cis,False,0.2349397590361445,0.1406482307463574,0.4314557964238756,Tier_2_Validate,Adipose,proximal,,,,,,,,,,,,,,,,,,,,,,,,,,,,,left_only,True,False,False,False,False,,tissue_specific,,,25.258231856955025
,,Slc35f2,,,,,,,,,,,,,,,,,,,,,,,,,,,28736.0,ENSRNOG00000009014,"solute carrier family 35, member F2",Chr8: 54.159969,1.334,32.8,Chr8: 54.179622,-1.107,Chr8,54.159969,Chr8,54.179622,54.159969,54.179622,0.0196530000000052,True,cis,False,False,False,cis,False,0.0822622107969151,0.1502267573696145,0.3813711388582853,Tier_2_Validate,Liver,promoter,right_only,False,True,False,False,False,,tissue_specific,,,25.25484555433141
25312.0,ENSRNOG00000010516,Plau,"plasminogen activator, urokinase",Chr15: 3.462731,9.404,40.0,Chr15: 3.436152,0.524,Chr15,3.462731,Chr15,3.436152,3.462731,3.436152,0.0265789999999999,True,cis,False,False,False,cis,False,0.1338688085676037,0.0972346119536128,0.3808861971824258,Tier_2_Validate,Adipose,promoter,,,,,,,,,,,,,,,,,,,,,,,,,,,,,left_only,True,False,False,False,False,,tissue_specific,,,25.23544788729703
14840.0,UNCHAR_LOC120095605,LOC120095605,uncharacterized LOC120095605,Chr11: 28.643442,2.98,69.5,Chr11: 28.831347,1.301,Chr11,28.643442,Chr11,28.831347,28.643442,28.831347,0.1879050000000006,True,cis,False,True,True,cis,False,0.3313253012048193,0.3282783229259589,0.4308612684457723,Tier_2_Validate,Adipose,proximal,,,,,,,,,,,,,,,,,,,,,,,,,,,,,left_only,True,False,False,False,False,,tissue_specific,,,25.234450737830894
,,Acy3,,,,,,,,,,,,,,,,,,,,,,,,,,,272.0,ENSRNOG00000017901,aminoacylase 3,Chr1: 201.279750,10.149,64.6,Chr1: 201.177465,-0.773,Chr1,201.27975,Chr1,201.177465,201.27975,201.177465,0.1022849999999948,True,cis,False,False,False,cis,False,0.2866323907455013,0.0871126228269085,0.4308107547503434,Tier_2_Validate,Liver,proximal,right_only,False,True,False,False,False,,tissue_specific,,,25.232430190013737
5672.0,ENSRNOG00000042605,Fpr2,formyl peptide receptor 2,Chr1: 58.776591,1.666,41.9,Chr1: 58.660722,-0.956,Chr1,58.776591,Chr1,58.660722,58.776591,58.660722,0.1158690000000035,True,cis,False,False,False,cis,False,0.1465863453815261,0.2256913470115967,0.430297192337593,Tier_2_Validate,Adipose,proximal,,,,,,,,,,,,,,,,,,,,,,,,,,,,,left_only,True,False,False,False,False,,tissue_specific,,,25.21188769350372
15837.0,ENSRNOG00000069144,LOC120097004,uncharacterized LOC120097004,Chr15: 35.449433,1.746,60.9,Chr15: 35.414731,1.007,Chr15,35.449433,Chr15,35.414731,35.449433,35.414731,0.0347019999999957,True,cis,False,True,True,cis,False,0.2737617135207496,0.2408563782337198,0.3801163321140642,Tier_2_Validate,Adipose,promoter,,,,,,,,,,,,,,,,,,,,,,,,,,,,,left_only,True,False,False,False,False,,tissue_specific,,,25.204653284562568
,,LOC102554231,,,,,,,,,,,,,,,,,,,,,,,,,,,10648.0,UNCHAR_LOC102554231,uncharacterized LOC102554231,Chr12: 17.828029,4.57,65.2,Chr12: 17.789478,1.482,Chr12,17.828029,Chr12,17.789478,17.828029,17.789478,0.0385510000000017,True,cis,False,True,True,cis,False,0.2904884318766067,0.2210884353741496,0.3790519035377647,Tier_2_Validate,Liver,promoter,right_only,False,True,False,False,False,,tissue_specific,,,25.16207614151059
,,Slc16a11,,,,,,,,,,,,,,,,,,,,,,,,,,,28545.0,ENSRNOG00000018748,"solute carrier family 16, member 11",Chr10: 54.929128,6.473,49.9,Chr10: 55.177413,1.237,Chr10,54.929128,Chr10,55.177413,54.929128,55.177413,0.2482850000000027,True,cis,False,False,False,cis,False,0.192159383033419,0.1747921390778533,0.4284330327389454,Tier_2_Validate,Liver,proximal,right_only,False,True,False,False,False,,tissue_specific,,,25.137321309557816
3831.0,ENSRNOG00000010600,Cysrt1,cysteine rich tail 1,Chr3: 8.057806,2.693,33.1,Chr3: 7.973758,0.651,Chr3,8.057806,Chr3,7.973758,8.057806,7.973758,0.0840479999999992,True,cis,False,False,False,cis,False,0.0876840696117804,0.1349985132322331,0.3779389039954047,Tier_2_Validate,Adipose,promoter,,,,,,,,,,,,,,,,,,,,,,,,,,,,,left_only,True,False,False,False,False,,tissue_specific,,,25.11755615981619
,,Spef2,,,,,,,,,,,,,,,,,,,,,,,,,,,29427.0,ENSRNOG00000058275,sperm flagellar 2,Chr2: 58.694717,1.29,32.0,Chr2: 58.606188,1.076,Chr2,58.694717,Chr2,58.606188,58.694717,58.606188,0.088528999999994,True,cis,False,False,False,cis,False,0.0771208226221079,0.1443688586545729,0.3775213884468383,Tier_2_Validate,Liver,promoter,right_only,False,True,False,False,False,,tissue_specific,,,25.10085553787353
,,RGD1561231,,,,,,,,,,,,,,,,,,,,,,,,,,,26856.0,UNCHAR_RGD1561231,uncharacterized RGD1561231,Chr17: 85.807841,3.439,76.8,Chr17: 85.401930,-1.804,Chr17,85.807841,Chr17,85.40193,85.807841,85.40193,0.4059110000000032,True,cis,False,True,False,cis,False,0.365038560411311,0.2819349962207105,0.4264407448212075,Tier_2_Validate,Liver,proximal,right_only,False,True,False,False,False,,tissue_specific,,,25.0576297928483
,,Naip6,,,,,,,,,,,,,,,,,,,,,,,,,,,22406.0,ENSRNOG00000033693,"NLR family, apoptosis inhibitory protein 6",Chr2: 31.548479,5.474,51.3,Chr2: 31.327083,1.156,Chr2,31.548479,Chr2,31.327083,31.548479,31.327083,0.2213960000000021,True,cis,False,False,False,cis,False,0.2011568123393316,0.1594860166288737,0.4262249901388718,Tier_2_Validate,Liver,proximal,right_only,False,True,False,False,False,,tissue_specific,,,25.048999605554872
27764.0,UNCHAR_RT1-CE3,RT1-CE3,"RT1 class I, locus CE3",Chr20: 3.520937,6.85,64.7,Chr20: 4.679209,1.123,Chr20,3.520937,Chr20,4.679209,3.520937,4.679209,1.1582720000000002,True,cis,False,False,False,cis,False,0.2991967871485944,0.2753493904252155,0.5010911621508334,Tier_1_HighConfidence,Adipose,distal_cis,,,,,,,,,,,,,,,,,,,,,,,,,,,,,left_only,True,False,False,False,False,,tissue_specific,,,25.043646486033335
,,Rtp4,,,,,,,,,,,,,,,,,,,,,,,,,,,27823.0,ENSRNOG00000066242,receptor (chemosensory) transporter protein 4,Chr11: 77.249193,9.795,43.4,Chr11: 77.181196,-0.662,Chr11,77.249193,Chr11,77.181196,77.249193,77.181196,0.0679970000000054,True,cis,False,False,False,cis,False,0.1503856041131105,0.0661375661375661,0.3757831095877368,Tier_2_Validate,Liver,promoter,right_only,False,True,False,False,False,,tissue_specific,,,25.03132438350947
7510.0,ENSRNOG00000011533,Irx3,iroquois homeobox 3,Chr19: 15.211881,3.339,39.0,Chr19: 14.762585,0.976,Chr19,15.211881,Chr19,14.762585,15.211881,14.762585,0.4492960000000003,True,cis,False,False,False,cis,False,0.1271753681392235,0.231638418079096,0.4255848251764118,Tier_2_Validate,Adipose,proximal,,,,,,,,,,,,,,,,,,,,,,,,,,,,,left_only,True,False,False,False,False,,tissue_specific,,,25.02339300705647
,,Pdzrn3,,,,,,,,,,,,,,,,,,,,,,,,,,,24976.0,ENSRNOG00000057556,PDZ domain containing RING finger 3,Chr4: 133.996958,7.39,36.3,Chr4: 133.915066,0.895,Chr4,133.996958,Chr4,133.915066,133.996958,133.915066,0.0818920000000105,True,cis,False,False,False,cis,False,0.1047557840616966,0.1101662887377173,0.3752227254797948,Tier_2_Validate,Liver,promoter,right_only,False,True,False,False,False,,tissue_specific,,,25.00890901919179
11657.0,UNCHAR_LOC103693572,LOC103693572,uncharacterized LOC103693572,Chr11: 56.002986,4.195,72.2,Chr11: 55.372546,-1.182,Chr11,56.002986,Chr11,55.372546,56.002986,55.372546,0.6304400000000001,True,cis,False,True,True,cis,False,0.3493975903614458,0.2928932500743383,0.4248017941525244,Tier_2_Validate,Adipose,proximal,,,,,,,,,,,,,,,,,,,,,,,,,,,,,left_only,True,False,False,False,False,,tissue_specific,,,24.992071766100977
37.0,ENSRNOG00000039494,Aass,aminoadipate-semialdehyde synthase,Chr4: 51.663135,3.445,40.9,Chr4: 52.192420,0.925,Chr4,51.663135,Chr4,52.19242,51.663135,52.19242,0.5292850000000016,True,cis,False,False,False,cis,False,0.1398929049531459,0.2164733868569729,0.4247282021335415,Tier_2_Validate,Adipose,proximal,,,,,,,,,,,,,,,,,,,,,,,,,,,,,left_only,True,False,False,False,False,,tissue_specific,,,24.98912808534166
27033.0,UNCHAR_RGD1564482,RGD1564482,uncharacterized RGD1564482,Chr5: 148.517518,3.231,68.9,Chr5: 148.448833,0.772,Chr5,148.517518,Chr5,148.448833,148.517518,148.448833,0.0686849999999879,True,cis,False,True,False,cis,False,0.3273092369477912,0.1709782931906036,0.3744006355484381,Tier_2_Validate,Adipose,promoter,,,,,,,,,,,,,,,,,,,,,,,,,,,,,left_only,True,False,False,False,False,,tissue_specific,,,24.976025421937525
3619.0,ENSRNOG00000010649,Ctnnd2,catenin delta 2,Chr2: 81.168524,6.224,41.8,Chr2: 81.456230,0.898,Chr2,81.168524,Chr2,81.45623,81.168524,81.45623,0.287706,True,cis,False,False,False,cis,False,0.145917001338688,0.2084448409158489,0.4240266447890879,Tier_2_Validate,Adipose,proximal,,,,,,,,,,,,,,,,,,,,,,,,,,,,,left_only,True,False,False,False,False,,tissue_specific,,,24.961065791563517
,,LOC100911718,,,,,,,,,,,,,,,,,,,,,,,,,,,8838.0,ENSRNOG00000082841,cytochrome P450 2C6-like,Chr1: 237.693100,11.75,38.8,Chr1: 237.090968,1.536,Chr1,237.6931,Chr1,237.090968,237.6931,237.090968,0.6021319999999832,True,cis,False,False,True,cis,False,0.1208226221079691,0.2312925170068027,0.4232402986901701,Tier_2_Validate,Liver,proximal,right_only,False,True,False,False,False,,tissue_specific,,,24.929611947606805
33270.0,ENSRNOG00000049605,Zfp296,zinc finger protein 296,Chr1: 79.228769,3.023,31.1,Chr1: 79.165093,-0.65,Chr1,79.228769,Chr1,79.165093,79.228769,79.165093,0.0636760000000009,True,cis,False,False,False,cis,False,0.07429718875502,0.1347011596788581,0.3731494219518574,Tier_2_Validate,Adipose,promoter,,,,,,,,,,,,,,,,,,,,,,,,,,,,,left_only,True,False,False,False,False,,tissue_specific,,,24.925976878074295
,,LOC108352728,,,,,,,,,,,,,,,,,,,,,,,,,,,12902.0,UNCHAR_LOC108352728,uncharacterized LOC108352728,Chr14: 20.404390,7.596,73.7,Chr14: 19.903596,1.851,Chr14,20.40439,Chr14,19.903596,20.40439,19.903596,0.5007939999999991,True,cis,False,True,True,cis,False,0.3451156812339332,0.2908163265306122,0.4225762027175909,Tier_2_Validate,Liver,proximal,right_only,False,True,False,False,False,,tissue_specific,,,24.903048108703636
,,Ncald,,,,,,,,,,,,,,,,,,,,,,,,,,,22459.0,ENSRNOG00000042978,neurocalcin delta,Chr7: 68.964739,5.918,50.5,Chr7: 68.665848,1.111,Chr7,68.964739,Chr7,68.665848,68.964739,68.665848,0.2988909999999976,True,cis,False,False,False,cis,False,0.1960154241645244,0.1509826152683295,0.4214493138014988,Tier_2_Validate,Liver,proximal,right_only,False,True,False,False,False,,tissue_specific,,,24.85797255205995
16627.0,UNCHAR_LOC120098153,LOC120098153,uncharacterized LOC120098153,Chr18: 22.110778,1.055,55.1,Chr18: 22.039241,1.049,Chr18,22.110778,Chr18,22.039241,22.110778,22.039241,0.0715369999999993,True,cis,False,True,True,cis,False,0.2349397590361445,0.2533452274754683,0.3708997452790644,Tier_2_Validate,Adipose,promoter,,,,,,,,,,,,,,,,,,,,,,,,,,,,,left_only,True,False,False,False,False,,tissue_specific,,,24.835989811162577
21086.0,ENSRNOG00000090872,Map6d1,MAP6 domain containing 1,Chr11: 80.734147,5.378,46.0,Chr11: 81.008767,0.768,Chr11,80.734147,Chr11,81.008767,80.734147,81.008767,0.2746200000000129,True,cis,False,False,False,cis,False,0.1740294511378848,0.1697888789771037,0.420336415540246,Tier_2_Validate,Adipose,proximal,,,,,,,,,,,,,,,,,,,,,,,,,,,,,left_only,True,False,False,False,False,,tissue_specific,,,24.813456621609838
13400.0,UNCHAR_LOC120093590,LOC120093590,uncharacterized LOC120093590,Chr7: 50.433096,6.747,54.7,Chr7: 50.445816,-1.05,Chr7,50.433096,Chr7,50.445816,50.433096,50.445816,0.0127200000000016,True,cis,False,True,True,cis,False,0.2322623828647925,0.2536425810288433,0.3700667373627725,Tier_2_Validate,Adipose,promoter,,,,,,,,,,,,,,,,,,,,,,,,,,,,,left_only,True,False,False,False,False,,tissue_specific,,,24.8026694945109
20959.0,ENSRNOG00000050784,Macrod2,mono-ADP ribosylhydrolase 2,Chr3: 127.720065,8.238,66.4,Chr3: 129.153371,-1.025,Chr3,127.720065,Chr3,129.153371,127.720065,129.153371,1.4333059999999875,True,cis,False,False,False,cis,False,0.3105756358768407,0.2462087421944691,0.4948745323249583,Tier_1_HighConfidence,Adipose,distal_cis,,,,,,,,,,,,,,,,,,,,,,,,,,,,,left_only,True,False,False,False,False,,tissue_specific,,,24.794981292998333
1980.0,ENSRNOG00000017882,Camk1d,calcium/calmodulin-dependent protein kinase ID,Chr17: 72.581898,7.719,40.0,Chr17: 72.549821,0.417,Chr17,72.581898,Chr17,72.549821,72.581898,72.549821,0.032077000000001,True,cis,False,False,False,cis,False,0.1338688085676037,0.0654177817424918,0.3697503066085335,Tier_2_Validate,Adipose,promoter,,,,,,,,,,,,,,,,,,,,,,,,,,,,,left_only,True,False,False,False,False,,tissue_specific,,,24.79001226434134
28328.0,ENSRNOG00000014603,Sgcg,"sarcoglycan, gamma",Chr15: 35.435071,10.13,38.8,Chr15: 35.414731,0.44,Chr15,35.435071,Chr15,35.414731,35.435071,35.414731,0.0203399999999973,True,cis,False,False,False,cis,False,0.1258366800535475,0.0722569134701159,0.3693327577332822,Tier_2_Validate,Adipose,promoter,,,,,,,,,,,,,,,,,,,,,,,,,,,,,left_only,True,False,False,False,False,,tissue_specific,,,24.77331030933129
22922.0,ENSRNOG00000017820,Nqo2,N-ribosyldihydronicotinamide:quinone dehydrogenase 2,Chr17: 30.938724,7.736,58.3,Chr17: 30.819586,-0.481,Chr17,30.938724,Chr17,30.819586,30.938724,30.819586,0.1191379999999995,True,cis,False,False,False,cis,False,0.2563587684069611,0.0844484091584894,0.4192825121479077,Tier_2_Validate,Adipose,proximal,,,,,,,,,,,,,,,,,,,,,,,,,,,,,left_only,True,False,False,False,False,,tissue_specific,,,24.771300485916306
7315.0,ENSRNOG00000023214,Il20rb,interleukin 20 receptor subunit beta,Chr8: 101.010828,7.872,36.1,Chr8: 101.106071,0.491,Chr8,101.010828,Chr8,101.106071,101.010828,101.106071,0.0952429999999964,True,cis,False,False,False,cis,False,0.107764390896921,0.087421944692239,0.368315217456206,Tier_2_Validate,Adipose,promoter,,,,,,,,,,,,,,,,,,,,,,,,,,,,,left_only,True,False,False,False,False,,tissue_specific,,,24.73260869824824
27107.0,UNCHAR_RGD1565693,RGD1565693,uncharacterized RGD1565693,Chr6: 107.202204,3.629,68.1,Chr6: 107.059969,1.211,Chr6,107.202204,Chr6,107.059969,107.202204,107.059969,0.1422349999999994,True,cis,False,True,False,cis,False,0.3219544846050869,0.3015165031222123,0.4182148457045547,Tier_2_Validate,Adipose,proximal,,,,,,,,,,,,,,,,,,,,,,,,,,,,,left_only,True,False,False,False,False,,tissue_specific,,,24.728593828182188
,,Kcnb1,,,,,,,,,,,,,,,,,,,,,,,,,,,7699.0,ENSRNOG00000046949,potassium voltage-gated channel subfamily B member 1,Chr3: 155.913382,1.77,46.7,Chr3: 155.138696,-1.187,Chr3,155.913382,Chr3,155.138696,155.913382,155.138696,0.7746860000000027,True,cis,False,False,False,cis,False,0.1715938303341902,0.1653439153439153,0.417928210987337,Tier_2_Validate,Liver,proximal,right_only,False,True,False,False,False,,tissue_specific,,,24.71712843949348
11430.0,UNCHAR_LOC103691954,LOC103691954,zinc finger protein 431-like,Chr4: 3.782885,2.324,71.0,Chr3: 138.848480,1.862,Chr4,3.782885,Chr3,138.84848,3.782885,138.84848,inf,False,trans,False,False,True,LOC_UNCHARACTERIZED,True,0.3413654618473895,0.4950936663693131,0.4927606948758458,Tier_3_FlaggedInspect,Adipose,trans,,,,,,,,,,,,,,,,,,,,,,,,,,,,,left_only,True,False,False,False,False,,tissue_specific,,,24.71042779503383
3967.0,ENSRNOG00000057125,Ddr1,discoidin domain receptor tyrosine kinase 1,Chr20: 3.042493,8.326,50.3,Chr20: 2.687516,-0.643,Chr20,3.042493,Chr20,2.687516,3.042493,2.687516,0.3549769999999999,True,cis,False,False,False,cis,False,0.2028112449799196,0.1326196848052334,0.4174008254248036,Tier_2_Validate,Adipose,proximal,,,,,,,,,,,,,,,,,,,,,,,,,,,,,left_only,True,False,False,False,False,,tissue_specific,,,24.696033016992146
25558.0,ENSRNOG00000012146,Pomt2,protein-O-mannosyltransferase 2,Chr6: 106.794848,7.97,38.1,Chr6: 106.786871,-0.437,Chr6,106.794848,Chr6,106.786871,106.794848,106.786871,0.0079769999999967,True,cis,False,False,False,cis,False,0.1211512717536814,0.071364852809991,0.3673806435972854,Tier_2_Validate,Adipose,promoter,,,,,,,,,,,,,,,,,,,,,,,,,,,,,left_only,True,False,False,False,False,,tissue_specific,,,24.695225743891417
,,Ptgis,,,,,,,,,,,,,,,,,,,,,,,,,,,26133.0,ENSRNOG00000008245,prostaglandin I2 synthase,Chr3: 155.964227,4.444,34.7,Chr3: 155.974515,0.828,Chr3,155.964227,Chr3,155.974515,155.964227,155.974515,0.0102880000000027,True,cis,False,False,False,cis,False,0.0944730077120822,0.0975056689342403,0.3671925368262129,Tier_2_Validate,Liver,promoter,right_only,False,True,False,False,False,,tissue_specific,,,24.687701473048516
,,Zmynd12,,,,,,,,,,,,,,,,,,,,,,,,,,,33570.0,ENSRNOG00000022199,"zinc finger, MYND-type containing 12",Chr5: 133.026916,2.97,33.6,Chr5: 133.068819,-0.863,Chr5,133.026916,Chr5,133.068819,133.026916,133.068819,0.0419029999999907,True,cis,False,False,False,cis,False,0.0874035989717223,0.1041194255479969,0.3670330585819017,Tier_2_Validate,Liver,promoter,right_only,False,True,False,False,False,,tissue_specific,,,24.68132234327607
,,Golt1a,,,,,,,,,,,,,,,,,,,,,,,,,,,6224.0,ENSRNOG00000002936,golgi transport 1A,Chr13: 44.760355,8.251,40.4,Chr13: 44.694753,0.626,Chr13,44.760355,Chr13,44.694753,44.760355,44.694753,0.0656019999999983,True,cis,False,False,False,cis,False,0.1311053984575835,0.0593348450491307,0.36665408522735,Tier_2_Validate,Liver,promoter,right_only,False,True,False,False,False,,tissue_specific,,,24.666163409094
2530.0,ENSRNOG00000033837,Cdh9,cadherin 9,Chr2: 66.280421,2.61,38.4,Chr2: 66.085261,-0.901,Chr2,66.280421,Chr2,66.085261,66.280421,66.085261,0.1951600000000013,True,cis,False,False,False,cis,False,0.1231593038821954,0.2093369015759738,0.4163736719103592,Tier_2_Validate,Adipose,proximal,,,,,,,,,,,,,,,,,,,,,,,,,,,,,left_only,True,False,False,False,False,,tissue_specific,,,24.654946876414368
6557.0,ENSRNOG00000069498,Gvinp1,"GTPase, very large interferon inducible 1",Chr1: 160.203002,3.854,49.8,Chr1: 161.575647,1.362,Chr1,160.203002,Chr1,161.575647,160.203002,161.575647,1.3726450000000057,True,cis,False,False,False,cis,False,0.1994645247657295,0.3464168896818317,0.4910584950566464,Tier_1_HighConfidence,Adipose,distal_cis,,,,,,,,,,,,,,,,,,,,,,,,,,,,,left_only,True,False,False,False,False,,tissue_specific,,,24.642339802265855
26466.0,ENSRNOG00000031671,Rasgef1a,"RasGEF domain family, member 1A",Chr4: 151.187532,4.307,23.6,Chr4: 151.143317,0.75,Chr4,151.187532,Chr4,151.143317,151.187532,151.143317,0.0442150000000083,True,cis,False,False,False,cis,False,0.0240963855421686,0.1644365150163544,0.3659865151954831,Tier_2_Validate,Adipose,promoter,,,,,,,,,,,,,,,,,,,,,,,,,,,,,left_only,True,False,False,False,False,,tissue_specific,,,24.639460607819323
,,LOC102549876,,,,,,,,,,,,,,,,,,,,,,,,,,,9710.0,UNCHAR_LOC102549876,uncharacterized LOC102549876,Chr5: 49.583549,5.907,76.8,Chr5: 49.404396,-1.638,Chr5,49.583549,Chr5,49.404396,49.583549,49.404396,0.1791529999999994,True,cis,False,True,True,cis,False,0.365038560411311,0.2505668934240362,0.4154619088423715,Tier_2_Validate,Liver,proximal,right_only,False,True,False,False,False,,tissue_specific,,,24.61847635369486
,,Plxna4,,,,,,,,,,,,,,,,,,,,,,,,,,,25423.0,ENSRNOG00000013072,plexin A4,Chr4: 61.162205,5.46,28.0,Chr4: 61.095140,-1.022,Chr4,61.162205,Chr4,61.09514,61.162205,61.09514,0.0670649999999994,True,cis,False,False,False,cis,False,0.0514138817480719,0.1341647770219198,0.3649525305694971,Tier_2_Validate,Liver,promoter,right_only,False,True,False,False,False,,tissue_specific,,,24.598101222779885
,,LOC102550701,,,,,,,,,,,,,,,,,,,,,,,,,,,9899.0,UNCHAR_LOC102550701,uncharacterized LOC102550701,Chr8: 122.360139,3.888,75.6,Chr8: 123.157499,1.671,Chr8,122.360139,Chr8,123.157499,122.360139,123.157499,0.7973599999999976,True,cis,False,True,True,cis,False,0.3573264781491002,0.2568027210884354,0.4149452197331374,Tier_2_Validate,Liver,proximal,right_only,False,True,False,False,False,,tissue_specific,,,24.597808789325498
6790.0,ENSRNOG00000003464,Hid1,HID1 domain containing,Chr10: 100.610049,10.153,52.3,Chr10: 100.351953,-0.571,Chr10,100.610049,Chr10,100.351953,100.610049,100.351953,0.258096000000009,True,cis,False,False,False,cis,False,0.21619812583668,0.111210228962236,0.4145929241796205,Tier_2_Validate,Adipose,proximal,,,,,,,,,,,,,,,,,,,,,,,,,,,,,left_only,True,False,False,False,False,,tissue_specific,,,24.58371696718482
29105.0,ENSRNOG00000057075,Snora46,"small nucleolar RNA, H/ACA box 46",Chr19: 9.314440,4.798,31.8,Chr19: 9.115149,-1.029,Chr19,9.31444,Chr19,9.115149,9.31444,9.115149,0.1992909999999987,True,cis,False,False,False,cis,False,0.0789825970548862,0.247398156407969,0.4142332637119993,Tier_2_Validate,Adipose,proximal,,,,,,,,,,,,,,,,,,,,,,,,,,,,,left_only,True,False,False,False,False,,tissue_specific,,,24.56933054847997
7120.0,ENSRNOG00000002158,Ibsp,integrin-binding sialoprotein,Chr14: 5.452569,0.984,37.6,Chr14: 5.618685,-0.894,Chr14,5.452569,Chr14,5.618685,5.452569,5.618685,0.1661159999999997,True,cis,False,False,False,cis,False,0.1178045515394913,0.2072554267023491,0.4137709923846441,Tier_2_Validate,Adipose,proximal,,,,,,,,,,,,,,,,,,,,,,,,,,,,,left_only,True,False,False,False,False,,tissue_specific,,,24.550839695385765
,,LOC108350123,,,,,,,,,,,,,,,,,,,,,,,,,,,12201.0,UNCHAR_LOC108350123,uncharacterized LOC108350123,Chr2: 226.881248,2.871,58.9,Chr2: 227.454883,-2.212,Chr2,226.881248,Chr2,227.454883,226.881248,227.454883,0.5736349999999959,True,cis,False,True,True,cis,False,0.25,0.3590325018896448,0.4131613756613757,Tier_2_Validate,Liver,proximal,right_only,False,True,False,False,False,,tissue_specific,,,24.526455026455025
26264.0,ENSRNOG00000014414,Qrfpr,pyroglutamylated RFamide peptide receptor,Chr2: 119.096863,1.243,26.6,Chr2: 119.085663,-0.655,Chr2,119.096863,Chr2,119.085663,119.096863,119.085663,0.0112000000000023,True,cis,False,False,False,cis,False,0.0441767068273092,0.136187927445733,0.3631276219955648,Tier_2_Validate,Adipose,promoter,,,,,,,,,,,,,,,,,,,,,,,,,,,,,left_only,True,False,False,False,False,,tissue_specific,,,24.525104879822592
23325.0,ENSRNOG00000016768,Oprl1,opioid related nociceptin receptor 1,Chr3: 168.831933,0.962,42.7,Chr3: 168.114441,0.772,Chr3,168.831933,Chr3,168.114441,168.831933,168.114441,0.7174919999999929,True,cis,False,False,False,cis,False,0.1519410977242302,0.1709782931906036,0.4130217868201918,Tier_2_Validate,Adipose,proximal,,,,,,,,,,,,,,,,,,,,,,,,,,,,,left_only,True,False,False,False,False,,tissue_specific,,,24.520871472807674
16676.0,UNCHAR_LOC120098218,LOC120098218,uncharacterized LOC120098218,Chr18: 70.169583,3.042,66.8,Chr18: 70.329282,1.19,Chr18,70.169583,Chr18,70.329282,70.169583,70.329282,0.1596990000000033,True,cis,False,True,True,cis,False,0.3132530120481927,0.2952720785013381,0.4129837816923357,Tier_2_Validate,Adipose,proximal,,,,,,,,,,,,,,,,,,,,,,,,,,,,,left_only,True,False,False,False,False,,tissue_specific,,,24.519351267693427
26130.0,ENSRNOG00000046468,Ptgfr,prostaglandin F receptor,Chr2: 240.766673,8.076,30.9,Chr2: 240.799657,0.546,Chr2,240.766673,Chr2,240.799657,240.766673,240.799657,0.032983999999999,True,cis,False,False,False,cis,False,0.072958500669344,0.103776390127862,0.3618572117790221,Tier_2_Validate,Adipose,promoter,,,,,,,,,,,,,,,,,,,,,,,,,,,,,left_only,True,False,False,False,False,,tissue_specific,,,24.474288471160882
,,Slc44a3,,,,,,,,,,,,,,,,,,,,,,,,,,,28788.0,ENSRNOG00000011723,"solute carrier family 44, member 3",Chr2: 209.628181,4.038,48.4,Chr2: 209.824864,-1.035,Chr2,209.628181,Chr2,209.824864,209.628181,209.824864,0.1966829999999788,True,cis,False,False,False,cis,False,0.1825192802056555,0.1366213151927437,0.4116992083894397,Tier_2_Validate,Liver,proximal,right_only,False,True,False,False,False,,tissue_specific,,,24.467968335577588
,,Pdgfrl,,,,,,,,,,,,,,,,,,,,,,,,,,,24930.0,ENSRNOG00000010832,platelet-derived growth factor receptor-like,Chr16: 51.407849,1.941,31.6,Chr16: 51.428041,-0.847,Chr16,51.407849,Chr16,51.428041,51.407849,51.428041,0.0201920000000015,True,cis,False,False,False,cis,False,0.0745501285347043,0.1010959939531368,0.3614761428707443,Tier_2_Validate,Liver,promoter,right_only,False,True,False,False,False,,tissue_specific,,,24.45904571482977
6867.0,ENSRNOG00000011193,Hmgcll1,3-hydroxy-3-methylglutaryl-CoA lyase like 1,Chr8: 76.757300,4.885,47.3,Chr8: 77.002080,0.652,Chr8,76.7573,Chr8,77.00208,76.7573,77.00208,0.2447800000000057,True,cis,False,False,False,cis,False,0.182730923694779,0.1352958667856081,0.4113093766681355,Tier_2_Validate,Adipose,proximal,,,,,,,,,,,,,,,,,,,,,,,,,,,,,left_only,True,False,False,False,False,,tissue_specific,,,24.45237506672542
46.0,ENSRNOG00000015783,Abca16,"ATP-binding cassette, subfamily A (ABC1), member 16",Chr1: 174.795053,5.348,35.8,Chr1: 174.788504,-0.43,Chr1,174.795053,Chr1,174.788504,174.795053,174.788504,0.0065490000000067,True,cis,False,False,False,cis,False,0.1057563587684069,0.0692833779363663,0.3612639078466706,Tier_2_Validate,Adipose,promoter,,,,,,,,,,,,,,,,,,,,,,,,,,,,,left_only,True,False,False,False,False,,tissue_specific,,,24.450556313866826
24281.0,ENSRNOG00000077027,Or6n2,olfactory receptor family 6 subfamily N member 2,Chr13: 86.076856,3.247,43.9,Chr13: 86.622151,0.725,Chr13,86.076856,Chr13,86.622151,86.076856,86.622151,0.5452949999999959,True,cis,False,False,False,cis,False,0.1599732262382864,0.1570026761819803,0.4109415658470934,Tier_2_Validate,Adipose,proximal,,,,,,,,,,,,,,,,,,,,,,,,,,,,,left_only,True,False,False,False,False,,tissue_specific,,,24.437662633883736
1166.0,ENSRNOG00000059765,Asic1,acid sensing ion channel subunit 1,Chr7: 130.798316,3.788,44.6,Chr7: 131.242066,0.706,Chr7,130.798316,Chr7,131.242066,130.798316,131.242066,0.4437499999999943,True,cis,False,False,False,cis,False,0.1646586345381526,0.151352958667856,0.410604057622103,Tier_2_Validate,Adipose,proximal,,,,,,,,,,,,,,,,,,,,,,,,,,,,,left_only,True,False,False,False,False,,tissue_specific,,,24.42416230488412
10683.0,UNCHAR_LOC102554403,LOC102554403,uncharacterized LOC102554403,Chr11: 70.656790,1.183,56.4,Chr11: 70.604547,-0.919,Chr11,70.65679,Chr11,70.604547,70.65679,70.604547,0.0522430000000042,True,cis,False,True,True,cis,False,0.2436412315930388,0.2146892655367231,0.3604156739954166,Tier_2_Validate,Adipose,promoter,,,,,,,,,,,,,,,,,,,,,,,,,,,,,left_only,True,False,False,False,False,,tissue_specific,,,24.41662695981666
1874.0,ENSRNOG00000024115,C6,complement C6,Chr2: 53.846027,13.382,49.7,Chr2: 54.732908,0.588,Chr2,53.846027,Chr2,54.732908,53.846027,54.732908,0.8868810000000025,True,cis,False,False,False,cis,False,0.1987951807228915,0.1162652393696104,0.4102711470323756,Tier_2_Validate,Adipose,proximal,,,,,,,,,,,,,,,,,,,,,,,,,,,,,left_only,True,False,False,False,False,,tissue_specific,,,24.410845881295025
,,LOC102554057,,,,,,,,,,,,,,,,,,,,,,,,,,,10609.0,UNCHAR_LOC102554057,uncharacterized LOC102554057,Chr2: 43.504403,5.653,57.4,Chr2: 43.477907,1.462,Chr2,43.504403,Chr2,43.477907,43.504403,43.477907,0.0264960000000016,True,cis,False,True,True,cis,False,0.2403598971722365,0.2173091458805744,0.3601841650684838,Tier_2_Validate,Liver,promoter,right_only,False,True,False,False,False,,tissue_specific,,,24.40736660273935
7052.0,ENSRNOG00000047966,Hspa1l,heat shock protein family A (Hsp70) member 1 like,Chr20: 3.851325,4.982,41.6,Chr20: 3.601132,0.768,Chr20,3.851325,Chr20,3.601132,3.851325,3.601132,0.2501929999999999,True,cis,False,False,False,cis,False,0.144578313253012,0.1697888789771037,0.4100285172805405,Tier_2_Validate,Adipose,proximal,,,,,,,,,,,,,,,,,,,,,,,,,,,,,left_only,True,False,False,False,False,,tissue_specific,,,24.40114069122162
,,Procr,,,,,,,,,,,,,,,,,,,,,,,,,,,25886.0,ENSRNOG00000019330,protein C receptor,Chr3: 144.254595,4.978,36.4,Chr3: 144.329719,-0.651,Chr3,144.254595,Chr3,144.329719,144.254595,144.329719,0.0751240000000166,True,cis,False,False,False,cis,False,0.1053984575835475,0.0640589569160997,0.3593100950748765,Tier_2_Validate,Liver,promoter,right_only,False,True,False,False,False,,tissue_specific,,,24.37240380299506
27794.0,UNCHAR_RT1-T24-2,RT1-T24-2,"RT1 class I, locus T24, gene 2",Chr20: 2.738658,6.224,49.1,Chr20: 2.611182,0.592,Chr20,2.738658,Chr20,2.611182,2.738658,2.611182,0.1274760000000001,True,cis,False,False,False,cis,False,0.1947791164658634,0.1174546535831103,0.4092818195171408,Tier_2_Validate,Adipose,proximal,,,,,,,,,,,,,,,,,,,,,,,,,,,,,left_only,True,False,False,False,False,,tissue_specific,,,24.371272780685633
,,Ttn,,,,,,,,,,,,,,,,,,,,,,,,,,,32085.0,ENSRNOG00000046889_1,diazepam binding inhibitor,Chr3: 61.924911,2.047,28.7,Chr3: 61.953620,-0.905,Chr3,61.924911,Chr3,61.95362,61.924911,61.95362,0.0287089999999992,True,cis,False,False,False,cis,False,0.0559125964010282,0.1120559334845049,0.3587889854599366,Tier_2_Validate,Liver,promoter,right_only,False,True,False,False,False,,tissue_specific,,,24.351559418397464
,,Ttll8,,,,,,,,,,,,,,,,,,,,,,,,,,,32083.0,ENSRNOG00000032311,tubulin tyrosine ligase like 8,Chr7: 120.046555,4.281,24.8,Chr7: 120.051699,-1.037,Chr7,120.046555,Chr7,120.051699,120.046555,120.051699,0.0051440000000013,True,cis,False,False,False,cis,False,0.0308483290488431,0.1369992441421012,0.3587466506168305,Tier_2_Validate,Liver,promoter,right_only,False,True,False,False,False,,tissue_specific,,,24.34986602467322
33477.0,ENSRNOG00000024693,Zfp831,zinc finger protein 831,Chr3: 163.393786,3.519,26.9,Chr3: 163.389815,-0.606,Chr3,163.393786,Chr3,163.389815,163.393786,163.389815,0.003971000000007,True,cis,False,False,False,cis,False,0.0461847389558232,0.1216176033303597,0.3587308198001641,Tier_2_Validate,Adipose,promoter,,,,,,,,,,,,,,,,,,,,,,,,,,,,,left_only,True,False,False,False,False,,tissue_specific,,,24.349232792006564
2766.0,ENSRNOG00000006114,Cfap69,cilia and flagella associated protein 69,Chr4: 28.379631,5.904,54.8,Chr4: 28.255022,-0.457,Chr4,28.379631,Chr4,28.255022,28.379631,28.255022,0.1246089999999995,True,cis,False,False,False,cis,False,0.2329317269076305,0.0773119238774903,0.4085852777747922,Tier_2_Validate,Adipose,proximal,,,,,,,,,,,,,,,,,,,,,,,,,,,,,left_only,True,False,False,False,False,,tissue_specific,,,24.34341111099169
7192.0,ENSRNOG00000033984,Ifnlr1,"interferon, lambda receptor 1",Chr5: 147.919546,5.574,34.0,Chr5: 147.994184,0.437,Chr5,147.919546,Chr5,147.994184,147.919546,147.994184,0.0746379999999931,True,cis,False,False,False,cis,False,0.0937081659973226,0.071364852809991,0.3577755565825598,Tier_2_Validate,Adipose,promoter,,,,,,,,,,,,,,,,,,,,,,,,,,,,,left_only,True,False,False,False,False,,tissue_specific,,,24.31102226330239
4010.0,ENSRNOG00000008236,Decr1,"2,4-dienoyl-CoA reductase 1",Chr5: 29.439053,11.28,35.6,Chr5: 29.456424,-0.4,Chr5,29.439053,Chr5,29.456424,29.439053,29.456424,0.0173709999999971,True,cis,False,False,False,cis,False,0.1044176706827309,0.0603627713351174,0.3576731547062469,Tier_2_Validate,Adipose,promoter,,,,,,,,,,,,,,,,,,,,,,,,,,,,,left_only,True,False,False,False,False,,tissue_specific,,,24.306926188249875
28796.0,ENSRNOG00000017324,Slc46a2,"solute carrier family 46, member 2",Chr5: 74.808127,3.142,28.3,Chr5: 74.820671,0.563,Chr5,74.808127,Chr5,74.820671,74.808127,74.820671,0.0125440000000054,True,cis,False,False,False,cis,False,0.0555555555555555,0.1088314005352363,0.3575354346317771,Tier_2_Validate,Adipose,promoter,,,,,,,,,,,,,,,,,,,,,,,,,,,,,left_only,True,False,False,False,False,,tissue_specific,,,24.301417385271087
,,LOC120101644,,,,,,,,,,,,,,,,,,,,,,,,,,,18862.0,ENSRNOG00000068036,sodium/nucleoside cotransporter 2-like,Chr3: 109.577555,7.844,49.6,Chr3: 109.271062,0.924,Chr3,109.577555,Chr3,109.271062,109.577555,109.271062,0.3064930000000032,True,cis,False,False,True,cis,False,0.1902313624678663,0.1156462585034013,0.4070571673399437,Tier_2_Validate,Liver,proximal,right_only,False,True,False,False,False,,tissue_specific,,,24.282286693597747
,,Sephs2,,,,,,,,,,,,,,,,,,,,,,,,,,,28186.0,UNCHAR_Sephs2,selenophosphate synthetase 2,Chr1: 181.895463,11.993,39.4,Chr1: 181.810195,-0.514,Chr1,181.895463,Chr1,181.810195,181.895463,181.810195,0.0852680000000134,True,cis,False,False,False,cis,False,0.1246786632390745,0.0381708238851096,0.3569973204934644,Tier_2_Validate,Liver,promoter,right_only,False,True,False,False,False,,tissue_specific,,,24.279892819738578
32428.0,UNCHAR_Usp26,Usp26,uncharacterized Usp26,ChrX: 131.363963,1.374,110.3,Chr6: 98.323867,-1.832,ChrX,131.363963,Chr6,98.323867,131.363963,98.323867,inf,False,trans,False,True,False,MEGA_EFFECT,True,0.6044176706827309,0.4861730597680642,0.4817067556577783,Tier_3_FlaggedInspect,Adipose,trans,,,,,,,,,,,,,,,,,,,,,,,,,,,,,left_only,True,False,False,False,False,,tissue_specific,,,24.26827022631113
8183.0,ENSRNOG00000017237,Lama1,laminin subunit alpha 1,Chr9: 107.692769,1.29,24.7,Chr9: 107.705085,0.635,Chr9,107.692769,Chr9,107.705085,107.692769,107.705085,0.0123159999999984,True,cis,False,False,False,cis,False,0.0314591700133868,0.1302408563782337,0.3565950092370672,Tier_2_Validate,Adipose,promoter,,,,,,,,,,,,,,,,,,,,,,,,,,,,,left_only,True,False,False,False,False,,tissue_specific,,,24.263800369482688
,,Zfp955a,,,,,,,,,,,,,,,,,,,,,,,,,,,33510.0,ENSRNOG00000048577,zinc finger protein 955A,Chr7: 12.769775,3.822,29.6,Chr7: 12.671864,-0.837,Chr7,12.769775,Chr7,12.671864,12.769775,12.671864,0.0979109999999998,True,cis,False,False,False,cis,False,0.0616966580976863,0.0992063492063491,0.3563160525564124,Tier_2_Validate,Liver,promoter,right_only,False,True,False,False,False,,tissue_specific,,,24.252642102256495
,,Ltb,,,,,,,,,,,,,,,,,,,,,,,,,,,20850.0,ENSRNOG00000070531,lymphotoxin beta,Chr20: 3.629380,6.009,46.8,Chr20: 3.210100,-1.007,Chr20,3.62938,Chr20,3.2101,3.62938,3.2101,0.4192799999999996,True,cis,False,False,False,cis,False,0.1722365038560411,0.1313303099017384,0.4062483848152228,Tier_2_Validate,Liver,proximal,right_only,False,True,False,False,False,,tissue_specific,,,24.24993539260891
27766.0,ENSRNOG00000071226,RT1-CE5,"RT1 class I, locus CE5",Chr20: 3.479475,11.786,52.2,Chr20: 3.601132,0.492,Chr20,3.479475,Chr20,3.601132,3.479475,3.601132,0.1216570000000003,True,cis,False,False,False,cis,False,0.215528781793842,0.087719298245614,0.4061368280138095,Tier_2_Validate,Adipose,proximal,,,,,,,,,,,,,,,,,,,,,,,,,,,,,left_only,True,False,False,False,False,,tissue_specific,,,24.24547312055238
,,Tmem178b,,,,,,,,,,,,,,,,,,,,,,,,,,,30681.0,ENSRNOG00000047635,transmembrane protein 178B,Chr4: 68.659424,1.512,26.9,Chr4: 68.597411,0.924,Chr4,68.659424,Chr4,68.597411,68.659424,68.597411,0.0620130000000074,True,cis,False,False,False,cis,False,0.044344473007712,0.1156462585034013,0.3559967560288897,Tier_2_Validate,Liver,promoter,right_only,False,True,False,False,False,,tissue_specific,,,24.239870241155586
5102.0,ENSRNOG00000018003,F2rl1,F2R like trypsin receptor 1,Chr2: 26.785225,5.903,31.2,Chr2: 26.834458,-0.473,Chr2,26.785225,Chr2,26.834458,26.785225,26.834458,0.0492330000000009,True,cis,False,False,False,cis,False,0.074966532797858,0.0820695807314897,0.3549626397352717,Tier_2_Validate,Adipose,promoter,,,,,,,,,,,,,,,,,,,,,,,,,,,,,left_only,True,False,False,False,False,,tissue_specific,,,24.198505589410868
10877.0,UNCHAR_LOC102555374,LOC102555374,uncharacterized LOC102555374,Chr13: 84.978985,4.778,66.0,Chr13: 84.954509,-0.65,Chr13,84.978985,Chr13,84.954509,84.978985,84.954509,0.0244759999999928,True,cis,False,True,True,cis,False,0.3078982597054886,0.1347011596788581,0.3549097967845214,Tier_2_Validate,Adipose,promoter,,,,,,,,,,,,,,,,,,,,,,,,,,,,,left_only,True,False,False,False,False,,tissue_specific,,,24.196391871380854
1857.0,ENSRNOG00000004062,C4bpa,"complement component 4 binding protein, alpha",Chr13: 42.111204,7.991,42.2,Chr13: 42.434735,0.705,Chr13,42.111204,Chr13,42.434735,42.111204,42.434735,0.3235310000000027,True,cis,False,False,False,cis,False,0.1485943775100401,0.1510556051144811,0.4048774939185824,Tier_2_Validate,Adipose,proximal,,,,,,,,,,,,,,,,,,,,,,,,,,,,,left_only,True,False,False,False,False,,tissue_specific,,,24.195099756743296
28232.0,ENSRNOG00000002583,Serpinb11,serpin family B member 11,Chr13: 23.304774,0.389,44.0,Chr13: 23.525450,0.663,Chr13,23.304774,Chr13,23.52545,23.304774,23.52545,0.2206760000000009,True,cis,False,False,False,cis,False,0.1606425702811245,0.1385667558727326,0.4047232641538499,Tier_2_Validate,Adipose,proximal,,,,,,,,,,,,,,,,,,,,,,,,,,,,,left_only,True,False,False,False,False,,tissue_specific,,,24.188930566153996
1738.0,ENSRNOG00000052710,Btn3a2,"butyrophilin, subfamily 3, member A2",Chr20: 4.398253,1.829,29.2,Chr20: 4.679209,-0.979,Chr20,4.398253,Chr20,4.679209,4.398253,4.679209,0.2809559999999997,True,cis,False,False,False,cis,False,0.0615796519410977,0.2325304787392209,0.4029385457381115,Tier_2_Validate,Adipose,proximal,,,,,,,,,,,,,,,,,,,,,,,,,,,,,left_only,True,False,False,False,False,,tissue_specific,,,24.11754182952446
2521.0,ENSRNOG00000033087,Cdh23,cadherin-related 23,Chr20: 28.622489,7.819,28.8,Chr20: 28.580491,0.506,Chr20,28.622489,Chr20,28.580491,28.622489,28.580491,0.041998000000003,True,cis,False,False,False,cis,False,0.0589022757697456,0.0918822479928635,0.3527745833169132,Tier_2_Validate,Adipose,promoter,,,,,,,,,,,,,,,,,,,,,,,,,,,,,left_only,True,False,False,False,False,,tissue_specific,,,24.110983332676525
,,Tacr1,,,,,,,,,,,,,,,,,,,,,,,,,,,30006.0,ENSRNOG00000005853,tachykinin receptor 1,Chr4: 114.920843,2.164,38.1,Chr4: 114.802566,1.247,Chr4,114.920843,Chr4,114.802566,114.920843,114.802566,0.1182770000000061,True,cis,False,False,False,cis,False,0.1163239074550128,0.1766817838246409,0.4025519919478788,Tier_2_Validate,Liver,proximal,right_only,False,True,False,False,False,,tissue_specific,,,24.10207967791515
9113.0,UNCHAR_LOC102547177,LOC102547177,uncharacterized LOC102547177,Chr1: 156.162118,2.774,50.1,Chr1: 156.192687,0.985,Chr1,156.162118,Chr1,156.192687,156.162118,156.192687,0.030569000000014,True,cis,False,True,True,cis,False,0.2014725568942436,0.2343146000594707,0.3525255049337999,Tier_2_Validate,Adipose,promoter,,,,,,,,,,,,,,,,,,,,,,,,,,,,,left_only,True,False,False,False,False,,tissue_specific,,,24.101020197351996
,,Notch4,,,,,,,,,,,,,,,,,,,,,,,,,,,22861.0,ENSRNOG00000000442_2,notch receptor 4,Chr20: 4.184465,4.891,47.4,Chr20: 4.680142,-0.919,Chr20,4.184465,Chr20,4.680142,4.184465,4.680142,0.4956769999999997,True,cis,False,False,False,cis,False,0.1760925449871465,0.1147014361300075,0.4017778933910039,Tier_2_Validate,Liver,proximal,right_only,False,True,False,False,False,,tissue_specific,,,24.071115735640156
,,Samd10,,,,,,,,,,,,,,,,,,,,,,,,,,,27902.0,ENSRNOG00000036719,sterile alpha motif domain containing 10,Chr3: 168.704426,5.195,46.1,Chr3: 168.114441,-0.961,Chr3,168.704426,Chr3,168.114441,168.704426,168.114441,0.5899850000000129,True,cis,False,False,False,cis,False,0.1677377892030848,0.1226379440665155,0.4016315066443601,Tier_2_Validate,Liver,proximal,right_only,False,True,False,False,False,,tissue_specific,,,24.065260265774405
,,Topaz1,,,,,,,,,,,,,,,,,,,,,,,,,,,30986.0,ENSRNOG00000025601,testis and ovary specific TOPAZ 1,Chr8: 122.358242,2.791,41.8,Chr8: 123.157499,1.107,Chr8,122.358242,Chr8,123.157499,122.358242,123.157499,0.7992569999999972,True,cis,False,False,False,cis,False,0.1401028277634961,0.1502267573696145,0.4016153547965887,Tier_2_Validate,Liver,proximal,right_only,False,True,False,False,False,,tissue_specific,,,24.064614191863548
32086.0,ENSRNOG00000007139,Ttpa,alpha tocopherol transfer protein,Chr5: 33.497536,9.841,30.3,Chr5: 33.461794,-0.46,Chr5,33.497536,Chr5,33.461794,33.497536,33.461794,0.035741999999999,True,cis,False,False,False,cis,False,0.0689424364123159,0.0782039845376152,0.3515012473324759,Tier_2_Validate,Adipose,promoter,,,,,,,,,,,,,,,,,,,,,,,,,,,,,left_only,True,False,False,False,False,,tissue_specific,,,24.060049893299038
21204.0,ENSRNOG00000017752,Mccc2,methylcrotonyl-CoA carboxylase subunit 2,Chr2: 31.375977,9.92,36.3,Chr2: 31.327760,0.321,Chr2,31.375977,Chr2,31.32776,31.375977,31.32776,0.0482169999999975,True,cis,False,False,False,cis,False,0.109103078982597,0.0368718406184953,0.3510912218603823,Tier_2_Validate,Adipose,promoter,,,,,,,,,,,,,,,,,,,,,,,,,,,,,left_only,True,False,False,False,False,,tissue_specific,,,24.04364887441529
,,Cyp3a18,,,,,,,,,,,,,,,,,,,,,,,,,,,3796.0,ENSRNOG00000000969,"cytochrome P450, family 3, subfamily a, polypeptide 18",Chr12: 8.880508,14.435,28.4,Chr12: 8.927130,-0.797,Chr12,8.880508,Chr12,8.92713,8.880508,8.92713,0.0466219999999992,True,cis,False,False,False,cis,False,0.0539845758354755,0.0916477702191988,0.350971321119136,Tier_2_Validate,Liver,promoter,right_only,False,True,False,False,False,,tissue_specific,,,24.03885284476544
,,Eva1a,,,,,,,,,,,,,,,,,,,,,,,,,,,5038.0,ENSRNOG00000007118,"eva-1 homolog A, regulator of programmed cell death",Chr4: 114.593772,9.564,54.9,Chr4: 114.802024,0.644,Chr4,114.593772,Chr4,114.802024,114.593772,114.802024,0.2082520000000016,True,cis,False,False,False,cis,False,0.224293059125964,0.0627362055933484,0.4004602426517594,Tier_2_Validate,Liver,proximal,right_only,False,True,False,False,False,,tissue_specific,,,24.018409706070376
15623.0,UNCHAR_LOC120096711,LOC120096711,uncharacterized LOC120096711,Chr14: 104.120566,3.511,93.8,Chr14: 102.177361,-1.178,Chr14,104.120566,Chr14,102.177361,104.120566,102.177361,1.943204999999992,True,cis,False,True,True,cis,False,0.4939759036144578,0.2917038358608385,0.4749879088163536,Tier_2_Validate,Adipose,distal_cis,,,,,,,,,,,,,,,,,,,,,,,,,,,,,left_only,True,False,False,False,False,,tissue_specific,,,23.999516352654144
8818.0,UNCHAR_LOC100911367,LOC100911367,uncharacterized LOC100911367,Chr18: 31.252491,1.461,50.8,Chr18: 31.650799,1.425,Chr18,31.252491,Chr18,31.650799,31.252491,31.650799,0.3983080000000001,True,cis,False,True,True,cis,False,0.2061579651941097,0.3651501635444543,0.3999578450584974,Tier_2_Validate,Adipose,proximal,,,,,,,,,,,,,,,,,,,,,,,,,,,,,left_only,True,False,False,False,False,,tissue_specific,,,23.998313802339897
7230.0,ENSRNOG00000010635,Igfbp4,insulin-like growth factor binding protein 4,Chr10: 83.995315,11.698,29.7,Chr10: 83.904607,-0.457,Chr10,83.995315,Chr10,83.904607,83.995315,83.904607,0.0907080000000064,True,cis,False,False,False,cis,False,0.0649263721552878,0.0773119238774903,0.3497834036114723,Tier_2_Validate,Adipose,promoter,,,,,,,,,,,,,,,,,,,,,,,,,,,,,left_only,True,False,False,False,False,,tissue_specific,,,23.99133614445889
18863.0,UNCHAR_LOC120101645,LOC120101645,uncharacterized LOC120101645,Chr3: 109.684141,2.076,45.8,Chr3: 109.771053,-1.05,Chr3,109.684141,Chr3,109.771053,109.684141,109.771053,0.0869119999999981,True,cis,False,True,True,cis,False,0.1726907630522088,0.2536425810288433,0.3492166704283682,Tier_2_Validate,Adipose,promoter,,,,,,,,,,,,,,,,,,,,,,,,,,,,,left_only,True,False,False,False,False,,tissue_specific,,,23.968666817134725
4557.0,ENSRNOG00000004449,E2f6,E2F transcription factor 6,Chr6: 39.592223,9.031,31.4,Chr6: 39.599091,0.413,Chr6,39.592223,Chr6,39.599091,39.592223,39.599091,0.0068680000000043,True,cis,False,False,False,cis,False,0.0763052208835341,0.0642283675289919,0.3491867559443841,Tier_2_Validate,Adipose,promoter,,,,,,,,,,,,,,,,,,,,,,,,,,,,,left_only,True,False,False,False,False,,tissue_specific,,,23.967470237775363
,,Sybu,,,,,,,,,,,,,,,,,,,,,,,,,,,29907.0,ENSRNOG00000004200,syntabulin,Chr7: 75.948918,4.008,41.8,Chr7: 75.723892,1.07,Chr7,75.948918,Chr7,75.723892,75.948918,75.723892,0.2250259999999997,True,cis,False,False,False,cis,False,0.1401028277634961,0.1432350718065003,0.3991682648494987,Tier_2_Validate,Liver,proximal,right_only,False,True,False,False,False,,tissue_specific,,,23.966730593979946
8352.0,ENSRNOG00000014605,Lig4,DNA ligase 4,Chr16: 79.518392,8.637,36.0,Chr16: 79.457688,-0.309,Chr16,79.518392,Chr16,79.457688,79.518392,79.457688,0.0607040000000012,True,cis,False,False,False,cis,False,0.107095046854083,0.0333035979779958,0.3491395256912276,Tier_2_Validate,Adipose,promoter,,,,,,,,,,,,,,,,,,,,,,,,,,,,,left_only,True,False,False,False,False,,tissue_specific,,,23.9655810276491
21850.0,ENSRNOG00000005708,Mmp16,matrix metallopeptidase 16,Chr5: 31.312279,3.925,31.4,Chr5: 30.539069,0.891,Chr5,31.312279,Chr5,30.539069,31.312279,30.539069,0.7732099999999988,True,cis,False,False,False,cis,False,0.0763052208835341,0.2063633660422242,0.3989340054240153,Tier_2_Validate,Adipose,proximal,,,,,,,,,,,,,,,,,,,,,,,,,,,,,left_only,True,False,False,False,False,,tissue_specific,,,23.957360216960613
30574.0,ENSRNOG00000051262,Tmc1,transmembrane channel-like 1,Chr1: 218.446012,1.295,31.6,Chr1: 218.301993,-0.884,Chr1,218.446012,Chr1,218.301993,218.446012,218.301993,0.1440189999999859,True,cis,False,False,False,cis,False,0.0776439089692101,0.2042818911685995,0.3986740300482334,Tier_2_Validate,Adipose,proximal,,,,,,,,,,,,,,,,,,,,,,,,,,,,,left_only,True,False,False,False,False,,tissue_specific,,,23.946961201929334
,,Katnal2,,,,,,,,,,,,,,,,,,,,,,,,,,,7673.0,ENSRNOG00000017788,katanin catalytic subunit A1 like 2,Chr18: 70.607885,4.857,42.7,Chr18: 70.329282,-1.029,Chr18,70.607885,Chr18,70.329282,70.607885,70.329282,0.2786029999999897,True,cis,False,False,False,cis,False,0.1458868894601542,0.1354875283446711,0.3984810462316889,Tier_2_Validate,Liver,proximal,right_only,False,True,False,False,False,,tissue_specific,,,23.939241849267557
,,LOC120096588,,,,,,,,,,,,,,,,,,,,,,,,,,,15515.0,UNCHAR_LOC120096588,uncharacterized LOC120096588,Chr14: 20.650774,2.877,65.0,Chr14: 19.903596,-1.781,Chr14,20.650774,Chr14,19.903596,20.650774,19.903596,0.7471779999999981,True,cis,False,True,True,cis,False,0.2892030848329049,0.277588813303099,0.3983771643476013,Tier_2_Validate,Liver,proximal,right_only,False,True,False,False,False,,tissue_specific,,,23.93508657390405
20858.0,ENSRNOG00000003244,Ltc4s,leukotriene C4 synthase,Chr10: 34.562789,6.783,44.4,Chr10: 34.244081,-0.593,Chr10,34.562789,Chr10,34.244081,34.562789,34.244081,0.3187080000000009,True,cis,False,False,False,cis,False,0.1633199464524765,0.1177520071364852,0.3983751837561367,Tier_2_Validate,Adipose,proximal,,,,,,,,,,,,,,,,,,,,,,,,,,,,,left_only,True,False,False,False,False,,tissue_specific,,,23.935007350245467
25125.0,ENSRNOG00000055259,Phldb3,"pleckstrin homology-like domain, family B, member 3",Chr1: 80.201082,4.53,25.5,Chr1: 80.215296,0.536,Chr1,80.201082,Chr1,80.215296,80.201082,80.215296,0.0142139999999955,True,cis,False,False,False,cis,False,0.036813922356091,0.1008028545941124,0.3481658719325712,Tier_2_Validate,Adipose,promoter,,,,,,,,,,,,,,,,,,,,,,,,,,,,,left_only,True,False,False,False,False,,tissue_specific,,,23.92663487730285
,,Cyp4f5,,,,,,,,,,,,,,,,,,,,,,,,,,,3817.0,UNCHAR_Cyp4f5,uncharacterized Cyp4f5,Chr7: 11.544039,4.923,64.2,Chr7: 11.496541,-1.047,Chr7,11.544039,Chr7,11.496541,11.544039,11.496541,0.0474979999999991,True,cis,False,True,False,cis,False,0.2840616966580977,0.1388888888888888,0.3480327049414453,Tier_2_Validate,Liver,promoter,right_only,False,True,False,False,False,,tissue_specific,,,23.92130819765781
,,Unc5c,,,,,,,,,,,,,,,,,,,,,,,,,,,32353.0,ENSRNOG00000029071,unc-5 netrin receptor C,Chr2: 230.180352,2.06,37.7,Chr2: 230.030788,1.191,Chr2,230.180352,Chr2,230.030788,230.180352,230.030788,0.149563999999998,True,cis,False,False,False,cis,False,0.1137532133676092,0.1660997732426304,0.3979485453135839,Tier_2_Validate,Liver,proximal,right_only,False,True,False,False,False,,tissue_specific,,,23.917941812543358
15547.0,UNCHAR_LOC120096622,LOC120096622,uncharacterized LOC120096622,Chr14: 66.834087,2.917,50.5,Chr14: 66.887304,0.93,Chr14,66.834087,Chr14,66.887304,66.834087,66.887304,0.0532170000000036,True,cis,False,True,True,cis,False,0.2041499330655957,0.2179601546238478,0.3477385306913052,Tier_2_Validate,Adipose,promoter,,,,,,,,,,,,,,,,,,,,,,,,,,,,,left_only,True,False,False,False,False,,tissue_specific,,,23.90954122765221
,,Slc10a2,,,,,,,,,,,,,,,,,,,,,,,,,,,28514.0,ENSRNOG00000037753,solute carrier family 10 member 2,Chr16: 84.386527,5.326,36.7,Chr16: 84.221585,-1.218,Chr16,84.386527,Chr16,84.221585,84.386527,84.221585,0.1649419999999963,True,cis,False,False,False,cis,False,0.1073264781491002,0.1712018140589569,0.3974849022728199,Tier_2_Validate,Liver,proximal,right_only,False,True,False,False,False,,tissue_specific,,,23.899396090912795
,,Gng10,,,,,,,,,,,,,,,,,,,,,,,,,,,6184.0,ENSRNOG00000025040,G protein subunit gamma 10,Chr5: 73.856123,9.927,36.2,Chr5: 73.810363,0.479,Chr5,73.856123,Chr5,73.810363,73.856123,73.810363,0.0457600000000013,True,cis,False,False,False,cis,False,0.1041131105398457,0.0315570672713529,0.3474845622339195,Tier_2_Validate,Liver,promoter,right_only,False,True,False,False,False,,tissue_specific,,,23.899382489356782
,,Klhl25,,,,,,,,,,,,,,,,,,,,,,,,,,,7951.0,ENSRNOG00000010959,kelch-like family member 25,Chr1: 129.724893,9.698,52.9,Chr1: 129.545323,-0.667,Chr1,129.724893,Chr1,129.545323,129.724893,129.545323,0.1795700000000124,True,cis,False,False,False,cis,False,0.211439588688946,0.0670823885109599,0.3974826920199671,Tier_2_Validate,Liver,proximal,right_only,False,True,False,False,False,,tissue_specific,,,23.899307680798685
,,Slc1a6,,,,,,,,,,,,,,,,,,,,,,,,,,,28578.0,ENSRNOG00000007509,solute carrier family 1 member 6,Chr7: 10.870423,3.314,21.6,Chr7: 10.804295,0.964,Chr7,10.870423,Chr7,10.804295,10.870423,10.804295,0.0661280000000008,True,cis,False,False,False,cis,False,0.0102827763496144,0.1232048374905517,0.3467206648440581,Tier_2_Validate,Liver,promoter,right_only,False,True,False,False,False,,tissue_specific,,,23.868826593762325
24703.0,ENSRNOG00000002035,Paqr3,progestin and adipoQ receptor family member 3,Chr14: 12.462567,8.391,49.4,Chr14: 12.809827,0.464,Chr14,12.462567,Chr14,12.809827,12.462567,12.809827,0.3472600000000003,True,cis,False,False,False,cis,False,0.1967871485943775,0.079393398751115,0.3966631915709224,Tier_2_Validate,Adipose,proximal,,,,,,,,,,,,,,,,,,,,,,,,,,,,,left_only,True,False,False,False,False,,tissue_specific,,,23.866527662836894
11174.0,ENSRNOG00000047682,LOC103690152,disintegrin and metalloproteinase domain-containing protein 21-like,Chr6: 101.265827,3.326,40.1,Chr6: 100.909467,-0.672,Chr6,101.265827,Chr6,100.909467,101.265827,100.909467,0.3563599999999951,True,cis,False,False,True,cis,False,0.1345381526104417,0.1412429378531073,0.3965233816622422,Tier_2_Validate,Adipose,proximal,,,,,,,,,,,,,,,,,,,,,,,,,,,,,left_only,True,False,False,False,False,,tissue_specific,,,23.86093526648969
,,Scube3,,,,,,,,,,,,,,,,,,,,,,,,,,,28062.0,ENSRNOG00000000500,"signal peptide, CUB domain and EGF like domain containing 3",Chr20: 6.199181,4.622,38.3,Chr20: 6.357718,1.144,Chr20,6.199181,Chr20,6.357718,6.199181,6.357718,0.1585369999999999,True,cis,False,False,False,cis,False,0.1176092544987146,0.1572184429327286,0.3961896941010051,Tier_2_Validate,Liver,proximal,right_only,False,True,False,False,False,,tissue_specific,,,23.847587764040203
6094.0,ENSRNOG00000031469,Glb1l3,"galactosidase, beta 1-like 3",Chr8: 25.220903,1.282,34.6,Chr8: 25.570084,-0.79,Chr8,25.220903,Chr8,25.570084,25.220903,25.570084,0.3491810000000015,True,cis,False,False,False,cis,False,0.0977242302543507,0.1763306571513529,0.3959192105919963,Tier_2_Validate,Adipose,proximal,,,,,,,,,,,,,,,,,,,,,,,,,,,,,left_only,True,False,False,False,False,,tissue_specific,,,23.836768423679853
,,LOC120100677,,,,,,,,,,,,,,,,,,,,,,,,,,,18232.0,UNCHAR_LOC120100677,uncharacterized LOC120100677,Chr2: 28.733014,1.871,57.4,Chr2: 28.799556,1.241,Chr2,28.733014,Chr2,28.799556,28.733014,28.799556,0.0665419999999983,True,cis,False,True,True,cis,False,0.2403598971722365,0.1755479969765684,0.3455677629520817,Tier_2_Validate,Liver,promoter,right_only,False,True,False,False,False,,tissue_specific,,,23.82271051808327
24278.0,ENSRNOG00000085155,Or6k6,olfactory receptor family 6 subfamily K member 6,Chr13: 86.149324,2.568,37.6,Chr13: 86.622151,0.716,Chr13,86.149324,Chr13,86.622151,86.149324,86.622151,0.4728270000000094,True,cis,False,False,False,cis,False,0.1178045515394913,0.1543264942016056,0.3952458660093839,Tier_2_Validate,Adipose,proximal,,,,,,,,,,,,,,,,,,,,,,,,,,,,,left_only,True,False,False,False,False,,tissue_specific,,,23.809834640375357
26092.0,ENSRNOG00000000925,Psph,phosphoserine phosphatase,Chr12: 26.882523,7.999,51.0,Chr12: 27.015140,0.412,Chr12,26.882523,Chr12,27.01514,26.882523,27.01514,0.1326169999999997,True,cis,False,False,False,cis,False,0.2074966532797858,0.063931013975617,0.3949996835393909,Tier_2_Validate,Adipose,proximal,,,,,,,,,,,,,,,,,,,,,,,,,,,,,left_only,True,False,False,False,False,,tissue_specific,,,23.799987341575637
6034.0,ENSRNOG00000011808,Ghrhr,growth hormone releasing hormone receptor,Chr4: 84.498158,3.483,21.5,Chr4: 84.544511,0.595,Chr4,84.498158,Chr4,84.544511,84.498158,84.544511,0.0463529999999963,True,cis,False,False,False,cis,False,0.0100401606425702,0.1183467142432352,0.3449354062100319,Tier_2_Validate,Adipose,promoter,,,,,,,,,,,,,,,,,,,,,,,,,,,,,left_only,True,False,False,False,False,,tissue_specific,,,23.797416248401277
26236.0,ENSRNOG00000016975,Pxmp4,peroxisomal membrane protein 4,Chr3: 143.110619,7.255,47.9,Chr3: 142.720320,-0.481,Chr3,143.110619,Chr3,142.72032,143.110619,142.72032,0.3902990000000272,True,cis,False,False,False,cis,False,0.1867469879518072,0.0844484091584894,0.3949183889886037,Tier_2_Validate,Adipose,proximal,,,,,,,,,,,,,,,,,,,,,,,,,,,,,left_only,True,False,False,False,False,,tissue_specific,,,23.796735559544146
,,Gsta3,,,,,,,,,,,,,,,,,,,,,,,,,,,6477.0,ENSRNOG00000056847,glutathione S-transferase alpha 3,Chr9: 23.658573,9.482,23.2,Chr9: 23.638823,0.875,Chr9,23.658573,Chr9,23.638823,23.658573,23.638823,0.0197500000000019,True,cis,False,False,False,cis,False,0.0205655526992287,0.106386999244142,0.3444333931801798,Tier_2_Validate,Liver,promoter,right_only,False,True,False,False,False,,tissue_specific,,,23.77733572720719
3570.0,ENSRNOG00000005195,Cst3,cystatin C,Chr3: 136.340795,13.127,48.2,Chr3: 136.490118,-0.469,Chr3,136.340795,Chr3,136.490118,136.340795,136.490118,0.1493229999999812,True,cis,False,False,False,cis,False,0.1887550200803213,0.0808801665179898,0.3943723153094088,Tier_2_Validate,Adipose,proximal,,,,,,,,,,,,,,,,,,,,,,,,,,,,,left_only,True,False,False,False,False,,tissue_specific,,,23.77489261237635
4939.0,ENSRNOG00000026323,Eqtn,equatorin,Chr5: 109.762047,6.962,51.7,Chr5: 109.530252,0.389,Chr5,109.762047,Chr5,109.530252,109.762047,109.530252,0.2317949999999911,True,cis,False,False,False,cis,False,0.2121820615796519,0.0570918822479928,0.3942458803396756,Tier_2_Validate,Adipose,proximal,,,,,,,,,,,,,,,,,,,,,,,,,,,,,left_only,True,False,False,False,False,,tissue_specific,,,23.769835213587022
24279.0,ENSRNOG00000022329,Or6k8,olfactory receptor family 6 subfamily K member 8,Chr13: 86.180578,1.257,36.0,Chr13: 86.622151,0.74,Chr13,86.180578,Chr13,86.622151,86.180578,86.622151,0.4415730000000053,True,cis,False,False,False,cis,False,0.107095046854083,0.1614629794826048,0.3939953092178407,Tier_2_Validate,Adipose,proximal,,,,,,,,,,,,,,,,,,,,,,,,,,,,,left_only,True,False,False,False,False,,tissue_specific,,,23.75981236871363
,,Phospho1,,,,,,,,,,,,,,,,,,,,,,,,,,,25128.0,ENSRNOG00000005569,phosphoethanolamine/phosphocholine phosphatase 1,Chr10: 80.762061,6.501,50.2,Chr10: 80.874886,0.706,Chr10,80.762061,Chr10,80.874886,80.762061,80.874886,0.1128250000000008,True,cis,False,False,False,cis,False,0.1940874035989717,0.0744520030234315,0.3939887923178411,Tier_2_Validate,Liver,proximal,right_only,False,True,False,False,False,,tissue_specific,,,23.759551692713643
,,Fam228b,,,,,,,,,,,,,,,,,,,,,,,,,,,5231.0,ENSRNOG00000049615,"family with sequence similarity 228, member B",Chr6: 27.786577,3.038,24.6,Chr6: 27.798162,0.816,Chr6,27.786577,Chr6,27.798162,27.786577,27.798162,0.0115850000000001,True,cis,False,False,False,cis,False,0.0295629820051414,0.0952380952380952,0.3436803770351328,Tier_2_Validate,Liver,promoter,right_only,False,True,False,False,False,,tissue_specific,,,23.747215081405315
,,Coch,,,,,,,,,,,,,,,,,,,,,,,,,,,3220.0,ENSRNOG00000005286,cochlin,Chr6: 69.031138,4.822,39.3,Chr6: 69.282694,1.062,Chr6,69.031138,Chr6,69.282694,69.031138,69.282694,0.2515560000000079,True,cis,False,False,False,cis,False,0.1240359897172236,0.1417233560090703,0.3930157710042028,Tier_2_Validate,Liver,proximal,right_only,False,True,False,False,False,,tissue_specific,,,23.720630840168113
340.0,UNCHAR_Adat2,Adat2,"adenosine deaminase, tRNA-specific 2",Chr1: 7.954519,6.883,47.4,Chr1: 7.181875,0.472,Chr1,7.954519,Chr1,7.181875,7.954519,7.181875,0.7726440000000006,True,cis,False,False,False,cis,False,0.1834002677376171,0.0817722271781147,0.3928103732205061,Tier_2_Validate,Adipose,proximal,,,,,,,,,,,,,,,,,,,,,,,,,,,,,left_only,True,False,False,False,False,,tissue_specific,,,23.712414928820245
6495.0,ENSRNOG00000049771,Gstt1,glutathione S-transferase theta 1,Chr20: 12.856612,9.217,44.9,Chr20: 13.278239,-0.528,Chr20,12.856612,Chr20,13.278239,12.856612,13.278239,0.4216269999999991,True,cis,False,False,False,cis,False,0.1666666666666666,0.0984240261671127,0.3927817424918227,Tier_2_Validate,Adipose,proximal,,,,,,,,,,,,,,,,,,,,,,,,,,,,,left_only,True,False,False,False,False,,tissue_specific,,,23.711269699672908
,,Shisa3,,,,,,,,,,,,,,,,,,,,,,,,,,,28405.0,ENSRNOG00000025670,shisa family member 3,Chr14: 40.568243,4.579,23.9,Chr14: 40.562917,-0.822,Chr14,40.568243,Chr14,40.562917,40.568243,40.562917,0.0053260000000037,True,cis,False,False,False,cis,False,0.025064267352185,0.0963718820861678,0.3425026523034235,Tier_2_Validate,Liver,promoter,right_only,False,True,False,False,False,,tissue_specific,,,23.70010609213694
12846.0,UNCHAR_LOC108352547,LOC108352547,uncharacterized LOC108352547,Chr13: 56.747096,2.015,62.4,Chr13: 56.452309,-1.088,Chr13,56.747096,Chr13,56.452309,56.747096,56.452309,0.2947869999999994,True,cis,False,True,True,cis,False,0.2838018741633199,0.2649420160570919,0.3920603615771441,Tier_2_Validate,Adipose,proximal,,,,,,,,,,,,,,,,,,,,,,,,,,,,,left_only,True,False,False,False,False,,tissue_specific,,,23.682414463085763
,,Cd8a,,,,,,,,,,,,,,,,,,,,,,,,,,,2458.0,ENSRNOG00000007178,CD8 subunit alpha,Chr4: 103.365803,5.029,40.3,Chr4: 104.212440,1.012,Chr4,103.365803,Chr4,104.21244,103.365803,104.21244,0.8466370000000012,True,cis,False,False,False,cis,False,0.1304627249357326,0.1322751322751322,0.3919582500238027,Tier_2_Validate,Liver,proximal,right_only,False,True,False,False,False,,tissue_specific,,,23.67833000095211
,,Slc29a4,,,,,,,,,,,,,,,,,,,,,,,,,,,28686.0,ENSRNOG00000001115,solute carrier family 29 member 4,Chr12: 11.884659,4.174,31.5,Chr12: 12.536759,1.309,Chr12,11.884659,Chr12,12.536759,11.884659,12.536759,0.6521000000000008,True,cis,False,False,False,cis,False,0.0739074550128534,0.188397581254724,0.3918067626936521,Tier_2_Validate,Liver,proximal,right_only,False,True,False,False,False,,tissue_specific,,,23.672270507746084
22435.0,ENSRNOG00000029977,Nat2,N-acetyltransferase 2,Chr16: 22.217849,8.035,33.0,Chr16: 22.210721,-0.306,Chr16,22.217849,Chr16,22.210721,22.217849,22.210721,0.0071280000000015,True,cis,False,False,False,cis,False,0.0870147255689424,0.0324115373178709,0.3417991920103846,Tier_2_Validate,Adipose,promoter,,,,,,,,,,,,,,,,,,,,,,,,,,,,,left_only,True,False,False,False,False,,tissue_specific,,,23.671967680415385
31969.0,ENSRNOG00000027564,Tsga10ip,testis specific 10 interacting protein,Chr1: 202.714667,2.291,32.1,Chr1: 203.024851,-0.805,Chr1,202.714667,Chr1,203.024851,202.714667,203.024851,0.3101840000000209,True,cis,False,False,False,cis,False,0.0809906291834002,0.1807909604519774,0.3916235563723822,Tier_2_Validate,Adipose,proximal,,,,,,,,,,,,,,,,,,,,,,,,,,,,,left_only,True,False,False,False,False,,tissue_specific,,,23.664942254895287
,,Mag,,,,,,,,,,,,,,,,,,,,,,,,,,,20977.0,ENSRNOG00000021023,myelin-associated glycoprotein,Chr1: 86.163725,0.912,42.7,Chr1: 86.021287,-0.92,Chr1,86.163725,Chr1,86.021287,86.163725,86.021287,0.1424379999999985,True,cis,False,False,False,cis,False,0.1458868894601542,0.1148904006046863,0.3912720515226942,Tier_2_Validate,Liver,proximal,right_only,False,True,False,False,False,,tissue_specific,,,23.65088206090777
27786.0,ENSRNOG00000040052,RT1-M6-2,"RT1 class I, locus M6, gene 2",Chr20: 1.583266,5.351,29.9,Chr20: 1.568617,-0.368,Chr20,1.583266,Chr20,1.568617,1.583266,1.568617,0.0146490000000001,True,cis,False,False,False,cis,False,0.0662650602409638,0.0508474576271186,0.3409893812538289,Tier_2_Validate,Adipose,promoter,,,,,,,,,,,,,,,,,,,,,,,,,,,,,left_only,True,False,False,False,False,,tissue_specific,,,23.639575250153158
,,LOC120100033,,,,,,,,,,,,,,,,,,,,,,,,,,,17849.0,UNCHAR_LOC120100033,uncharacterized LOC120100033,Chr1: 238.501942,5.834,46.9,Chr1: 238.452893,1.524,Chr1,238.501942,Chr1,238.452893,238.501942,238.452893,0.0490490000000249,True,cis,False,True,True,cis,False,0.172879177377892,0.2290249433106576,0.3406664422409923,Tier_2_Validate,Liver,promoter,right_only,False,True,False,False,False,,tissue_specific,,,23.626657689639693
9613.0,UNCHAR_LOC102549403,LOC102549403,uncharacterized LOC102549403,Chr7: 50.423294,3.339,44.7,Chr7: 50.445816,-0.992,Chr7,50.423294,Chr7,50.445816,50.423294,50.445816,0.0225220000000021,True,cis,False,True,True,cis,False,0.1653279785809906,0.2363960749330954,0.3406034187299301,Tier_2_Validate,Adipose,promoter,,,,,,,,,,,,,,,,,,,,,,,,,,,,,left_only,True,False,False,False,False,,tissue_specific,,,23.624136749197206
21143.0,ENSRNOG00000018297,Marveld2,MARVEL domain containing 2,Chr2: 31.764149,3.467,38.1,Chr2: 31.925135,-0.66,Chr2,31.764149,Chr2,31.925135,31.764149,31.925135,0.1609860000000011,True,cis,False,False,False,cis,False,0.1211512717536814,0.1376746952126078,0.3905890884382011,Tier_2_Validate,Adipose,proximal,,,,,,,,,,,,,,,,,,,,,,,,,,,,,left_only,True,False,False,False,False,,tissue_specific,,,23.623563537528042
,,Ccdc175,,,,,,,,,,,,,,,,,,,,,,,,,,,2199.0,ENSRNOG00000004774,coiled-coil domain containing 175,Chr6: 90.745014,5.774,30.7,Chr6: 90.719996,-0.56,Chr6,90.745014,Chr6,90.719996,90.745014,90.719996,0.0250180000000028,True,cis,False,False,False,cis,False,0.0687660668380462,0.0468631897203325,0.3404702397954326,Tier_2_Validate,Liver,promoter,right_only,False,True,False,False,False,,tissue_specific,,,23.618809591817303
22437.0,ENSRNOG00000056962_1,Nat8,N-acetyltransferase 8B,Chr4: 118.284670,2.667,37.2,Chr4: 118.133979,-0.677,Chr4,118.28467,Chr4,118.133979,118.28467,118.133979,0.150691000000009,True,cis,False,False,False,cis,False,0.1151271753681392,0.1427297056199821,0.3902499083458425,Tier_2_Validate,Adipose,proximal,,,,,,,,,,,,,,,,,,,,,,,,,,,,,left_only,True,False,False,False,False,,tissue_specific,,,23.6099963338337
19280.0,UNCHAR_LOC120102311,LOC120102311,uncharacterized LOC120102311,Chr4: 105.288959,4.79,58.1,Chr4: 105.344429,-0.683,Chr4,105.288959,Chr4,105.344429,105.288959,105.344429,0.0554699999999996,True,cis,False,True,True,cis,False,0.2550200803212851,0.1445138269402319,0.339836867541531,Tier_2_Validate,Adipose,promoter,,,,,,,,,,,,,,,,,,,,,,,,,,,,,left_only,True,False,False,False,False,,tissue_specific,,,23.59347470166124
33511.0,ENSRNOG00000026874,Zfp956,zinc finger protein 956,Chr4: 76.943238,6.928,28.4,Chr4: 77.017778,-0.387,Chr4,76.943238,Chr4,77.017778,76.943238,77.017778,0.0745400000000131,True,cis,False,False,False,cis,False,0.0562248995983935,0.0564971751412429,0.3394527261588728,Tier_2_Validate,Adipose,promoter,,,,,,,,,,,,,,,,,,,,,,,,,,,,,left_only,True,False,False,False,False,,tissue_specific,,,23.57810904635491
,,Ten1,,,,,,,,,,,,,,,,,,,,,,,,,,,30285.0,ENSRNOG00000060307,TEN1 subunit of CST complex,Chr10: 101.431327,6.697,24.5,Chr10: 101.458721,-0.748,Chr10,101.431327,Chr10,101.458721,101.431327,101.458721,0.027394000000001,True,cis,False,False,False,cis,False,0.0289203084832904,0.0823885109599395,0.3389580868051305,Tier_2_Validate,Liver,promoter,right_only,False,True,False,False,False,,tissue_specific,,,23.55832347220522
,,Prr15,,,,,,,,,,,,,,,,,,,,,,,,,,,25935.0,ENSRNOG00000009564,proline rich 15,Chr4: 83.432001,4.48,24.0,Chr4: 83.371802,0.763,Chr4,83.432001,Chr4,83.371802,83.432001,83.371802,0.0601989999999972,True,cis,False,False,False,cis,False,0.0257069408740359,0.0852229780801209,0.3388254716339549,Tier_2_Validate,Liver,promoter,right_only,False,True,False,False,False,,tissue_specific,,,23.553018865358197
20847.0,ENSRNOG00000000855,Lst1,leukocyte specific transcript 1,Chr20: 3.634679,4.403,21.9,Chr20: 3.601132,0.517,Chr20,3.634679,Chr20,3.601132,3.634679,3.601132,0.0335469999999999,True,cis,False,False,False,cis,False,0.0127175368139223,0.0951531370799881,0.3377547358628686,Tier_2_Validate,Adipose,promoter,,,,,,,,,,,,,,,,,,,,,,,,,,,,,left_only,True,False,False,False,False,,tissue_specific,,,23.510189434514743
5171.0,ENSRNOG00000021693,Fam149a,"family with sequence similarity 149, member A",Chr16: 46.855376,8.533,48.8,Chr16: 46.596353,-0.39,Chr16,46.855376,Chr16,46.596353,46.855376,46.596353,0.2590229999999991,True,cis,False,False,False,cis,False,0.1927710843373493,0.0573892358013678,0.387556112048551,Tier_2_Validate,Adipose,proximal,,,,,,,,,,,,,,,,,,,,,,,,,,,,,left_only,True,False,False,False,False,,tissue_specific,,,23.50224448194204
21859.0,ENSRNOG00000086807,Mmp24os,MMP24 opposite strand,Chr3: 144.324448,9.682,49.4,Chr3: 144.547298,0.372,Chr3,144.324448,Chr3,144.547298,144.324448,144.547298,0.2228500000000224,True,cis,False,False,False,cis,False,0.1967871485943775,0.0520368718406184,0.3870884071522485,Tier_2_Validate,Adipose,proximal,,,,,,,,,,,,,,,,,,,,,,,,,,,,,left_only,True,False,False,False,False,,tissue_specific,,,23.48353628608994
,,Mtmr7,,,,,,,,,,,,,,,,,,,,,,,,,,,22189.0,ENSRNOG00000011420,myotubularin related protein 7,Chr16: 51.641266,7.372,25.7,Chr16: 51.585652,-0.668,Chr16,51.641266,Chr16,51.585652,51.641266,51.585652,0.0556139999999985,True,cis,False,False,False,cis,False,0.0366323907455012,0.0672713529856387,0.336366310305899,Tier_2_Validate,Liver,promoter,right_only,False,True,False,False,False,,tissue_specific,,,23.45465241223596
1904.0,ENSRNOG00000001173,Cabp1,calcium binding protein 1,Chr12: 41.385233,4.165,36.5,Chr12: 40.946310,0.655,Chr12,41.385233,Chr12,40.94631,41.385233,40.94631,0.4389230000000026,True,cis,False,False,False,cis,False,0.110441767068273,0.136187927445733,0.386320393079902,Tier_2_Validate,Adipose,proximal,,,,,,,,,,,,,,,,,,,,,,,,,,,,,left_only,True,False,False,False,False,,tissue_specific,,,23.452815723196082
,,Ffar4,,,,,,,,,,,,,,,,,,,,,,,,,,,5459.0,ENSRNOG00000021763,free fatty acid receptor 4,Chr1: 235.873575,2.026,23.0,Chr1: 235.806772,0.756,Chr1,235.873575,Chr1,235.806772,235.873575,235.806772,0.066802999999993,True,cis,False,False,False,cis,False,0.0192802056555269,0.0839002267573696,0.3361131513445138,Tier_2_Validate,Liver,promoter,right_only,False,True,False,False,False,,tissue_specific,,,23.444526053780553
10942.0,ENSRNOG00000074084,LOC102555661,uncharacterized LOC102555661,Chr3: 139.325803,1.607,60.0,Chr3: 138.848480,1.081,Chr3,139.325803,Chr3,138.84848,139.325803,138.84848,0.4773230000000126,True,cis,False,True,True,cis,False,0.2677376171352075,0.2628605411834671,0.385709355411536,Tier_2_Validate,Adipose,proximal,,,,,,,,,,,,,,,,,,,,,,,,,,,,,left_only,True,False,False,False,False,,tissue_specific,,,23.428374216461442
,,Dcn,,,,,,,,,,,,,,,,,,,,,,,,,,,3925.0,ENSRNOG00000004554,decorin,Chr7: 32.281251,7.006,25.7,Chr7: 32.247877,-0.658,Chr7,32.281251,Chr7,32.247877,32.281251,32.247877,0.0333739999999949,True,cis,False,False,False,cis,False,0.0366323907455012,0.0653817082388511,0.3357049346445233,Tier_2_Validate,Liver,promoter,right_only,False,True,False,False,False,,tissue_specific,,,23.428197385780933
,,LOC690319,,,,,,,,,,,,,,,,,,,,,,,,,,,20573.0,UNCHAR_LOC690319,uncharacterized LOC690319,Chr6: 122.858813,1.566,68.4,Chr6: 123.067730,1.469,Chr6,122.858813,Chr6,123.06773,122.858813,123.06773,0.2089169999999995,True,cis,False,True,True,cis,False,0.3110539845758355,0.2186318972033258,0.3853900586227065,Tier_2_Validate,Liver,proximal,right_only,False,True,False,False,False,,tissue_specific,,,23.415602344908258
3243.0,ENSRNOG00000043150_2,Col20a1,collagen type XX alpha 1 chain,Chr3: 168.102474,7.515,24.2,Chr3: 168.114441,-0.442,Chr3,168.102474,Chr3,168.114441,168.102474,168.114441,0.0119669999999985,True,cis,False,False,False,cis,False,0.0281124497991967,0.0728516205768659,0.3353374246316219,Tier_2_Validate,Adipose,promoter,,,,,,,,,,,,,,,,,,,,,,,,,,,,,left_only,True,False,False,False,False,,tissue_specific,,,23.413496985264878
2520.0,ENSRNOG00000018557,Cdh22,cadherin 22,Chr3: 153.950631,3.757,21.0,Chr3: 153.986705,-0.506,Chr3,153.950631,Chr3,153.986705,153.950631,153.986705,0.0360740000000134,True,cis,False,False,False,cis,False,0.0066934404283801,0.0918822479928635,0.3345014909474353,Tier_2_Validate,Adipose,promoter,,,,,,,,,,,,,,,,,,,,,,,,,,,,,left_only,True,False,False,False,False,,tissue_specific,,,23.38005963789741
1394.0,ENSRNOG00000061346,B3glct,beta 3-glucosyltransferase,Chr12: 5.346806,8.748,48.2,Chr12: 5.017960,0.374,Chr12,5.346806,Chr12,5.01796,5.346806,5.01796,0.3288459999999995,True,cis,False,False,False,cis,False,0.1887550200803213,0.0526315789473684,0.3844853096596914,Tier_2_Validate,Adipose,proximal,,,,,,,,,,,,,,,,,,,,,,,,,,,,,left_only,True,False,False,False,False,,tissue_specific,,,23.379412386387656
,,Mrps35,,,,,,,,,,,,,,,,,,,,,,,,,,,22069.0,ENSRNOG00000001842,mitochondrial ribosomal protein S35,Chr4: 179.958066,9.659,29.6,Chr4: 179.868683,-0.503,Chr4,179.958066,Chr4,179.868683,179.958066,179.868683,0.0893829999999979,True,cis,False,False,False,cis,False,0.0616966580976863,0.0360922146636432,0.3342261054664653,Tier_2_Validate,Liver,promoter,right_only,False,True,False,False,False,,tissue_specific,,,23.369044218658612
,,Acsm5,,,,,,,,,,,,,,,,,,,,,,,,,,,229.0,ENSRNOG00000031211,acyl-CoA synthetase medium-chain family member 5,Chr1: 173.870872,11.034,58.7,Chr1: 172.059761,1.398,Chr1,173.870872,Chr1,172.059761,173.870872,172.059761,1.8111109999999824,True,cis,False,False,False,cis,False,0.2487146529562982,0.2052154195011337,0.4588755253601011,Tier_2_Validate,Liver,distal_cis,right_only,False,True,False,False,False,,tissue_specific,,,23.355021014404045
5892.0,UNCHAR_Gas2,Gas2,growth arrest-specific 2,Chr1: 101.452360,5.193,38.2,Chr1: 101.230005,0.59,Chr1,101.45236,Chr1,101.230005,101.45236,101.230005,0.2223549999999932,True,cis,False,False,False,cis,False,0.1218206157965194,0.1168599464763603,0.3835381967955079,Tier_2_Validate,Adipose,proximal,,,,,,,,,,,,,,,,,,,,,,,,,,,,,left_only,True,False,False,False,False,,tissue_specific,,,23.341527871820315
28862.0,ENSRNOG00000006119,Slc7a15,"solute carrier family 7 (cationic amino acid transporter, y+ system), member 15",Chr6: 31.415230,8.966,22.3,Chr6: 31.417411,0.467,Chr6,31.41523,Chr6,31.417411,31.41523,31.417411,0.0021810000000002,True,cis,False,False,False,cis,False,0.0153949129852744,0.0802854594112399,0.33348813033878,Tier_2_Validate,Adipose,promoter,,,,,,,,,,,,,,,,,,,,,,,,,,,,,left_only,True,False,False,False,False,,tissue_specific,,,23.339525213551198
10553.0,UNCHAR_LOC102553770,LOC102553770,uncharacterized LOC102553770,Chr2: 31.068284,1.32,51.1,Chr2: 31.931397,-1.258,Chr2,31.068284,Chr2,31.931397,31.068284,31.931397,0.863113000000002,True,cis,False,True,True,cis,False,0.2081659973226238,0.3154921201308355,0.3832803411087108,Tier_2_Validate,Adipose,proximal,,,,,,,,,,,,,,,,,,,,,,,,,,,,,left_only,True,False,False,False,False,,tissue_specific,,,23.33121364434843
6478.0,ENSRNOG00000030449,Gsta4,glutathione S-transferase alpha 4,Chr8: 79.066966,8.338,27.5,Chr8: 79.039328,-0.346,Chr8,79.066966,Chr8,79.039328,79.066966,79.039328,0.027637999999996,True,cis,False,False,False,cis,False,0.0502008032128514,0.0443056794528694,0.3330772689330023,Tier_2_Validate,Adipose,promoter,,,,,,,,,,,,,,,,,,,,,,,,,,,,,left_only,True,False,False,False,False,,tissue_specific,,,23.323090757320095
,,Ifitm3,,,,,,,,,,,,,,,,,,,,,,,,,,,7173.0,ENSRNOG00000015078,interferon induced transmembrane protein 3,Chr1: 196.112134,10.268,24.0,Chr1: 196.097163,-0.675,Chr1,196.112134,Chr1,196.097163,196.112134,196.097163,0.0149710000000027,True,cis,False,False,False,cis,False,0.0257069408740359,0.06859410430839,0.3330053658138491,Tier_2_Validate,Liver,promoter,right_only,False,True,False,False,False,,tissue_specific,,,23.320214632553963
466.0,ENSRNOG00000012315,Agmat,agmatinase,Chr5: 154.043664,2.637,31.6,Chr5: 154.500033,0.733,Chr5,154.043664,Chr5,154.500033,154.043664,154.500033,0.4563689999999951,True,cis,False,False,False,cis,False,0.0776439089692101,0.1593815046089801,0.3829588947523665,Tier_2_Validate,Adipose,proximal,,,,,,,,,,,,,,,,,,,,,,,,,,,,,left_only,True,False,False,False,False,,tissue_specific,,,23.31835579009466
22608.0,ENSRNOG00000012757,Nek3,NIMA-related kinase 3,Chr16: 69.867019,6.38,29.2,Chr16: 69.905227,0.306,Chr16,69.867019,Chr16,69.905227,69.867019,69.905227,0.0382079999999973,True,cis,False,False,False,cis,False,0.0615796519410977,0.0324115373178709,0.332896916240639,Tier_2_Validate,Adipose,promoter,,,,,,,,,,,,,,,,,,,,,,,,,,,,,left_only,True,False,False,False,False,,tissue_specific,,,23.315876649625558
21248.0,ENSRNOG00000032813,Mdc1,mediator of DNA damage checkpoint 1,Chr20: 2.912393,7.957,45.6,Chr20: 2.611182,-0.417,Chr20,2.912393,Chr20,2.611182,2.912393,2.611182,0.3012109999999999,True,cis,False,False,False,cis,False,0.1713520749665328,0.0654177817424918,0.3828694498481586,Tier_2_Validate,Adipose,proximal,,,,,,,,,,,,,,,,,,,,,,,,,,,,,left_only,True,False,False,False,False,,tissue_specific,,,23.314777993926345
25311.0,ENSRNOG00000019018,Plat,"plasminogen activator, tissue type",Chr16: 69.265176,10.461,27.0,Chr16: 69.230460,-0.351,Chr16,69.265176,Chr16,69.23046,69.265176,69.23046,0.034716000000003,True,cis,False,False,False,cis,False,0.0468540829986613,0.0457924472197442,0.3324262855764419,Tier_2_Validate,Adipose,promoter,,,,,,,,,,,,,,,,,,,,,,,,,,,,,left_only,True,False,False,False,False,,tissue_specific,,,23.297051423057674
,,Prcd,,,,,,,,,,,,,,,,,,,,,,,,,,,25763.0,ENSRNOG00000090755,photoreceptor disc component,Chr10: 101.887550,4.791,24.8,Chr10: 101.964122,-0.639,Chr10,101.88755,Chr10,101.964122,101.88755,101.964122,0.0765719999999987,True,cis,False,False,False,cis,False,0.0308483290488431,0.0617913832199546,0.3324238992940792,Tier_2_Validate,Liver,promoter,right_only,False,True,False,False,False,,tissue_specific,,,23.29695597176317
,,Abcg3l1,,,,,,,,,,,,,,,,,,,,,,,,,,,89.0,ENSRNOG00000069481_2,"ATP-binding cassette, subfamily G (WHITE), member 3-like 1",Chr14: 5.177264,4.318,22.9,Chr14: 5.131747,-0.702,Chr14,5.177264,Chr14,5.131747,5.177264,5.131747,0.0455170000000002,True,cis,False,False,False,cis,False,0.018637532133676,0.0736961451247165,0.3323167870404374,Tier_2_Validate,Liver,promoter,right_only,False,True,False,False,False,,tissue_specific,,,23.292671481617496
25023.0,ENSRNOG00000028015,Pf4,platelet factor 4,Chr14: 17.299219,7.98,42.9,Chr14: 17.530689,-0.472,Chr14,17.299219,Chr14,17.530689,17.299219,17.530689,0.231469999999998,True,cis,False,False,False,cis,False,0.1532797858099062,0.0817722271781147,0.3822682045458073,Tier_2_Validate,Adipose,proximal,,,,,,,,,,,,,,,,,,,,,,,,,,,,,left_only,True,False,False,False,False,,tissue_specific,,,23.290728181832293
,,E2f2,,,,,,,,,,,,,,,,,,,,,,,,,,,4553.0,ENSRNOG00000047741,E2F transcription factor 2,Chr5: 148.399192,5.531,26.8,Chr5: 148.448833,-0.56,Chr5,148.399192,Chr5,148.448833,148.399192,148.448833,0.0496410000000082,True,cis,False,False,False,cis,False,0.0437017994858611,0.0468631897203325,0.3316977462221678,Tier_2_Validate,Liver,promoter,right_only,False,True,False,False,False,,tissue_specific,,,23.26790984888671
11641.0,ENSRNOG00000066982,LOC103693502,zinc finger protein 431-like,Chr9: 113.729582,6.629,43.7,Chr9: 113.311047,0.445,Chr9,113.729582,Chr9,113.311047,113.729582,113.311047,0.4185349999999914,True,cis,False,False,True,cis,False,0.1586345381526104,0.0737436812369907,0.3813323767863604,Tier_2_Validate,Adipose,proximal,,,,,,,,,,,,,,,,,,,,,,,,,,,,,left_only,True,False,False,False,False,,tissue_specific,,,23.253295071454417
,,Cyp4a8,,,,,,,,,,,,,,,,,,,,,,,,,,,3807.0,ENSRNOG00000008842,"cytochrome P450, family 4, subfamily a, polypeptide 8",Chr5: 128.733475,9.488,20.7,Chr5: 128.754736,-0.761,Chr5,128.733475,Chr5,128.754736,128.733475,128.754736,0.0212610000000097,True,cis,False,False,False,cis,False,0.0044987146529562,0.0848450491307634,0.3312703173243019,Tier_2_Validate,Liver,promoter,right_only,False,True,False,False,False,,tissue_specific,,,23.250812692972076
,,Slc4a1,,,,,,,,,,,,,,,,,,,,,,,,,,,28803.0,ENSRNOG00000020951,solute carrier family 4 member 1 (Diego blood group),Chr10: 87.323131,5.863,21.9,Chr10: 87.304756,-0.72,Chr10,87.323131,Chr10,87.304756,87.323131,87.304756,0.018375000000006,True,cis,False,False,False,cis,False,0.012210796915167,0.0770975056689342,0.3312579059044355,Tier_2_Validate,Liver,promoter,right_only,False,True,False,False,False,,tissue_specific,,,23.25031623617742
31978.0,ENSRNOG00000027784,Tsku,"tsukushi, small leucine rich proteoglycan",Chr1: 152.671681,8.409,38.3,Chr1: 152.301954,0.548,Chr1,152.671681,Chr1,152.301954,152.671681,152.301954,0.3697270000000117,True,cis,False,False,False,cis,False,0.1224899598393574,0.1043710972346119,0.3794013699758892,Tier_2_Validate,Adipose,proximal,,,,,,,,,,,,,,,,,,,,,,,,,,,,,left_only,True,False,False,False,False,,tissue_specific,,,23.17605479903557
,,LOC120101643,,,,,,,,,,,,,,,,,,,,,,,,,,,18861.0,ENSRNOG00000066870,sodium/nucleoside cotransporter 2-like,Chr3: 109.505639,11.435,41.7,Chr3: 109.771053,-0.772,Chr3,109.505639,Chr3,109.771053,109.505639,109.771053,0.2654139999999927,True,cis,False,False,True,cis,False,0.1394601542416452,0.0869236583522297,0.3792343344078562,Tier_2_Validate,Liver,proximal,right_only,False,True,False,False,False,,tissue_specific,,,23.169373376314248
,,Cdh17,,,,,,,,,,,,,,,,,,,,,,,,,,,2515.0,ENSRNOG00000015562,cadherin 17,Chr5: 25.262819,10.981,30.8,Chr5: 24.888002,1.139,Chr5,25.262819,Chr5,24.888002,25.262819,24.888002,0.3748170000000002,True,cis,False,False,False,cis,False,0.0694087403598971,0.1562736205593348,0.3789888263217311,Tier_2_Validate,Liver,proximal,right_only,False,True,False,False,False,,tissue_specific,,,23.159553052869242
4456.0,ENSRNOG00000013928,Dsp,desmoplakin,Chr17: 26.671691,7.158,30.6,Chr17: 27.011152,0.714,Chr17,26.671691,Chr17,27.011152,26.671691,27.011152,0.339461,True,cis,False,False,False,cis,False,0.07095046854083,0.1537317870948557,0.3786387894724899,Tier_2_Validate,Adipose,proximal,,,,,,,,,,,,,,,,,,,,,,,,,,,,,left_only,True,False,False,False,False,,tissue_specific,,,23.145551578899596
,,Fzd1,,,,,,,,,,,,,,,,,,,,,,,,,,,5771.0,ENSRNOG00000062541,frizzled class receptor 1,Chr4: 29.310302,9.509,26.4,Chr4: 29.333030,0.526,Chr4,29.310302,Chr4,29.33303,29.310302,29.33303,0.0227280000000007,True,cis,False,False,False,cis,False,0.0411311053984575,0.0404383975812547,0.3285493260428993,Tier_2_Validate,Liver,promoter,right_only,False,True,False,False,False,,tissue_specific,,,23.14197304171597
,,Fahd1,,,,,,,,,,,,,,,,,,,,,,,,,,,5134.0,ENSRNOG00000014727,fumarylacetoacetate hydrolase domain containing 1,Chr10: 13.874881,10.783,28.6,Chr10: 13.810068,-0.451,Chr10,13.874881,Chr10,13.810068,13.874881,13.810068,0.0648130000000009,True,cis,False,False,False,cis,False,0.0552699228791773,0.0262660619803477,0.3285375947008337,Tier_2_Validate,Liver,promoter,right_only,False,True,False,False,False,,tissue_specific,,,23.141503788033347
24277.0,ENSRNOG00000066569,Or6k4,olfactory receptor family 6 subfamily K member 14B,Chr13: 86.164243,1.326,31.8,Chr13: 86.622151,0.683,Chr13,86.164243,Chr13,86.622151,86.164243,86.622151,0.4579080000000033,True,cis,False,False,False,cis,False,0.0789825970548862,0.1445138269402319,0.3782237483982913,Tier_2_Validate,Adipose,proximal,,,,,,,,,,,,,,,,,,,,,,,,,,,,,left_only,True,False,False,False,False,,tissue_specific,,,23.12894993593165
,,Adh4,,,,,,,,,,,,,,,,,,,,,,,,,,,390.0,ENSRNOG00000046357,"alcohol dehydrogenase 4 (class II), pi polypeptide",Chr2: 226.948716,10.145,36.2,Chr2: 227.299002,-0.943,Chr2,226.948716,Chr2,227.299002,226.948716,227.299002,0.3502860000000112,True,cis,False,False,False,cis,False,0.1041131105398457,0.1192365835222978,0.3781723929217502,Tier_2_Validate,Liver,proximal,right_only,False,True,False,False,False,,tissue_specific,,,23.12689571687001
23055.0,ENSRNOG00000022576,Nudt12,nudix hydrolase 12,Chr9: 98.755038,9.303,68.6,Chr9: 97.359745,-0.573,Chr9,98.755038,Chr9,97.359745,98.755038,97.359745,1.3952929999999952,True,cis,False,False,False,cis,False,0.325301204819277,0.111804936068986,0.452987149310892,Tier_2_Validate,Adipose,distal_cis,,,,,,,,,,,,,,,,,,,,,,,,,,,,,left_only,True,False,False,False,False,,tissue_specific,,,23.11948597243568
9062.0,UNCHAR_LOC102546903,LOC102546903,uncharacterized LOC102546903,Chr12: 18.837514,2.6,53.2,Chr12: 19.031953,1.159,Chr12,18.837514,Chr12,19.031953,18.837514,19.031953,0.1944390000000027,True,cis,False,True,True,cis,False,0.2222222222222222,0.2860541183467142,0.3778967191991277,Tier_2_Validate,Adipose,proximal,,,,,,,,,,,,,,,,,,,,,,,,,,,,,left_only,True,False,False,False,False,,tissue_specific,,,23.115868767965107
6332.0,ENSRNOG00000010880,Gpr27,G protein-coupled receptor 27,Chr4: 132.328363,4.013,23.1,Chr4: 132.846270,-0.873,Chr4,132.328363,Chr4,132.84627,132.328363,132.84627,0.5179070000000081,True,cis,False,False,False,cis,False,0.0207496653279785,0.2010110020814748,0.3776162335933086,Tier_2_Validate,Adipose,proximal,,,,,,,,,,,,,,,,,,,,,,,,,,,,,left_only,True,False,False,False,False,,tissue_specific,,,23.104649343732344
162.0,ENSRNOG00000003108,Acbd4,acyl-CoA binding domain containing 4,Chr10: 88.048080,10.022,27.0,Chr10: 88.124264,-0.303,Chr10,88.04808,Chr10,88.124264,88.04808,88.124264,0.0761839999999978,True,cis,False,False,False,cis,False,0.0468540829986613,0.031519476657746,0.3274307458797426,Tier_2_Validate,Adipose,promoter,,,,,,,,,,,,,,,,,,,,,,,,,,,,,left_only,True,False,False,False,False,,tissue_specific,,,23.0972298351897
30054.0,ENSRNOG00000030245,Tango2,transport and golgi organization 2 homolog,Chr11: 82.645977,7.815,23.4,Chr11: 82.653430,-0.384,Chr11,82.645977,Chr11,82.65343,82.645977,82.65343,0.0074529999999981,True,cis,False,False,False,cis,False,0.0227576974564926,0.055605114481118,0.3274269841781637,Tier_2_Validate,Adipose,promoter,,,,,,,,,,,,,,,,,,,,,,,,,,,,,left_only,True,False,False,False,False,,tissue_specific,,,23.097079367126547
22734.0,ENSRNOG00000027797,Nit2,"nitrilase family, member 2",Chr11: 43.363838,10.359,30.4,Chr11: 43.455216,-0.226,Chr11,43.363838,Chr11,43.455216,43.363838,43.455216,0.0913779999999988,True,cis,False,False,False,cis,False,0.0696117804551539,0.0086232530478739,0.3273822617260598,Tier_2_Validate,Adipose,promoter,,,,,,,,,,,,,,,,,,,,,,,,,,,,,left_only,True,False,False,False,False,,tissue_specific,,,23.09529046904239
8185.0,ENSRNOG00000011300,Lama3,laminin subunit alpha 3,Chr18: 3.523167,8.619,35.4,Chr18: 3.385653,0.593,Chr18,3.523167,Chr18,3.385653,3.523167,3.385653,0.1375139999999999,True,cis,False,False,False,cis,False,0.1030789825970548,0.1177520071364852,0.377290846406739,Tier_2_Validate,Adipose,proximal,,,,,,,,,,,,,,,,,,,,,,,,,,,,,left_only,True,False,False,False,False,,tissue_specific,,,23.09163385626956
28592.0,ENSRNOG00000022673,Slc22a20,solute carrier family 22 member 20,Chr1: 203.273853,1.466,29.2,Chr1: 202.576317,0.729,Chr1,203.273853,Chr1,202.576317,203.273853,202.576317,0.6975360000000137,True,cis,False,False,False,cis,False,0.0615796519410977,0.1581920903954802,0.3769201098178023,Tier_2_Validate,Adipose,proximal,,,,,,,,,,,,,,,,,,,,,,,,,,,,,left_only,True,False,False,False,False,,tissue_specific,,,23.07680439271209
7399.0,ENSRNOG00000012375,Inpp1,inositol polyphosphate-1-phosphatase,Chr9: 48.688036,9.392,43.3,Chr9: 48.546520,-0.409,Chr9,48.688036,Chr9,48.54652,48.688036,48.54652,0.1415159999999957,True,cis,False,False,False,cis,False,0.1559571619812583,0.0630389533154921,0.3766486403538627,Tier_2_Validate,Adipose,proximal,,,,,,,,,,,,,,,,,,,,,,,,,,,,,left_only,True,False,False,False,False,,tissue_specific,,,23.065945614154508
,,Ednra,,,,,,,,,,,,,,,,,,,,,,,,,,,4613.0,ENSRNOG00000012721,endothelin receptor type A,Chr19: 30.233539,6.077,31.9,Chr19: 30.542433,1.064,Chr19,30.233539,Chr19,30.542433,30.233539,30.542433,0.3088939999999986,True,cis,False,False,False,cis,False,0.076478149100257,0.1421012849584278,0.3765028019205397,Tier_2_Validate,Liver,proximal,right_only,False,True,False,False,False,,tissue_specific,,,23.06011207682159
,,Abcg2,,,,,,,,,,,,,,,,,,,,,,,,,,,87.0,ENSRNOG00000007041,ATP binding cassette subfamily G member 2,Chr4: 87.676240,6.786,39.0,Chr4: 88.034264,-0.822,Chr4,87.67624,Chr4,88.034264,87.67624,88.034264,0.3580239999999861,True,cis,False,False,False,cis,False,0.1221079691516709,0.0963718820861678,0.3764679479332435,Tier_2_Validate,Liver,proximal,right_only,False,True,False,False,False,,tissue_specific,,,23.05871791732974
22095.0,ENSRNOG00000047349,Ms4a6b,"membrane-spanning 4-domains, subfamily A, member 6B",Chr1: 208.281015,8.379,34.7,Chr1: 208.647015,0.598,Chr1,208.281015,Chr1,208.647015,208.281015,208.647015,0.3660000000000138,True,cis,False,False,False,cis,False,0.0983935742971887,0.11923877490336,0.3761713222201921,Tier_2_Validate,Adipose,proximal,,,,,,,,,,,,,,,,,,,,,,,,,,,,,left_only,True,False,False,False,False,,tissue_specific,,,23.046852888807685
17729.0,UNCHAR_LOC120099890,LOC120099890,uncharacterized LOC120099890,Chr1: 153.484558,3.019,55.2,Chr1: 153.308472,1.095,Chr1,153.484558,Chr1,153.308472,153.484558,153.308472,0.1760859999999979,True,cis,False,True,True,cis,False,0.2356091030789826,0.2670234909307166,0.3759214079033947,Tier_2_Validate,Adipose,proximal,,,,,,,,,,,,,,,,,,,,,,,,,,,,,left_only,True,False,False,False,False,,tissue_specific,,,23.036856316135786
,,Steap3,,,,,,,,,,,,,,,,,,,,,,,,,,,29721.0,ENSRNOG00000049471,STEAP3 metalloreductase,Chr13: 31.397343,9.385,24.2,Chr13: 31.408482,-0.56,Chr13,31.397343,Chr13,31.408482,31.397343,31.408482,0.011139,True,cis,False,False,False,cis,False,0.0269922879177377,0.0468631897203325,0.3258494171733246,Tier_2_Validate,Liver,promoter,right_only,False,True,False,False,False,,tissue_specific,,,23.033976686932984
22055.0,ENSRNOG00000010164,Mrps2,mitochondrial ribosomal protein S2,Chr3: 11.803043,7.162,28.5,Chr3: 11.829881,-0.253,Chr3,11.803043,Chr3,11.829881,11.803043,11.829881,0.0268379999999996,True,cis,False,False,False,cis,False,0.0568942436412315,0.0166517989889979,0.3257411149205803,Tier_2_Validate,Adipose,promoter,,,,,,,,,,,,,,,,,,,,,,,,,,,,,left_only,True,False,False,False,False,,tissue_specific,,,23.02964459682321
587.0,ENSRNOG00000017619,Aldh1a1,"aldehyde dehydrogenase 1 family, member A1",Chr1: 218.000469,6.14,23.4,Chr1: 217.753437,-0.846,Chr1,218.000469,Chr1,217.753437,218.000469,217.753437,0.2470320000000185,True,cis,False,False,False,cis,False,0.0227576974564926,0.1929824561403509,0.3755090537588952,Tier_2_Validate,Adipose,proximal,,,,,,,,,,,,,,,,,,,,,,,,,,,,,left_only,True,False,False,False,False,,tissue_specific,,,23.02036215035581
,,Hbb,,,,,,,,,,,,,,,,,,,,,,,,,,,6667.0,ENSRNOG00000081310,hemoglobin subunit beta,Chr1: 158.251831,10.732,36.3,Chr1: 158.468568,-0.898,Chr1,158.251831,Chr1,158.468568,158.251831,158.468568,0.2167369999999948,True,cis,False,False,False,cis,False,0.1047557840616966,0.1107331821617536,0.3754211381782075,Tier_2_Validate,Liver,proximal,right_only,False,True,False,False,False,,tissue_specific,,,23.0168455271283
8345.0,ENSRNOG00000010357,Lhx9,LIM homeobox 9,Chr13: 50.409946,2.476,34.5,Chr13: 49.769641,0.593,Chr13,50.409946,Chr13,49.769641,50.409946,49.769641,0.6403049999999979,True,cis,False,False,False,cis,False,0.0970548862115127,0.1177520071364852,0.3751824126717993,Tier_2_Validate,Adipose,proximal,,,,,,,,,,,,,,,,,,,,,,,,,,,,,left_only,True,False,False,False,False,,tissue_specific,,,23.007296506871974
28573.0,ENSRNOG00000014816,Slc1a1,solute carrier family 1 member 1,Chr1: 226.549931,5.274,22.8,Chr1: 226.622414,0.374,Chr1,226.549931,Chr1,226.622414,226.549931,226.622414,0.0724830000000054,True,cis,False,False,False,cis,False,0.0187416331994645,0.0526315789473684,0.3249806242513915,Tier_2_Validate,Adipose,promoter,,,,,,,,,,,,,,,,,,,,,,,,,,,,,left_only,True,False,False,False,False,,tissue_specific,,,22.99922497005566
19432.0,UNCHAR_LOC120102499,LOC120102499,uncharacterized LOC120102499,Chr4: 129.420527,1.351,53.9,Chr4: 129.196723,1.111,Chr4,129.420527,Chr4,129.196723,129.420527,129.196723,0.2238040000000012,True,cis,False,True,True,cis,False,0.2269076305220883,0.271781147784716,0.3745410724073815,Tier_2_Validate,Adipose,proximal,,,,,,,,,,,,,,,,,,,,,,,,,,,,,left_only,True,False,False,False,False,,tissue_specific,,,22.98164289629526
27789.0,ENSRNOG00000076074,RT1-O1,"RT1 class Ib, locus O1",Chr20: 2.655115,3.396,30.8,Chr20: 3.601132,0.67,Chr20,2.655115,Chr20,3.601132,2.655115,3.601132,0.9460170000000004,True,cis,False,False,False,cis,False,0.072289156626506,0.1406482307463574,0.3745280855805022,Tier_2_Validate,Adipose,proximal,,,,,,,,,,,,,,,,,,,,,,,,,,,,,left_only,True,False,False,False,False,,tissue_specific,,,22.98112342322009
8598.0,UNCHAR_LOC100362400,LOC100362400,60S ribosomal protein L13-like,Chr10: 39.102737,6.583,35.8,Chr10: 38.923472,0.557,Chr10,39.102737,Chr10,38.923472,39.102737,38.923472,0.1792650000000009,True,cis,False,False,True,cis,False,0.1057563587684069,0.1070472792149866,0.3744812732941878,Tier_2_Validate,Adipose,proximal,,,,,,,,,,,,,,,,,,,,,,,,,,,,,left_only,True,False,False,False,False,,tissue_specific,,,22.97925093176751
23031.0,ENSRNOG00000031136,Ntng1,netrin G1,Chr2: 197.827680,5.885,61.0,Chr2: 196.146024,-0.71,Chr2,197.82768,Chr2,196.146024,197.82768,196.146024,1.6816559999999754,True,cis,False,False,False,cis,False,0.2744310575635876,0.1525423728813559,0.4494407006557303,Tier_2_Validate,Adipose,distal_cis,,,,,,,,,,,,,,,,,,,,,,,,,,,,,left_only,True,False,False,False,False,,tissue_specific,,,22.977628026229212
,,Slc13a5,,,,,,,,,,,,,,,,,,,,,,,,,,,28535.0,ENSRNOG00000014870,solute carrier family 13 member 5,Chr10: 56.891188,6.611,21.7,Chr10: 56.951051,-0.619,Chr10,56.891188,Chr10,56.951051,56.891188,56.951051,0.059863,True,cis,False,False,False,cis,False,0.0109254498714652,0.0580120937263794,0.3241281402592456,Tier_2_Validate,Liver,promoter,right_only,False,True,False,False,False,,tissue_specific,,,22.965125610369824
24274.0,UNCHAR_Or6k14,Or6k14,olfactory receptor family 6 subfamily K member 14,Chr13: 86.116191,2.093,28.0,Chr13: 86.622151,0.727,Chr13,86.116191,Chr13,86.622151,86.116191,86.622151,0.5059600000000017,True,cis,False,False,False,cis,False,0.0535475234270415,0.1575973832887303,0.3739007173505201,Tier_2_Validate,Adipose,proximal,,,,,,,,,,,,,,,,,,,,,,,,,,,,,left_only,True,False,False,False,False,,tissue_specific,,,22.956028694020805
,,Slc12a1,,,,,,,,,,,,,,,,,,,,,,,,,,,28522.0,ENSRNOG00000005367,solute carrier family 12 member 1,Chr3: 112.406139,4.323,21.8,Chr3: 112.517058,-1.367,Chr3,112.406139,Chr3,112.517058,112.406139,112.517058,0.1109190000000097,True,cis,False,False,False,cis,False,0.0115681233933162,0.1993575207860922,0.3738239754627929,Tier_2_Validate,Liver,proximal,right_only,False,True,False,False,False,,tissue_specific,,,22.952959018511716
19029.0,UNCHAR_LOC120101891,LOC120101891,uncharacterized LOC120101891,Chr3: 13.538890,6.458,67.0,Chr3: 12.564220,-0.808,Chr3,13.53889,Chr3,12.56422,13.53889,12.56422,0.9746699999999996,True,cis,False,True,True,cis,False,0.3145917001338688,0.1816830211121023,0.3736961524360899,Tier_2_Validate,Adipose,proximal,,,,,,,,,,,,,,,,,,,,,,,,,,,,,left_only,True,False,False,False,False,,tissue_specific,,,22.947846097443595
16033.0,ENSRNOG00000061398,LOC120097291,U1 spliceosomal RNA,Chr15: 21.239755,3.425,63.3,Chr6: 72.936638,1.611,Chr15,21.239755,Chr6,72.936638,21.239755,72.936638,inf,False,trans,False,False,True,LOC_UNCHARACTERIZED,True,0.2898259705488621,0.4204579244721974,0.4485993632573708,Tier_3_FlaggedInspect,Adipose,trans,,,,,,,,,,,,,,,,,,,,,,,,,,,,,left_only,True,False,False,False,False,,tissue_specific,,,22.94397453029483
,,Vcan,,,,,,,,,,,,,,,,,,,,,,,,,,,32514.0,ENSRNOG00000029212,versican,Chr2: 20.860636,3.882,30.7,Chr2: 20.357925,1.059,Chr2,20.860636,Chr2,20.357925,20.860636,20.357925,0.5027109999999979,True,cis,False,False,False,cis,False,0.0687660668380462,0.141156462585034,0.3734728852980781,Tier_2_Validate,Liver,proximal,right_only,False,True,False,False,False,,tissue_specific,,,22.938915411923123
,,LOC102547621,,,,,,,,,,,,,,,,,,,,,,,,,,,9217.0,UNCHAR_LOC102547621,uncharacterized LOC102547621,Chr5: 56.952976,1.512,52.7,Chr5: 56.984189,1.056,Chr5,56.952976,Chr5,56.984189,56.952976,56.984189,0.031213000000001,True,cis,False,True,True,cis,False,0.2101542416452442,0.1405895691609977,0.3227603337821847,Tier_2_Validate,Liver,promoter,right_only,False,True,False,False,False,,tissue_specific,,,22.91041335128739
,,RT1-Bb,,,,,,,,,,,,,,,,,,,,,,,,,,,27754.0,UNCHAR_RT1-Bb,"similar to RT1 class II histocompatibility antigen, B-1 beta chain precursor (RT1.B-beta(1))",Chr20: 4.602200,8.205,37.1,Chr20: 5.504017,-0.829,Chr20,4.6022,Chr20,5.504017,4.6022,5.504017,0.9018170000000004,True,cis,False,False,False,cis,False,0.1098971722365038,0.0976946334089191,0.372657131975898,Tier_2_Validate,Liver,proximal,right_only,False,True,False,False,False,,tissue_specific,,,22.90628527903592
,,Cabp5,,,,,,,,,,,,,,,,,,,,,,,,,,,1907.0,ENSRNOG00000014787,calcium binding protein 5,Chr1: 74.350810,1.547,55.8,Chr1: 76.986665,1.325,Chr1,74.35081,Chr1,76.986665,74.35081,76.986665,2.6358550000000065,True,cis,False,False,False,cis,False,0.2300771208226221,0.1914210128495842,0.4475243467852722,Tier_2_Validate,Liver,distal_cis,right_only,False,True,False,False,False,,tissue_specific,,,22.900973871410887
66.0,ENSRNOG00000001082,Abcb9,ATP binding cassette subfamily B member 9,Chr12: 32.499212,6.808,22.8,Chr12: 32.403448,0.35,Chr12,32.499212,Chr12,32.403448,32.499212,32.403448,0.0957640000000026,True,cis,False,False,False,cis,False,0.0187416331994645,0.0454950936663693,0.3224828544030418,Tier_2_Validate,Adipose,promoter,,,,,,,,,,,,,,,,,,,,,,,,,,,,,left_only,True,False,False,False,False,,tissue_specific,,,22.89931417612167
12931.0,UNCHAR_LOC108352809,LOC108352809,uncharacterized LOC108352809,Chr14: 95.020004,2.457,41.1,Chr14: 95.007131,0.896,Chr14,95.020004,Chr14,95.007131,95.020004,95.007131,0.012872999999999,True,cis,False,True,True,cis,False,0.1412315930388219,0.207850133809099,0.3221786043967724,Tier_2_Validate,Adipose,promoter,,,,,,,,,,,,,,,,,,,,,,,,,,,,,left_only,True,False,False,False,False,,tissue_specific,,,22.887144175870894
22467.0,ENSRNOG00000012051,Ncaph,"non-SMC condensin I complex, subunit H",Chr3: 114.399177,4.858,22.6,Chr3: 114.386564,0.35,Chr3,114.399177,Chr3,114.386564,114.399177,114.386564,0.0126129999999875,True,cis,False,False,False,cis,False,0.0174029451137884,0.0454950936663693,0.3220143135730552,Tier_2_Validate,Adipose,promoter,,,,,,,,,,,,,,,,,,,,,,,,,,,,,left_only,True,False,False,False,False,,tissue_specific,,,22.88057254292221
7984.0,ENSRNOG00000033414,Klk1c3,kallikrein 1-related peptidase C3,Chr1: 94.671635,1.482,25.2,Chr1: 94.104355,-0.766,Chr1,94.671635,Chr1,94.104355,94.671635,94.104355,0.5672799999999967,True,cis,False,False,False,cis,False,0.0348058902275769,0.1691941718703538,0.3714000217342758,Tier_2_Validate,Adipose,proximal,,,,,,,,,,,,,,,,,,,,,,,,,,,,,left_only,True,False,False,False,False,,tissue_specific,,,22.85600086937103
3346.0,ENSRNOG00000007827,Cox4i2,cytochrome c oxidase subunit 4i2,Chr3: 141.228442,5.937,21.4,Chr3: 141.322796,0.369,Chr3,141.228442,Chr3,141.322796,141.228442,141.322796,0.0943540000000098,True,cis,False,False,False,cis,False,0.0093708165997322,0.0511448111804936,0.321180469723079,Tier_2_Validate,Adipose,promoter,,,,,,,,,,,,,,,,,,,,,,,,,,,,,left_only,True,False,False,False,False,,tissue_specific,,,22.84721878892316
,,Phf19,,,,,,,,,,,,,,,,,,,,,,,,,,,25099.0,ENSRNOG00000018874,PHD finger protein 19,Chr3: 18.197288,7.509,34.9,Chr3: 17.943348,-0.88,Chr3,18.197288,Chr3,17.943348,18.197288,17.943348,0.25394,True,cis,False,False,False,cis,False,0.095758354755784,0.1073318216175359,0.371081561730662,Tier_2_Validate,Liver,proximal,right_only,False,True,False,False,False,,tissue_specific,,,22.84326246922648
10848.0,UNCHAR_LOC102555240,LOC102555240,uncharacterized LOC102555240,Chr10: 0.990682,2.104,44.5,Chr10: 1.082663,0.803,Chr10,0.990682,Chr10,1.082663,0.990682,1.082663,0.0919809999999999,True,cis,False,True,True,cis,False,0.1639892904953145,0.1801962533452275,0.3204649403441897,Tier_2_Validate,Adipose,promoter,,,,,,,,,,,,,,,,,,,,,,,,,,,,,left_only,True,False,False,False,False,,tissue_specific,,,22.818597613767587
,,Mrpl45,,,,,,,,,,,,,,,,,,,,,,,,,,,22032.0,ENSRNOG00000010540,mitochondrial ribosomal protein L45,Chr10: 82.308649,7.745,24.6,Chr10: 82.311611,-0.464,Chr10,82.308649,Chr10,82.311611,82.308649,82.311611,0.0029619999999965,True,cis,False,False,False,cis,False,0.0295629820051414,0.0287226001511715,0.3203999537547095,Tier_2_Validate,Liver,promoter,right_only,False,True,False,False,False,,tissue_specific,,,22.815998150188378
27546.0,ENSRNOG00000000505,Rpl10a,ribosomal protein L10A,Chr20: 6.388799,10.993,26.3,Chr20: 6.323102,0.248,Chr20,6.388799,Chr20,6.323102,6.388799,6.323102,0.0656970000000001,True,cis,False,False,False,cis,False,0.0421686746987951,0.0151650312221231,0.3200667970723214,Tier_2_Validate,Adipose,promoter,,,,,,,,,,,,,,,,,,,,,,,,,,,,,left_only,True,False,False,False,False,,tissue_specific,,,22.802671882892856
25926.0,ENSRNOG00000032513,Prps1l1,phosphoribosyl pyrophosphate synthetase 1-like 1,Chr6: 51.684959,1.401,28.2,Chr6: 51.537876,-0.682,Chr6,51.684959,Chr6,51.537876,51.684959,51.537876,0.147083000000002,True,cis,False,False,False,cis,False,0.0548862115127175,0.1442164733868569,0.3696859397148511,Tier_2_Validate,Adipose,proximal,,,,,,,,,,,,,,,,,,,,,,,,,,,,,left_only,True,False,False,False,False,,tissue_specific,,,22.787437588594045
,,LOC120098616,,,,,,,,,,,,,,,,,,,,,,,,,,,16959.0,UNCHAR_LOC120098616,uncharacterized LOC120098616,Chr19: 19.942671,1.379,66.8,Chr19: 20.064558,-1.281,Chr19,19.942671,Chr19,20.064558,19.942671,20.064558,0.1218870000000009,True,cis,False,True,True,cis,False,0.300771208226221,0.1831065759637188,0.3693572244664789,Tier_2_Validate,Liver,proximal,right_only,False,True,False,False,False,,tissue_specific,,,22.774288978659158
3123.0,ENSRNOG00000010149,Cmc1,C-x(9)-C motif containing 1,Chr8: 117.900457,7.426,40.1,Chr8: 117.689838,0.409,Chr8,117.900457,Chr8,117.689838,117.900457,117.689838,0.2106190000000083,True,cis,False,False,False,cis,False,0.1345381526104417,0.0630389533154921,0.3691519870740768,Tier_2_Validate,Adipose,proximal,,,,,,,,,,,,,,,,,,,,,,,,,,,,,left_only,True,False,False,False,False,,tissue_specific,,,22.76607948296307
,,LOC108348901,,,,,,,,,,,,,,,,,,,,,,,,,,,11974.0,UNCHAR_LOC108348901,uncharacterized LOC108348901,Chr19: 16.500196,4.645,43.6,Chr19: 16.494076,-1.308,Chr19,16.500196,Chr19,16.494076,16.500196,16.494076,0.0061199999999992,True,cis,False,True,True,cis,False,0.1516709511568123,0.1882086167800453,0.3189578487779002,Tier_2_Validate,Liver,promoter,right_only,False,True,False,False,False,,tissue_specific,,,22.75831395111601
,,Cyp4a2,,,,,,,,,,,,,,,,,,,,,,,,,,,3805.0,ENSRNOG00000082592,"cytochrome P450, family 4, subfamily a, polypeptide 2",Chr5: 128.934187,12.789,35.4,Chr5: 128.754736,0.826,Chr5,128.934187,Chr5,128.754736,128.934187,128.754736,0.1794510000000002,True,cis,False,False,False,cis,False,0.0989717223650385,0.0971277399848828,0.3686348118224725,Tier_2_Validate,Liver,proximal,right_only,False,True,False,False,False,,tissue_specific,,,22.7453924728989
5929.0,ENSRNOG00000068418,Gbp6,guanylate binding protein family member 6,Chr14: 4.730285,6.899,33.3,Chr14: 3.829000,-0.55,Chr14,4.730285,Chr14,3.829,4.730285,3.829,0.901285,True,cis,False,False,False,cis,False,0.0890227576974564,0.1049658043413618,0.3678959967135864,Tier_2_Validate,Adipose,proximal,,,,,,,,,,,,,,,,,,,,,,,,,,,,,left_only,True,False,False,False,False,,tissue_specific,,,22.715839868543455
3873.0,ENSRNOG00000016247,Daw1,dynein assembly factor with WD repeats 1,Chr9: 84.435551,2.043,25.9,Chr9: 84.857080,-0.715,Chr9,84.435551,Chr9,84.85708,84.435551,84.85708,0.4215289999999925,True,cis,False,False,False,cis,False,0.0394912985274431,0.1540291406482307,0.3677321537114858,Tier_2_Validate,Adipose,proximal,,,,,,,,,,,,,,,,,,,,,,,,,,,,,left_only,True,False,False,False,False,,tissue_specific,,,22.709286148459434
22776.0,ENSRNOG00000023143,Nlrp1a,"NLR family, pyrin domain containing 1A",Chr10: 55.833638,8.908,38.1,Chr10: 55.177413,-0.438,Chr10,55.833638,Chr10,55.177413,55.833638,55.177413,0.6562249999999992,True,cis,False,False,False,cis,False,0.1211512717536814,0.071662206363366,0.3674847173409665,Tier_2_Validate,Adipose,proximal,,,,,,,,,,,,,,,,,,,,,,,,,,,,,left_only,True,False,False,False,False,,tissue_specific,,,22.69938869363866
,,Nat8f1,,,,,,,,,,,,,,,,,,,,,,,,,,,22439.0,ENSRNOG00000015799,N-acetyltransferase 8 (GCN5-related) family member 1,Chr4: 118.342908,2.534,35.2,Chr4: 118.133979,-0.812,Chr4,118.342908,Chr4,118.133979,118.342908,118.133979,0.2089289999999977,True,cis,False,False,False,cis,False,0.0976863753213367,0.0944822373393802,0.367259014431251,Tier_2_Validate,Liver,proximal,right_only,False,True,False,False,False,,tissue_specific,,,22.69036057725004
,,Pcp4l1,,,,,,,,,,,,,,,,,,,,,,,,,,,24865.0,ENSRNOG00000003209,Purkinje cell protein 4-like 1,Chr13: 83.612630,7.428,29.7,Chr13: 83.183593,-0.999,Chr13,83.61263,Chr13,83.183593,83.61263,83.183593,0.4290369999999939,True,cis,False,False,False,cis,False,0.0623393316195372,0.1298185941043084,0.367255274003346,Tier_2_Validate,Liver,proximal,right_only,False,True,False,False,False,,tissue_specific,,,22.69021096013384
12495.0,UNCHAR_LOC108351294,LOC108351294,uncharacterized LOC108351294,Chr6: 122.953903,2.774,42.5,Chr6: 123.067730,-1.296,Chr6,122.953903,Chr6,123.06773,122.953903,123.06773,0.1138270000000005,True,cis,False,True,True,cis,False,0.1506024096385542,0.3267915551590841,0.3670878876791734,Tier_2_Validate,Adipose,proximal,,,,,,,,,,,,,,,,,,,,,,,,,,,,,left_only,True,False,False,False,False,,tissue_specific,,,22.683515507166938
,,Tmem79,,,,,,,,,,,,,,,,,,,,,,,,,,,30821.0,ENSRNOG00000019414,transmembrane protein 79,Chr2: 173.803150,3.88,31.2,Chr2: 173.599533,0.94,Chr2,173.80315,Chr2,173.599533,173.80315,173.599533,0.2036169999999799,True,cis,False,False,False,cis,False,0.0719794344473007,0.1186696900982615,0.3667271935909467,Tier_2_Validate,Liver,proximal,right_only,False,True,False,False,False,,tissue_specific,,,22.669087743637867
8812.0,UNCHAR_LOC100911312,LOC100911312,uncharacterized LOC100911312,Chr16: 64.775086,1.321,38.5,Chr16: 64.696515,0.901,Chr16,64.775086,Chr16,64.696515,64.775086,64.696515,0.0785709999999966,True,cis,False,True,True,cis,False,0.1238286479250334,0.2093369015759738,0.3166079423253525,Tier_2_Validate,Adipose,promoter,,,,,,,,,,,,,,,,,,,,,,,,,,,,,left_only,True,False,False,False,False,,tissue_specific,,,22.664317693014098
32543.0,ENSRNOG00000068184,Vinac1,vinculin/alpha-catenin family member 1,Chr3: 116.285107,3.759,32.3,Chr3: 115.507993,0.556,Chr3,116.285107,Chr3,115.507993,116.285107,115.507993,0.7771139999999974,True,cis,False,False,False,cis,False,0.0823293172690762,0.1067499256616116,0.3661777350257408,Tier_2_Validate,Adipose,proximal,,,,,,,,,,,,,,,,,,,,,,,,,,,,,left_only,True,False,False,False,False,,tissue_specific,,,22.64710940102963
,,Tox3,,,,,,,,,,,,,,,,,,,,,,,,,,,30999.0,ENSRNOG00000028649,TOX high mobility group box family member 3,Chr19: 16.648337,2.208,29.1,Chr19: 16.494076,1.003,Chr19,16.648337,Chr19,16.494076,16.648337,16.494076,0.1542610000000017,True,cis,False,False,False,cis,False,0.0584832904884318,0.1305744520030234,0.3661702098720093,Tier_2_Validate,Liver,proximal,right_only,False,True,False,False,False,,tissue_specific,,,22.646808394880374
11993.0,UNCHAR_LOC108348977,LOC108348977,uncharacterized LOC108348977,Chr19: 54.622765,1.942,42.4,Chr19: 54.681161,-0.809,Chr19,54.622765,Chr19,54.681161,54.622765,54.681161,0.0583960000000018,True,cis,False,True,True,cis,False,0.1499330655957161,0.1819803746654772,0.3161697040914177,Tier_2_Validate,Adipose,promoter,,,,,,,,,,,,,,,,,,,,,,,,,,,,,left_only,True,False,False,False,False,,tissue_specific,,,22.64678816365671
20698.0,ENSRNOG00000025608,Lrat,lecithin retinol acyltransferase,Chr2: 168.273154,7.701,29.5,Chr2: 167.937010,-0.618,Chr2,168.273154,Chr2,167.93701,168.273154,167.93701,0.3361440000000186,True,cis,False,False,False,cis,False,0.0635876840696117,0.1251858459708593,0.3660707355141649,Tier_2_Validate,Adipose,proximal,,,,,,,,,,,,,,,,,,,,,,,,,,,,,left_only,True,False,False,False,False,,tissue_specific,,,22.642829420566596
2048.0,ENSRNOG00000024277,Card11,"caspase recruitment domain family, member 11",Chr12: 13.621139,6.877,28.9,Chr12: 13.152627,0.629,Chr12,13.621139,Chr12,13.152627,13.621139,13.152627,0.4685119999999987,True,cis,False,False,False,cis,False,0.0595716198125836,0.1284567350579839,0.3658099242046986,Tier_2_Validate,Adipose,proximal,,,,,,,,,,,,,,,,,,,,,,,,,,,,,left_only,True,False,False,False,False,,tissue_specific,,,22.632396968187944
29538.0,ENSRNOG00000003537,Spta1,"spectrin, alpha, erythrocytic 1",Chr13: 86.203503,3.52,29.0,Chr13: 86.622151,0.622,Chr13,86.203503,Chr13,86.622151,86.203503,86.622151,0.4186480000000045,True,cis,False,False,False,cis,False,0.0602409638554216,0.1263752601843592,0.3653156784139233,Tier_2_Validate,Adipose,proximal,,,,,,,,,,,,,,,,,,,,,,,,,,,,,left_only,True,False,False,False,False,,tissue_specific,,,22.61262713655693
,,Isyna1,,,,,,,,,,,,,,,,,,,,,,,,,,,7532.0,ENSRNOG00000019741,inositol-3-phosphate synthase 1,Chr16: 18.841978,8.325,36.8,Chr16: 18.944552,0.725,Chr16,18.841978,Chr16,18.944552,18.841978,18.944552,0.1025740000000006,True,cis,False,False,False,cis,False,0.1079691516709511,0.078042328042328,0.3651040178996477,Tier_2_Validate,Liver,proximal,right_only,False,True,False,False,False,,tissue_specific,,,22.604160715985905
29314.0,UNCHAR_Sowaha,Sowaha,sosondowah ankyrin repeat domain family member A,Chr10: 37.645389,2.665,26.1,Chr10: 38.230324,-0.685,Chr10,37.645389,Chr10,38.230324,37.645389,38.230324,0.5849350000000015,True,cis,False,False,False,cis,False,0.0408299866131191,0.1451085340469818,0.3650784822310353,Tier_2_Validate,Adipose,proximal,,,,,,,,,,,,,,,,,,,,,,,,,,,,,left_only,True,False,False,False,False,,tissue_specific,,,22.603139289241412
22088.0,UNCHAR_Ms4a19,Ms4a19,"membrane-spanning 4-domains, subfamily A, member 19",Chr1: 207.839547,3.466,27.3,Chr1: 208.143797,-0.654,Chr1,207.839547,Chr1,208.143797,207.839547,208.143797,0.3042499999999961,True,cis,False,False,False,cis,False,0.0488621151271753,0.135890573892358,0.3646634411568367,Tier_2_Validate,Adipose,proximal,,,,,,,,,,,,,,,,,,,,,,,,,,,,,left_only,True,False,False,False,False,,tissue_specific,,,22.586537646273467
23039.0,ENSRNOG00000049054,Ntsr2,neurotensin receptor 2,Chr6: 39.424296,3.544,28.0,Chr6: 39.248944,0.638,Chr6,39.424296,Chr6,39.248944,39.424296,39.248944,0.1753519999999966,True,cis,False,False,False,cis,False,0.0535475234270415,0.1311329170383586,0.36463815416289,Tier_2_Validate,Adipose,proximal,,,,,,,,,,,,,,,,,,,,,,,,,,,,,left_only,True,False,False,False,False,,tissue_specific,,,22.5855261665156
13132.0,UNCHAR_LOC120093165,LOC120093165,uncharacterized LOC120093165,Chr2: 52.023028,4.391,45.7,Chr2: 52.627302,-1.195,Chr2,52.023028,Chr2,52.627302,52.023028,52.627302,0.6042740000000038,True,cis,False,True,True,cis,False,0.1720214190093708,0.2967588462682129,0.3640730928471543,Tier_2_Validate,Adipose,proximal,,,,,,,,,,,,,,,,,,,,,,,,,,,,,left_only,True,False,False,False,False,,tissue_specific,,,22.56292371388617
25467.0,ENSRNOG00000028622,Pnpla1,"patatin like domain 1, omega-hydroxyceramide transacylase",Chr20: 6.917992,4.778,34.1,Chr20: 7.862433,-0.495,Chr20,6.917992,Chr20,7.862433,6.917992,7.862433,0.9444410000000004,True,cis,False,False,False,cis,False,0.0943775100401606,0.0886113589057389,0.3640461041310648,Tier_2_Validate,Adipose,proximal,,,,,,,,,,,,,,,,,,,,,,,,,,,,,left_only,True,False,False,False,False,,tissue_specific,,,22.56184416524259
,,Agxt2,,,,,,,,,,,,,,,,,,,,,,,,,,,489.0,ENSRNOG00000017821,alanine-glyoxylate aminotransferase 2,Chr2: 59.336251,10.73,39.0,Chr2: 59.228537,-0.633,Chr2,59.336251,Chr2,59.228537,59.336251,59.228537,0.1077139999999943,True,cis,False,False,False,cis,False,0.1221079691516709,0.060657596371882,0.3639679479332436,Tier_2_Validate,Liver,proximal,right_only,False,True,False,False,False,,tissue_specific,,,22.558717917329744
10356.0,UNCHAR_LOC102552767,LOC102552767,uncharacterized LOC102552767,Chr15: 11.906056,3.013,41.0,Chr15: 11.837354,0.817,Chr15,11.906056,Chr15,11.837354,11.906056,11.837354,0.068702,True,cis,False,True,True,cis,False,0.1405622489959839,0.1843592030924769,0.3137225082309612,Tier_2_Validate,Adipose,promoter,,,,,,,,,,,,,,,,,,,,,,,,,,,,,left_only,True,False,False,False,False,,tissue_specific,,,22.54890032923845
17798.0,UNCHAR_LOC120099967,LOC120099967,uncharacterized LOC120099967,Chr1: 200.189260,4.467,77.0,Chr1: 201.365247,1.206,Chr1,200.18926,Chr1,201.365247,200.18926,201.365247,1.1759870000000203,True,cis,False,True,True,cis,False,0.3815261044176706,0.3000297353553374,0.4385445439205527,Tier_2_Validate,Adipose,distal_cis,,,,,,,,,,,,,,,,,,,,,,,,,,,,,left_only,True,False,False,False,False,,tissue_specific,,,22.541781756822107
,,Adra2a,,,,,,,,,,,,,,,,,,,,,,,,,,,420.0,ENSRNOG00000047545,adrenoceptor alpha 2A,Chr1: 253.061479,0.895,33.5,Chr1: 252.591777,0.813,Chr1,253.061479,Chr1,252.591777,253.061479,252.591777,0.4697019999999838,True,cis,False,False,False,cis,False,0.0867609254498714,0.0946712018140589,0.3635012445423756,Tier_2_Validate,Liver,proximal,right_only,False,True,False,False,False,,tissue_specific,,,22.540049781695025
5575.0,ENSRNOG00000004461,Flywch2,FLYWCH family member 2,Chr10: 12.807081,4.912,36.4,Chr10: 13.039414,0.437,Chr10,12.807081,Chr10,13.039414,12.807081,13.039414,0.2323330000000005,True,cis,False,False,False,cis,False,0.109772423025435,0.071364852809991,0.3633980465423991,Tier_2_Validate,Adipose,proximal,,,,,,,,,,,,,,,,,,,,,,,,,,,,,left_only,True,False,False,False,False,,tissue_specific,,,22.535921861695964
,,RGD1562739,,,,,,,,,,,,,,,,,,,,,,,,,,,26947.0,UNCHAR_RGD1562739,uncharacterized RGD1562739,Chr7: 90.404316,1.371,58.6,Chr7: 90.263240,-1.468,Chr7,90.404316,Chr7,90.26324,90.404316,90.26324,0.1410759999999982,True,cis,False,True,False,cis,False,0.2480719794344473,0.218442932728647,0.363280219257083,Tier_2_Validate,Liver,proximal,right_only,False,True,False,False,False,,tissue_specific,,,22.53120877028332
,,Acsm2,,,,,,,,,,,,,,,,,,,,,,,,,,,226.0,ENSRNOG00000064951,acyl-CoA synthetase medium-chain family member 2,Chr1: 173.916367,7.579,42.3,Chr1: 177.193526,-1.642,Chr1,173.916367,Chr1,177.193526,173.916367,177.193526,3.2771589999999837,True,cis,False,False,False,cis,False,0.1433161953727506,0.2513227513227513,0.4381236313434257,Tier_2_Validate,Liver,distal_cis,right_only,False,True,False,False,False,,tissue_specific,,,22.524945253737027
,,Itgae,,,,,,,,,,,,,,,,,,,,,,,,,,,7549.0,ENSRNOG00000046639,integrin subunit alpha E,Chr10: 57.704812,6.41,36.6,Chr10: 56.935705,-0.687,Chr10,57.704812,Chr10,56.935705,57.704812,56.935705,0.7691069999999982,True,cis,False,False,False,cis,False,0.1066838046272493,0.0708616780045351,0.3621409189211245,Tier_2_Validate,Liver,proximal,right_only,False,True,False,False,False,,tissue_specific,,,22.48563675684498
2372.0,ENSRNOG00000047114,Cct8l2,chaperonin containing TCP1 subunit 8 like 2,Chr4: 9.606970,3.935,32.5,Chr4: 9.898950,-0.511,Chr4,9.60697,Chr4,9.89895,9.60697,9.89895,0.2919799999999988,True,cis,False,False,False,cis,False,0.0836680053547523,0.0933690157597383,0.3619629573900718,Tier_2_Validate,Adipose,proximal,,,,,,,,,,,,,,,,,,,,,,,,,,,,,left_only,True,False,False,False,False,,tissue_specific,,,22.47851829560287
33546.0,ENSRNOG00000015071,Zim1,"zinc finger, imprinted 1",Chr1: 67.132075,9.834,22.2,Chr1: 66.965090,-0.738,Chr1,67.132075,Chr1,66.96509,67.132075,66.96509,0.1669849999999968,True,cis,False,False,False,cis,False,0.0147255689424364,0.1608682723758548,0.3614578444614019,Tier_2_Validate,Adipose,proximal,,,,,,,,,,,,,,,,,,,,,,,,,,,,,left_only,True,False,False,False,False,,tissue_specific,,,22.458313778456073
8854.0,ENSRNOG00000089910,LOC100911962,uncharacterized LOC100911962,Chr11: 78.249721,1.975,33.5,Chr11: 78.236644,-0.964,Chr11,78.249721,Chr11,78.236644,78.249721,78.236644,0.0130769999999955,True,cis,False,True,True,cis,False,0.0903614457831325,0.2280701754385964,0.3114510674276051,Tier_2_Validate,Adipose,promoter,,,,,,,,,,,,,,,,,,,,,,,,,,,,,left_only,True,False,False,False,False,,tissue_specific,,,22.458042697104204
26109.0,ENSRNOG00000046946,Ptchd3,patched domain containing 3,Chr10: 107.097550,1.813,38.4,Chr10: 104.734659,-1.091,Chr10,107.09755,Chr10,104.734659,107.09755,104.734659,2.3628910000000047,True,cis,False,False,False,cis,False,0.1231593038821954,0.2658340767172167,0.4361476832097942,Tier_2_Validate,Adipose,distal_cis,,,,,,,,,,,,,,,,,,,,,,,,,,,,,left_only,True,False,False,False,False,,tissue_specific,,,22.44590732839177
24521.0,ENSRNOG00000064999,Ormdl1,ORMDL sphingolipid biosynthesis regulator 1,Chr9: 48.253308,8.063,39.4,Chr9: 48.046200,0.345,Chr9,48.253308,Chr9,48.0462,48.253308,48.0462,0.207107999999998,True,cis,False,False,False,cis,False,0.1298527443105756,0.0440083258994944,0.3608513745735245,Tier_2_Validate,Adipose,proximal,,,,,,,,,,,,,,,,,,,,,,,,,,,,,left_only,True,False,False,False,False,,tissue_specific,,,22.434054982940978
,,Ccdc68,,,,,,,,,,,,,,,,,,,,,,,,,,,2248.0,ENSRNOG00000021381,coiled-coil domain containing 68,Chr18: 63.541827,4.381,26.8,Chr18: 63.698544,1.0,Chr18,63.541827,Chr18,63.698544,63.541827,63.698544,0.1567170000000004,True,cis,False,False,False,cis,False,0.0437017994858611,0.1300075585789871,0.3607982753226969,Tier_2_Validate,Liver,proximal,right_only,False,True,False,False,False,,tissue_specific,,,22.431931012907878
,,Gja4,,,,,,,,,,,,,,,,,,,,,,,,,,,6066.0,ENSRNOG00000014357,"gap junction protein, alpha 4",Chr5: 139.635856,6.6,37.1,Chr5: 139.016294,-0.648,Chr5,139.635856,Chr5,139.016294,139.635856,139.016294,0.619562000000002,True,cis,False,False,False,cis,False,0.1098971722365038,0.0634920634920635,0.3606862325049985,Tier_2_Validate,Liver,proximal,right_only,False,True,False,False,False,,tissue_specific,,,22.42744930019994
30927.0,ENSRNOG00000015578,Tnk1,"tyrosine kinase, non-receptor, 1",Chr10: 54.580546,4.023,26.4,Chr10: 54.389422,-0.636,Chr10,54.580546,Chr10,54.389422,54.580546,54.389422,0.1911239999999949,True,cis,False,False,False,cis,False,0.0428380187416331,0.1305382099316087,0.3606816800356346,Tier_2_Validate,Adipose,proximal,,,,,,,,,,,,,,,,,,,,,,,,,,,,,left_only,True,False,False,False,False,,tissue_specific,,,22.427267201425384
25174.0,ENSRNOG00000039850,Pigp,"phosphatidylinositol glycan anchor biosynthesis, class P",Chr11: 33.689110,8.614,22.6,Chr11: 33.608489,-0.241,Chr11,33.68911,Chr11,33.608489,33.68911,33.608489,0.0806210000000007,True,cis,False,False,False,cis,False,0.0174029451137884,0.0130835563484983,0.3106702755118004,Tier_2_Validate,Adipose,promoter,,,,,,,,,,,,,,,,,,,,,,,,,,,,,left_only,True,False,False,False,False,,tissue_specific,,,22.426811020472016
29096.0,ENSRNOG00000055553,Snora31,"small nucleolar RNA, H/ACA box 31",Chr15: 51.159219,3.835,21.5,Chr15: 51.790676,0.745,Chr15,51.159219,Chr15,51.790676,51.159219,51.790676,0.6314569999999975,True,cis,False,False,False,cis,False,0.0100401606425702,0.1629497472494796,0.3605464677622174,Tier_2_Validate,Adipose,proximal,,,,,,,,,,,,,,,,,,,,,,,,,,,,,left_only,True,False,False,False,False,,tissue_specific,,,22.421858710488696
,,Slfn3,,,,,,,,,,,,,,,,,,,,,,,,,,,28911.0,UNCHAR_Slfn3,schlafen family member 4,Chr10: 68.020481,4.014,33.3,Chr10: 68.151584,-0.775,Chr10,68.020481,Chr10,68.151584,68.020481,68.151584,0.1311029999999959,True,cis,False,False,False,cis,False,0.0854755784061696,0.087490551776266,0.3605381455638524,Tier_2_Validate,Liver,proximal,right_only,False,True,False,False,False,,tissue_specific,,,22.421525822554095
6400.0,ENSRNOG00000023492,Greb1l,GREB1 like retinoic acid receptor coactivator,Chr18: 1.392329,9.751,20.1,Chr18: 1.463866,0.296,Chr18,1.392329,Chr18,1.463866,1.392329,1.463866,0.0715369999999999,True,cis,False,False,False,cis,False,0.000669344042838,0.0294380017841213,0.3105375710394358,Tier_2_Validate,Adipose,promoter,,,,,,,,,,,,,,,,,,,,,,,,,,,,,left_only,True,False,False,False,False,,tissue_specific,,,22.421502841577432
,,Tspan18,,,,,,,,,,,,,,,,,,,,,,,,,,,31992.0,ENSRNOG00000008758,tetraspanin 18,Chr3: 79.299906,6.762,33.2,Chr3: 79.134092,0.778,Chr3,79.299906,Chr3,79.134092,79.299906,79.134092,0.1658139999999974,True,cis,False,False,False,cis,False,0.0848329048843187,0.0880574452003023,0.3605116225296174,Tier_2_Validate,Liver,proximal,right_only,False,True,False,False,False,,tissue_specific,,,22.420464901184694
26322.0,ENSRNOG00000008001,Rab3b,"RAB3B, member RAS oncogene family",Chr5: 123.629561,7.623,44.7,Chr5: 122.524709,0.943,Chr5,123.629561,Chr5,122.524709,123.629561,122.524709,1.104851999999994,True,cis,False,False,False,cis,False,0.1653279785809906,0.2218257508177222,0.4355038052895494,Tier_2_Validate,Adipose,distal_cis,,,,,,,,,,,,,,,,,,,,,,,,,,,,,left_only,True,False,False,False,False,,tissue_specific,,,22.420152211581975
4005.0,ENSRNOG00000042451,Ddx59,DEAD-box helicase 59,Chr13: 47.876257,7.457,22.5,Chr13: 47.930266,0.239,Chr13,47.876257,Chr13,47.930266,47.876257,47.930266,0.0540090000000006,True,cis,False,False,False,cis,False,0.0167336010709504,0.0124888492417484,0.3102278576094446,Tier_2_Validate,Adipose,promoter,,,,,,,,,,,,,,,,,,,,,,,,,,,,,left_only,True,False,False,False,False,,tissue_specific,,,22.409114304377784
,,Zfp663,,,,,,,,,,,,,,,,,,,,,,,,,,,33418.0,ENSRNOG00000031478,zinc finger protein 663,Chr3: 154.102520,0.623,33.3,Chr3: 153.986705,0.769,Chr3,154.10252,Chr3,153.986705,154.10252,153.986705,0.1158149999999977,True,cis,False,False,False,cis,False,0.0854755784061696,0.0863567649281935,0.360141320167027,Tier_2_Validate,Liver,proximal,right_only,False,True,False,False,False,,tissue_specific,,,22.40565280668108
21435.0,ENSRNOG00000016038,Mgmt,O-6-methylguanine-DNA methyltransferase,Chr1: 191.710979,8.197,37.5,Chr1: 191.587372,0.377,Chr1,191.710979,Chr1,191.587372,191.710979,191.587372,0.1236070000000211,True,cis,False,False,False,cis,False,0.1171352074966532,0.0535236396074933,0.3597305964864513,Tier_2_Validate,Adipose,proximal,,,,,,,,,,,,,,,,,,,,,,,,,,,,,left_only,True,False,False,False,False,,tissue_specific,,,22.38922385945805
5512.0,ENSRNOG00000016866,Fhl2,four and a half LIM domains 2,Chr9: 45.462420,7.198,32.6,Chr9: 45.213337,-0.483,Chr9,45.46242,Chr9,45.213337,45.46242,45.213337,0.2490829999999988,True,cis,False,False,False,cis,False,0.0843373493975903,0.0850431162652393,0.3592831629819903,Tier_2_Validate,Adipose,proximal,,,,,,,,,,,,,,,,,,,,,,,,,,,,,left_only,True,False,False,False,False,,tissue_specific,,,22.371326519279613
26219.0,ENSRNOG00000022570,Pus7l,pseudouridine synthase 7 like,Chr7: 125.706581,6.916,20.9,Chr7: 125.705714,-0.263,Chr7,125.706581,Chr7,125.705714,125.706581,125.705714,0.0008669999999995,True,cis,False,False,False,cis,False,0.0060240963855421,0.0196253345227475,0.3089773008179014,Tier_2_Validate,Adipose,promoter,,,,,,,,,,,,,,,,,,,,,,,,,,,,,left_only,True,False,False,False,False,,tissue_specific,,,22.359092032716056
,,Harbi1,,,,,,,,,,,,,,,,,,,,,,,,,,,6645.0,ENSRNOG00000081861,harbinger transposase derived 1,Chr3: 77.681430,5.117,35.3,Chr3: 78.131964,-0.68,Chr3,77.68143,Chr3,78.131964,77.68143,78.131964,0.4505339999999904,True,cis,False,False,False,cis,False,0.0983290488431876,0.0695389266817838,0.35875379143374,Tier_2_Validate,Liver,proximal,right_only,False,True,False,False,False,,tissue_specific,,,22.3501516573496
4887.0,ENSRNOG00000057817,Epb41l1,erythrocyte membrane protein band 4.1-like 1,Chr3: 144.929194,11.432,35.0,Chr3: 145.050063,0.413,Chr3,144.929194,Chr3,145.050063,144.929194,145.050063,0.120868999999999,True,cis,False,False,False,cis,False,0.1004016064257028,0.0642283675289919,0.3576204908841431,Tier_2_Validate,Adipose,proximal,,,,,,,,,,,,,,,,,,,,,,,,,,,,,left_only,True,False,False,False,False,,tissue_specific,,,22.304819635365725
33370.0,ENSRNOG00000071332,Zfp54,zinc finger protein 54,Chr1: 61.190805,7.085,21.6,Chr1: 61.135593,-0.234,Chr1,61.190805,Chr1,61.135593,61.190805,61.135593,0.0552119999999973,True,cis,False,False,False,cis,False,0.0107095046854083,0.0110020814748736,0.3075990551560987,Tier_2_Validate,Adipose,promoter,,,,,,,,,,,,,,,,,,,,,,,,,,,,,left_only,True,False,False,False,False,,tissue_specific,,,22.30396220624395
,,Cdh19,,,,,,,,,,,,,,,,,,,,,,,,,,,2517.0,ENSRNOG00000029841,cadherin 19,Chr13: 28.047489,1.657,49.8,Chr13: 24.309117,1.302,Chr13,28.047489,Chr13,24.309117,28.047489,24.309117,3.7383719999999983,True,cis,False,False,False,cis,False,0.1915167095115681,0.1870748299319728,0.4325070388052393,Tier_2_Validate,Liver,distal_cis,right_only,False,True,False,False,False,,tissue_specific,,,22.300281552209572
,,Bckdhb,,,,,,,,,,,,,,,,,,,,,,,,,,,1490.0,ENSRNOG00000009928,branched chain keto acid dehydrogenase E1 subunit beta,Chr8: 84.845263,11.056,38.9,Chr8: 85.585197,-0.536,Chr8,84.845263,Chr8,85.585197,84.845263,85.585197,0.739933999999991,True,cis,False,False,False,cis,False,0.12146529562982,0.0423280423280423,0.3573276682852518,Tier_2_Validate,Liver,proximal,right_only,False,True,False,False,False,,tissue_specific,,,22.29310673141007
27547.0,UNCHAR_Rpl10a-ps9,Rpl10a-ps9,"ribosomal protein L10A, pseudogene 9",Chr4: 9.589500,8.368,113.0,Chr20: 6.323102,-1.296,Chr4,9.5895,Chr20,6.323102,9.5895,6.323102,inf,False,trans,True,False,False,MEGA_EFFECT;PSEUDOGENE_TRANS,True,0.6224899598393574,0.3267915551590841,0.4322485302494545,Tier_3_FlaggedInspect,Adipose,trans,,,,,,,,,,,,,,,,,,,,,,,,,,,,,left_only,True,False,False,False,False,,tissue_specific,,,22.289941209978178
30144.0,ENSRNOG00000000802,Tbc1d32,"TBC1 domain family, member 32",Chr20: 35.590991,8.195,21.1,Chr20: 35.564085,0.239,Chr20,35.590991,Chr20,35.564085,35.590991,35.564085,0.0269060000000038,True,cis,False,False,False,cis,False,0.0073627844712182,0.0124888492417484,0.3069480717995383,Tier_2_Validate,Adipose,promoter,,,,,,,,,,,,,,,,,,,,,,,,,,,,,left_only,True,False,False,False,False,,tissue_specific,,,22.27792287198153
,,Ly6g5b,,,,,,,,,,,,,,,,,,,,,,,,,,,20892.0,ENSRNOG00000027516,lymphocyte antigen 6 family member G5B,Chr20: 3.705463,2.02,29.6,Chr20: 3.601132,0.845,Chr20,3.705463,Chr20,3.601132,3.705463,3.601132,0.1043309999999997,True,cis,False,False,False,cis,False,0.0616966580976863,0.1007180650037792,0.356845153085513,Tier_2_Validate,Liver,proximal,right_only,False,True,False,False,False,,tissue_specific,,,22.27380612342052
,,Hagh,,,,,,,,,,,,,,,,,,,,,,,,,,,6630.0,ENSRNOG00000014743,hydroxyacyl glutathione hydrolase,Chr10: 13.874978,11.735,21.5,Chr10: 13.810068,-0.364,Chr10,13.874978,Chr10,13.810068,13.874978,13.810068,0.0649100000000011,True,cis,False,False,False,cis,False,0.0096401028277634,0.0098261526832955,0.3068131894288707,Tier_2_Validate,Liver,promoter,right_only,False,True,False,False,False,,tissue_specific,,,22.27252757715483
,,Cd300lg,,,,,,,,,,,,,,,,,,,,,,,,,,,2417.0,ENSRNOG00000020837,Cd300 molecule-like family member G,Chr10: 86.991885,2.793,26.6,Chr10: 87.304756,0.942,Chr10,86.991885,Chr10,87.304756,86.991885,87.304756,0.3128710000000012,True,cis,False,False,False,cis,False,0.0424164524421593,0.119047619047619,0.3565124250214224,Tier_2_Validate,Liver,proximal,right_only,False,True,False,False,False,,tissue_specific,,,22.260497000856894
,,Ms4a6c,,,,,,,,,,,,,,,,,,,,,,,,,,,22097.0,ENSRNOG00000030689,"membrane-spanning 4-domains, subfamily A, member 6C",Chr1: 208.153503,2.372,29.0,Chr1: 207.745267,0.86,Chr1,208.153503,Chr1,207.745267,208.153503,207.745267,0.408235999999988,True,cis,False,False,False,cis,False,0.0578406169665809,0.1035525321239607,0.3564876021816896,Tier_2_Validate,Liver,proximal,right_only,False,True,False,False,False,,tissue_specific,,,22.259504087267587
17201.0,UNCHAR_LOC120098942,LOC120098942,uncharacterized LOC120098942,Chr20: 44.943037,0.67,48.7,Chr20: 44.128952,-1.054,Chr20,44.943037,Chr20,44.128952,44.943037,44.128952,0.8140849999999986,True,cis,False,True,True,cis,False,0.1921017402945113,0.2548319952423431,0.356426807437899,Tier_2_Validate,Adipose,proximal,,,,,,,,,,,,,,,,,,,,,,,,,,,,,left_only,True,False,False,False,False,,tissue_specific,,,22.25707229751596
1983.0,ENSRNOG00000052080,Camk2b,calcium/calmodulin-dependent protein kinase II beta,Chr14: 80.934171,8.499,27.3,Chr14: 80.704849,0.573,Chr14,80.934171,Chr14,80.704849,80.934171,80.704849,0.2293220000000104,True,cis,False,False,False,cis,False,0.0488621151271753,0.111804936068986,0.3562334679186565,Tier_2_Validate,Adipose,proximal,,,,,,,,,,,,,,,,,,,,,,,,,,,,,left_only,True,False,False,False,False,,tissue_specific,,,22.24933871674626
,,Tacr3,,,,,,,,,,,,,,,,,,,,,,,,,,,30008.0,ENSRNOG00000009372,tachykinin receptor 3,Chr2: 223.266535,1.503,25.9,Chr2: 222.989955,0.959,Chr2,223.266535,Chr2,222.989955,223.266535,222.989955,0.2765799999999956,True,cis,False,False,False,cis,False,0.037917737789203,0.1222600151171579,0.3560622135172263,Tier_2_Validate,Liver,proximal,right_only,False,True,False,False,False,,tissue_specific,,,22.242488540689052
1742.0,ENSRNOG00000039396,Btnl3,butyrophilin-like 3,Chr20: 4.489023,0.37,27.3,Chr20: 4.679209,-0.571,Chr20,4.489023,Chr20,4.679209,4.489023,4.679209,0.1901859999999997,True,cis,False,False,False,cis,False,0.0488621151271753,0.111210228962236,0.356025320431294,Tier_2_Validate,Adipose,proximal,,,,,,,,,,,,,,,,,,,,,,,,,,,,,left_only,True,False,False,False,False,,tissue_specific,,,22.241012817251757
27961.0,ENSRNOG00000067387,Sbk1,SH3 domain binding kinase 1,Chr1: 180.807091,6.703,21.1,Chr1: 180.176375,0.709,Chr1,180.807091,Chr1,180.176375,180.807091,180.176375,0.6307160000000067,True,cis,False,False,False,cis,False,0.0073627844712182,0.1522450193279809,0.3558627313297197,Tier_2_Validate,Adipose,proximal,,,,,,,,,,,,,,,,,,,,,,,,,,,,,left_only,True,False,False,False,False,,tissue_specific,,,22.234509253188786
22039.0,ENSRNOG00000039297,Mrpl52,mitochondrial ribosomal protein L52,Chr15: 27.882776,8.884,21.8,Chr15: 27.974218,0.211,Chr15,27.882776,Chr15,27.974218,27.882776,27.974218,0.0914420000000006,True,cis,False,False,False,cis,False,0.0120481927710843,0.0041629497472494,0.3056738998814168,Tier_2_Validate,Adipose,promoter,,,,,,,,,,,,,,,,,,,,,,,,,,,,,left_only,True,False,False,False,False,,tissue_specific,,,22.226955995256674
,,LOC108352322,,,,,,,,,,,,,,,,,,,,,,,,,,,12776.0,ENSRNOG00000039678,ferritin heavy chain-like,Chr11: 41.981718,4.339,23.7,Chr11: 42.534465,1.024,Chr11,41.981718,Chr11,42.534465,41.981718,42.534465,0.5527469999999965,True,cis,False,False,True,cis,False,0.0237789203084832,0.1345427059712774,0.3554125691979162,Tier_2_Validate,Liver,proximal,right_only,False,True,False,False,False,,tissue_specific,,,22.216502767916648
11290.0,UNCHAR_LOC103691157,LOC103691157,uncharacterized LOC103691157,Chr1: 121.055567,2.183,56.6,Chr1: 121.190327,-0.866,Chr1,121.055567,Chr1,121.190327,121.055567,121.190327,0.13476,True,cis,False,True,True,cis,False,0.2449799196787148,0.1989295272078501,0.3553683064102977,Tier_2_Validate,Adipose,proximal,,,,,,,,,,,,,,,,,,,,,,,,,,,,,left_only,True,False,False,False,False,,tissue_specific,,,22.214732256411907
10350.0,ENSRNOG00000064179,LOC102552731,RIKEN cDNA 1700028J19 gene like,Chr1: 94.730837,1.133,24.1,Chr1: 93.830128,0.635,Chr1,94.730837,Chr1,93.830128,94.730837,93.830128,0.900708999999992,True,cis,False,False,True,cis,False,0.0274431057563587,0.1302408563782337,0.3551893867471073,Tier_2_Validate,Adipose,proximal,,,,,,,,,,,,,,,,,,,,,,,,,,,,,left_only,True,False,False,False,False,,tissue_specific,,,22.207575469884294
2446.0,ENSRNOG00000006604_2,Cd7,Thy-1 cell surface antigen,Chr10: 106.306962,4.517,42.2,Chr10: 105.235480,-0.944,Chr10,106.306962,Chr10,105.23548,106.306962,105.23548,1.0714820000000032,True,cis,False,False,False,cis,False,0.1485943775100401,0.2221231043710972,0.4297511186583981,Tier_2_Validate,Adipose,distal_cis,,,,,,,,,,,,,,,,,,,,,,,,,,,,,left_only,True,False,False,False,False,,tissue_specific,,,22.190044746335925
,,Rnf144b,,,,,,,,,,,,,,,,,,,,,,,,,,,27331.0,ENSRNOG00000016123,ring finger protein 144B,Chr17: 17.580686,9.915,30.2,Chr17: 17.400900,-0.792,Chr17,17.580686,Chr17,17.4009,17.580686,17.4009,0.179786,True,cis,False,False,False,cis,False,0.0655526992287917,0.090702947845805,0.3546894764761088,Tier_2_Validate,Liver,proximal,right_only,False,True,False,False,False,,tissue_specific,,,22.187579059044353
1818.0,ENSRNOG00000003259,C1qtnf1,C1q and TNF related 1,Chr10: 103.660318,11.351,34.9,Chr10: 103.365367,0.386,Chr10,103.660318,Chr10,103.365367,103.660318,103.365367,0.2949509999999975,True,cis,False,False,False,cis,False,0.0997322623828647,0.0561998215878679,0.3545762293897564,Tier_2_Validate,Adipose,proximal,,,,,,,,,,,,,,,,,,,,,,,,,,,,,left_only,True,False,False,False,False,,tissue_specific,,,22.183049175590256
1851.0,ENSRNOG00000010963,C3h11orf91,similar to human chromosome 11 open reading frame 91,Chr3: 90.479195,6.954,35.4,Chr3: 90.111206,0.374,Chr3,90.479195,Chr3,90.111206,90.479195,90.111206,0.3679890000000085,True,cis,False,False,False,cis,False,0.1030789825970548,0.0526315789473684,0.3544986965405481,Tier_2_Validate,Adipose,proximal,,,,,,,,,,,,,,,,,,,,,,,,,,,,,left_only,True,False,False,False,False,,tissue_specific,,,22.179947861621926
,,Rbp1,,,,,,,,,,,,,,,,,,,,,,,,,,,26561.0,ENSRNOG00000013794,retinol binding protein 1,Chr8: 99.025217,11.246,34.3,Chr8: 98.607081,0.649,Chr8,99.025217,Chr8,98.607081,99.025217,98.607081,0.418136000000004,True,cis,False,False,False,cis,False,0.0919023136246786,0.0636810279667422,0.3544541695569972,Tier_2_Validate,Liver,proximal,right_only,False,True,False,False,False,,tissue_specific,,,22.178166782279888
21287.0,ENSRNOG00000005059,Med22,mediator complex subunit 22,Chr3: 10.238835,7.48,35.8,Chr3: 9.367438,0.359,Chr3,10.238835,Chr3,9.367438,10.238835,9.367438,0.871397,True,cis,False,False,False,cis,False,0.1057563587684069,0.0481712756467439,0.3538746720453027,Tier_2_Validate,Adipose,proximal,,,,,,,,,,,,,,,,,,,,,,,,,,,,,left_only,True,False,False,False,False,,tissue_specific,,,22.154986881812107
3520.0,ENSRNOG00000005177,Cryzl2,crystallin zeta like 2,Chr13: 69.612604,9.738,20.5,Chr13: 69.694938,0.22,Chr13,69.612604,Chr13,69.694938,69.612604,69.694938,0.0823339999999888,True,cis,False,False,False,cis,False,0.00334672021419,0.0068391317276241,0.303565048179635,Tier_2_Validate,Adipose,promoter,,,,,,,,,,,,,,,,,,,,,,,,,,,,,left_only,True,False,False,False,False,,tissue_specific,,,22.1426019271854
22312.0,ENSRNOG00000042445,Myo15b,myosin XVB,Chr10: 101.088733,3.869,24.8,Chr10: 100.958385,0.603,Chr10,101.088733,Chr10,100.958385,101.088733,100.958385,0.1303479999999979,True,cis,False,False,False,cis,False,0.0321285140562249,0.1207255426702349,0.3534989198542609,Tier_2_Validate,Adipose,proximal,,,,,,,,,,,,,,,,,,,,,,,,,,,,,left_only,True,False,False,False,False,,tissue_specific,,,22.139956794170438
27282.0,ENSRNOG00000025615_2,Rnase1,"ribonuclease, RNase A family, 1-like 1",Chr15: 24.363632,2.319,31.3,Chr15: 28.480643,2.131,Chr15,24.363632,Chr15,28.480643,24.363632,28.480643,4.1170110000000015,False,trans,False,False,False,MEGA_EFFECT,True,0.0756358768406961,0.575081772227178,0.4277511771737559,Tier_3_FlaggedInspect,Adipose,trans,,,,,,,,,,,,,,,,,,,,,,,,,,,,,left_only,True,False,False,False,False,,tissue_specific,,,22.110047086950235
10100.0,UNCHAR_LOC102551569,LOC102551569,uncharacterized LOC102551569,Chr1: 174.135540,1.072,61.8,Chr1: 175.800813,1.441,Chr1,174.13554,Chr1,175.800813,174.13554,175.800813,1.665273000000013,True,cis,False,True,True,cis,False,0.2797858099062918,0.3699078203984537,0.4273927706066609,Tier_2_Validate,Adipose,distal_cis,,,,,,,,,,,,,,,,,,,,,,,,,,,,,left_only,True,False,False,False,False,,tissue_specific,,,22.095710824266437
,,Amdhd1,,,,,,,,,,,,,,,,,,,,,,,,,,,661.0,ENSRNOG00000005266,amidohydrolase domain containing 1,Chr7: 28.059155,9.086,23.9,Chr7: 27.863291,0.967,Chr7,28.059155,Chr7,27.863291,28.059155,27.863291,0.1958640000000002,True,cis,False,False,False,cis,False,0.025064267352185,0.123771730914588,0.3520925993933705,Tier_2_Validate,Liver,proximal,right_only,False,True,False,False,False,,tissue_specific,,,22.08370397573482
17944.0,ENSRNOG00000058615,LOC120100182,U6 spliceosomal RNA,Chr1: 181.153351,0.894,26.5,Chr1: 181.309526,0.549,Chr1,181.153351,Chr1,181.309526,181.153351,181.309526,0.1561750000000188,True,cis,False,False,True,cis,False,0.0435073627844712,0.1046684507879869,0.3518615347503603,Tier_2_Validate,Adipose,proximal,,,,,,,,,,,,,,,,,,,,,,,,,,,,,left_only,True,False,False,False,False,,tissue_specific,,,22.074461390014413
15806.0,UNCHAR_LOC120096968,LOC120096968,uncharacterized LOC120096968,Chr1: 85.121841,6.004,67.0,Chr1: 85.398518,0.598,Chr1,85.121841,Chr1,85.398518,85.121841,85.398518,0.2766769999999923,True,cis,False,True,True,cis,False,0.3145917001338688,0.11923877490336,0.3518406662630301,Tier_2_Validate,Adipose,proximal,,,,,,,,,,,,,,,,,,,,,,,,,,,,,left_only,True,False,False,False,False,,tissue_specific,,,22.073626650521206
25190.0,ENSRNOG00000034228,Pik3c2g,"phosphatidylinositol-4-phosphate 3-kinase, catalytic subunit type 2 gamma",Chr4: 172.483751,4.963,27.9,Chr4: 172.830713,-0.515,Chr4,172.483751,Chr4,172.830713,172.483751,172.830713,0.3469619999999906,True,cis,False,False,False,cis,False,0.0528781793842034,0.0945584299732381,0.3516028132751045,Tier_2_Validate,Adipose,proximal,,,,,,,,,,,,,,,,,,,,,,,,,,,,,left_only,True,False,False,False,False,,tissue_specific,,,22.06411253100418
18235.0,UNCHAR_LOC120100680,LOC120100680,uncharacterized LOC120100680,Chr2: 29.788923,1.992,52.1,Chr2: 30.036105,-0.93,Chr2,29.788923,Chr2,30.036105,29.788923,30.036105,0.2471819999999986,True,cis,False,True,True,cis,False,0.214859437751004,0.2179601546238478,0.3514868573311981,Tier_2_Validate,Adipose,proximal,,,,,,,,,,,,,,,,,,,,,,,,,,,,,left_only,True,False,False,False,False,,tissue_specific,,,22.059474293247924
786.0,ENSRNOG00000046181,Anks4b,ankyrin repeat and sterile alpha motif domain containing 4B,Chr1: 174.534194,2.58,24.4,Chr1: 174.788504,0.592,Chr1,174.534194,Chr1,174.788504,174.534194,174.788504,0.2543099999999754,True,cis,False,False,False,cis,False,0.0294511378848728,0.1174546535831103,0.351417027013794,Tier_2_Validate,Adipose,proximal,,,,,,,,,,,,,,,,,,,,,,,,,,,,,left_only,True,False,False,False,False,,tissue_specific,,,22.056681080551762
31103.0,ENSRNOG00000013748,Trem3,triggering receptor expressed on myeloid cells 3,Chr9: 12.762546,8.199,27.8,Chr9: 12.881304,0.515,Chr9,12.762546,Chr9,12.881304,12.762546,12.881304,0.1187579999999997,True,cis,False,False,False,cis,False,0.0522088353413654,0.0945584299732381,0.3513685428601113,Tier_2_Validate,Adipose,proximal,,,,,,,,,,,,,,,,,,,,,,,,,,,,,left_only,True,False,False,False,False,,tissue_specific,,,22.054741714404454
740.0,ENSRNOG00000014742,Ankrd13b,ankyrin repeat domain 13B,Chr10: 62.338341,6.021,29.6,Chr10: 62.441409,-0.471,Chr10,62.338341,Chr10,62.441409,62.338341,62.441409,0.1030680000000003,True,cis,False,False,False,cis,False,0.0642570281124498,0.0814748736247398,0.3510061656080163,Tier_2_Validate,Adipose,proximal,,,,,,,,,,,,,,,,,,,,,,,,,,,,,left_only,True,False,False,False,False,,tissue_specific,,,22.040246624320652
,,LOC102548951,,,,,,,,,,,,,,,,,,,,,,,,,,,9526.0,UNCHAR_LOC102548951,uncharacterized LOC102548951,Chr18: 53.494663,1.872,55.1,Chr18: 54.066542,1.396,Chr18,53.494663,Chr18,54.066542,53.494663,54.066542,0.5718789999999956,True,cis,False,True,True,cis,False,0.2255784061696658,0.2048374905517762,0.3506455638525046,Tier_2_Validate,Liver,proximal,right_only,False,True,False,False,False,,tissue_specific,,,22.025822554100184
23114.0,ENSRNOG00000048622_2,Nwd1,NACHT and WD repeat domain containing 1,Chr16: 17.242054,6.158,33.8,Chr16: 17.484384,-0.371,Chr16,17.242054,Chr16,17.484384,17.242054,17.484384,0.242329999999999,True,cis,False,False,False,cis,False,0.0923694779116465,0.0517395182872435,0.3504381486696115,Tier_2_Validate,Adipose,proximal,,,,,,,,,,,,,,,,,,,,,,,,,,,,,left_only,True,False,False,False,False,,tissue_specific,,,22.01752594678446
,,Gpat3,,,,,,,,,,,,,,,,,,,,,,,,,,,6248.0,ENSRNOG00000085702_1,glycerol-3-phosphate acyltransferase 3,Chr14: 8.768050,2.8,24.1,Chr14: 8.876768,0.935,Chr14,8.76805,Chr14,8.876768,8.76805,8.876768,0.1087179999999996,True,cis,False,False,False,cis,False,0.0263496143958869,0.1177248677248677,0.3504260687422641,Tier_2_Validate,Liver,proximal,right_only,False,True,False,False,False,,tissue_specific,,,22.017042749690564
70.0,ENSRNOG00000015666,Abcc12,ATP binding cassette subfamily C member 12,Chr19: 20.549297,0.84,26.1,Chr19: 20.064558,-0.544,Chr19,20.549297,Chr19,20.064558,20.549297,20.064558,0.4847389999999976,True,cis,False,False,False,cis,False,0.0408299866131191,0.1031816830211121,0.3504040843719809,Tier_2_Validate,Adipose,proximal,,,,,,,,,,,,,,,,,,,,,,,,,,,,,left_only,True,False,False,False,False,,tissue_specific,,,22.016163374879234
24897.0,ENSRNOG00000011310,Pde10a,phosphodiesterase 10A,Chr1: 52.218085,7.622,33.1,Chr1: 51.796295,-0.386,Chr1,52.218085,Chr1,51.796295,52.218085,51.796295,0.4217900000000014,True,cis,False,False,False,cis,False,0.0876840696117804,0.0561998215878679,0.3503593619198769,Tier_2_Validate,Adipose,proximal,,,,,,,,,,,,,,,,,,,,,,,,,,,,,left_only,True,False,False,False,False,,tissue_specific,,,22.014374476795076
23124.0,ENSRNOG00000027730,Nxpe1,"neurexophilin and PC-esterase domain family, member 1",Chr8: 48.749249,8.17,35.4,Chr8: 48.395402,-0.333,Chr8,48.749249,Chr8,48.395402,48.749249,48.395402,0.3538470000000018,True,cis,False,False,False,cis,False,0.1030789825970548,0.0404400832589949,0.3502316730496174,Tier_2_Validate,Adipose,proximal,,,,,,,,,,,,,,,,,,,,,,,,,,,,,left_only,True,False,False,False,False,,tissue_specific,,,22.009266921984697
,,Pfn3,,,,,,,,,,,,,,,,,,,,,,,,,,,25039.0,ENSRNOG00000082948,profilin 3,Chr17: 9.217594,2.046,24.3,Chr17: 9.399401,-0.922,Chr17,9.217594,Chr17,9.399401,9.217594,9.399401,0.1818069999999991,True,cis,False,False,False,cis,False,0.0276349614395886,0.1152683295540438,0.3500161518477713,Tier_2_Validate,Liver,proximal,right_only,False,True,False,False,False,,tissue_specific,,,22.00064607391085
,,Nhlrc1,,,,,,,,,,,,,,,,,,,,,,,,,,,22700.0,ENSRNOG00000026286,NHL repeat containing E3 ubiquitin protein ligase 1,Chr17: 17.674302,6.723,29.8,Chr17: 17.446549,0.734,Chr17,17.674302,Chr17,17.446549,17.674302,17.446549,0.2277529999999998,True,cis,False,False,False,cis,False,0.0629820051413881,0.0797430083144368,0.3499537547095388,Tier_2_Validate,Liver,proximal,right_only,False,True,False,False,False,,tissue_specific,,,21.99815018838155
15511.0,UNCHAR_LOC120096582,LOC120096582,uncharacterized LOC120096582,Chr14: 17.483031,1.865,52.5,Chr14: 18.063211,-0.906,Chr14,17.483031,Chr14,18.063211,17.483031,18.063211,0.5801799999999986,True,cis,False,True,True,cis,False,0.217536813922356,0.2108236693428486,0.3499261691428216,Tier_2_Validate,Adipose,proximal,,,,,,,,,,,,,,,,,,,,,,,,,,,,,left_only,True,False,False,False,False,,tissue_specific,,,21.997046765712863
,,LOC102555770,,,,,,,,,,,,,,,,,,,,,,,,,,,10959.0,UNCHAR_LOC102555770,uncharacterized LOC102555770,Chr1: 87.811245,5.184,62.9,Chr1: 87.967736,1.119,Chr1,87.811245,Chr1,87.967736,87.811245,87.967736,0.1564910000000026,True,cis,False,True,True,cis,False,0.2757069408740359,0.1524943310657596,0.3498704451789284,Tier_2_Validate,Liver,proximal,right_only,False,True,False,False,False,,tissue_specific,,,21.994817807157137
25205.0,ENSRNOG00000087413,Pilrb1,paired immunoglobin-like type 2 receptor beta 1,Chr12: 18.516160,5.184,23.6,Chr12: 19.031953,-0.595,Chr12,18.51616,Chr12,19.031953,18.51616,19.031953,0.5157930000000022,True,cis,False,False,False,cis,False,0.0240963855421686,0.1183467142432352,0.3498550849248913,Tier_2_Validate,Adipose,proximal,,,,,,,,,,,,,,,,,,,,,,,,,,,,,left_only,True,False,False,False,False,,tissue_specific,,,21.99420339699565
,,Tp53rkb,,,,,,,,,,,,,,,,,,,,,,,,,,,31009.0,ENSRNOG00000007285,tumor protein p53 regulating kinase B,Chr3: 155.529297,4.5,32.3,Chr3: 155.748335,-0.645,Chr3,155.529297,Chr3,155.748335,155.529297,155.748335,0.2190379999999834,True,cis,False,False,False,cis,False,0.0790488431876606,0.0629251700680272,0.3496909046394907,Tier_2_Validate,Liver,proximal,right_only,False,True,False,False,False,,tissue_specific,,,21.98763618557963
,,Wasf3,,,,,,,,,,,,,,,,,,,,,,,,,,,32818.0,ENSRNOG00000048898,WASP family member 3,Chr12: 8.660798,3.035,20.7,Chr12: 8.519571,-1.039,Chr12,8.660798,Chr12,8.519571,8.660798,8.519571,0.1412270000000006,True,cis,False,False,False,cis,False,0.0044987146529562,0.1373771730914587,0.3496565607105453,Tier_2_Validate,Liver,proximal,right_only,False,True,False,False,False,,tissue_specific,,,21.98626242842181
180.0,ENSRNOG00000011478,Ackr4,atypical chemokine receptor 4,Chr8: 104.720913,7.584,29.9,Chr8: 105.007455,0.447,Chr8,104.720913,Chr8,105.007455,104.720913,105.007455,0.2865419999999972,True,cis,False,False,False,cis,False,0.0662650602409638,0.0743383883437407,0.3492112070046466,Tier_2_Validate,Adipose,proximal,,,,,,,,,,,,,,,,,,,,,,,,,,,,,left_only,True,False,False,False,False,,tissue_specific,,,21.968448280185864
,,LOC103690538,,,,,,,,,,,,,,,,,,,,,,,,,,,11212.0,UNCHAR_LOC103690538,uncharacterized LOC103690538,Chr9: 59.901998,4.34,57.3,Chr9: 59.678566,1.299,Chr9,59.901998,Chr9,59.678566,59.901998,59.678566,0.2234320000000025,True,cis,False,True,True,cis,False,0.2397172236503855,0.1865079365079364,0.3491788060554127,Tier_2_Validate,Liver,proximal,right_only,False,True,False,False,False,,tissue_specific,,,21.967152242216507
8700.0,UNCHAR_LOC100909671,LOC100909671,uncharacterized LOC100909671,Chr10: 100.126303,4.984,49.1,Chr10: 99.846935,0.975,Chr10,100.126303,Chr10,99.846935,100.126303,99.846935,0.2793679999999909,True,cis,False,True,True,cis,False,0.1947791164658634,0.2313410645257211,0.3491420633470546,Tier_2_Validate,Adipose,proximal,,,,,,,,,,,,,,,,,,,,,,,,,,,,,left_only,True,False,False,False,False,,tissue_specific,,,21.965682533882184
,,LOC102549163,,,,,,,,,,,,,,,,,,,,,,,,,,,9561.0,UNCHAR_LOC102549163,uncharacterized LOC102549163,Chr13: 101.814039,3.591,60.2,Chr13: 101.487789,-1.197,Chr13,101.814039,Chr13,101.487789,101.814039,101.487789,0.3262499999999875,True,cis,False,True,True,cis,False,0.2583547557840617,0.1672335600907029,0.3489559105561676,Tier_2_Validate,Liver,proximal,right_only,False,True,False,False,False,,tissue_specific,,,21.958236422246703
21793.0,ENSRNOG00000010423,Misp,mitotic spindle positioning,Chr7: 9.886540,5.671,27.2,Chr7: 9.300878,-0.504,Chr7,9.88654,Chr7,9.300878,9.88654,9.300878,0.5856619999999992,True,cis,False,False,False,cis,False,0.0481927710843373,0.0912875408861135,0.3488181091896578,Tier_2_Validate,Adipose,proximal,,,,,,,,,,,,,,,,,,,,,,,,,,,,,left_only,True,False,False,False,False,,tissue_specific,,,21.952724367586313
29674.0,ENSRNOG00000014002,St7l,suppression of tumorigenicity 7-like,Chr2: 192.364755,8.503,37.0,Chr2: 192.504908,-0.283,Chr2,192.364755,Chr2,192.504908,192.364755,192.504908,0.1401529999999979,True,cis,False,False,False,cis,False,0.1137884872824631,0.0255724055902467,0.3487763125054485,Tier_2_Validate,Adipose,proximal,,,,,,,,,,,,,,,,,,,,,,,,,,,,,left_only,True,False,False,False,False,,tissue_specific,,,21.95105250021794
2706.0,ENSRNOG00000001072,Cers4,ceramide synthase 4,Chr12: 2.851783,9.152,35.3,Chr12: 3.215309,0.32,Chr12,2.851783,Chr12,3.215309,2.851783,3.215309,0.3635259999999998,True,cis,False,False,False,cis,False,0.1024096385542168,0.0365744870651204,0.3486444439667681,Tier_2_Validate,Adipose,proximal,,,,,,,,,,,,,,,,,,,,,,,,,,,,,left_only,True,False,False,False,False,,tissue_specific,,,21.945777758670722
6997.0,ENSRNOG00000012549,Hs2st1,heparan sulfate 2-O-sulfotransferase 1,Chr2: 233.641768,10.795,32.4,Chr2: 233.442422,-0.383,Chr2,233.641768,Chr2,233.442422,233.641768,233.442422,0.1993460000000197,True,cis,False,False,False,cis,False,0.0829986613119143,0.055307760927743,0.3484072477838801,Tier_2_Validate,Adipose,proximal,,,,,,,,,,,,,,,,,,,,,,,,,,,,,left_only,True,False,False,False,False,,tissue_specific,,,21.936289911355203
3698.0,ENSRNOG00000022242,Cxcl9,C-X-C motif chemokine ligand 9,Chr14: 15.722867,8.019,31.0,Chr14: 15.587596,-0.412,Chr14,15.722867,Chr14,15.587596,15.722867,15.587596,0.1352710000000012,True,cis,False,False,False,cis,False,0.073627844712182,0.063931013975617,0.3481456005407297,Tier_2_Validate,Adipose,proximal,,,,,,,,,,,,,,,,,,,,,,,,,,,,,left_only,True,False,False,False,False,,tissue_specific,,,21.92582402162919
,,Npnt,,,,,,,,,,,,,,,,,,,,,,,,,,,22899.0,ENSRNOG00000052873,nephronectin,Chr2: 221.459526,7.281,28.7,Chr2: 220.787276,-0.743,Chr2,221.459526,Chr2,220.787276,221.459526,220.787276,0.6722500000000196,True,cis,False,False,False,cis,False,0.0559125964010282,0.0814436885865457,0.3480746997456509,Tier_2_Validate,Liver,proximal,right_only,False,True,False,False,False,,tissue_specific,,,21.922987989826037
28857.0,ENSRNOG00000010938,Slc7a10,solute carrier family 7 member 10,Chr1: 87.829083,9.653,24.7,Chr1: 87.967736,-0.553,Chr1,87.829083,Chr1,87.967736,87.829083,87.967736,0.138653000000005,True,cis,False,False,False,cis,False,0.0314591700133868,0.1058578650014867,0.3480609622552058,Tier_2_Validate,Adipose,proximal,,,,,,,,,,,,,,,,,,,,,,,,,,,,,left_only,True,False,False,False,False,,tissue_specific,,,21.92243849020823
,,RGD1306271,,,,,,,,,,,,,,,,,,,,,,,,,,,26707.0,UNCHAR_RGD1306271,uncharacterized RGD1306271,Chr4: 66.968406,4.682,55.5,Chr4: 67.075063,1.328,Chr4,66.968406,Chr4,67.075063,66.968406,67.075063,0.1066569999999984,True,cis,False,True,False,cis,False,0.2281491002570694,0.1919879062736205,0.3470479522857415,Tier_2_Validate,Liver,proximal,right_only,False,True,False,False,False,,tissue_specific,,,21.88191809142966
6994.0,ENSRNOG00000079458,Hrk,"harakiri, BCL2 interacting protein",Chr12: 38.409651,5.707,22.0,Chr12: 38.293525,-0.603,Chr12,38.409651,Chr12,38.293525,38.409651,38.293525,0.1161259999999941,True,cis,False,False,False,cis,False,0.0133868808567603,0.1207255426702349,0.3469393482344484,Tier_2_Validate,Adipose,proximal,,,,,,,,,,,,,,,,,,,,,,,,,,,,,left_only,True,False,False,False,False,,tissue_specific,,,21.877573929377935
,,Gorab,,,,,,,,,,,,,,,,,,,,,,,,,,,6229.0,ENSRNOG00000003861,"golgin, RAB6-interacting",Chr13: 75.762306,4.941,27.9,Chr13: 76.104189,-0.75,Chr13,75.762306,Chr13,76.104189,75.762306,76.104189,0.3418830000000099,True,cis,False,False,False,cis,False,0.050771208226221,0.082766439909297,0.3467381768474313,Tier_2_Validate,Liver,proximal,right_only,False,True,False,False,False,,tissue_specific,,,21.869527073897252
10276.0,UNCHAR_LOC102552388,LOC102552388,uncharacterized LOC102552388,Chr6: 131.618102,2.909,95.4,Chr3: 18.447382,-1.59,Chr6,131.618102,Chr3,18.447382,131.618102,18.447382,inf,False,trans,False,True,True,MEGA_EFFECT;LOC_UNCHARACTERIZED,True,0.5046854082998662,0.4142134998513232,0.4216146178529163,Tier_3_FlaggedInspect,Adipose,trans,,,,,,,,,,,,,,,,,,,,,,,,,,,,,left_only,True,False,False,False,False,,tissue_specific,,,21.864584714116653
,,RT1-CE10,,,,,,,,,,,,,,,,,,,,,,,,,,,27756.0,UNCHAR_RT1-CE10,"RT1 class I, locus CE11",Chr20: 3.380300,6.508,39.1,Chr20: 0.038589,-1.501,Chr20,3.3803,Chr20,0.038589,3.3803,0.038589,3.341711,True,cis,False,False,False,cis,False,0.1227506426735218,0.224678760393046,0.4216002910732987,Tier_2_Validate,Liver,distal_cis,right_only,False,True,False,False,False,,tissue_specific,,,21.86401164293195
11143.0,UNCHAR_LOC102557304,LOC102557304,uncharacterized LOC102557304,Chr14: 83.406041,4.06,35.9,Chr14: 83.449396,-0.767,Chr14,83.406041,Chr14,83.449396,83.406041,83.449396,0.0433549999999911,True,cis,False,True,True,cis,False,0.1064257028112449,0.1694915254237288,0.2965710298822408,Tier_2_Validate,Adipose,promoter,,,,,,,,,,,,,,,,,,,,,,,,,,,,,left_only,True,False,False,False,False,,tissue_specific,,,21.862841195289633
,,Apof,,,,,,,,,,,,,,,,,,,,,,,,,,,908.0,ENSRNOG00000062320,apolipoprotein F,Chr7: 0.701020,11.386,53.9,Chr7: 1.964338,0.994,Chr7,0.70102,Chr7,1.964338,0.70102,1.964338,1.263318,True,cis,False,False,False,cis,False,0.217866323907455,0.1288737717309145,0.4213590334734294,Tier_2_Validate,Liver,distal_cis,right_only,False,True,False,False,False,,tissue_specific,,,21.854361338937174
33348.0,ENSRNOG00000057542,Zfp488,zinc finger protein 488,Chr16: 9.293680,1.572,20.1,Chr16: 9.517626,0.64,Chr16,9.29368,Chr16,9.517626,9.29368,9.517626,0.2239459999999997,True,cis,False,False,False,cis,False,0.000669344042838,0.1317276241451085,0.3463389388657813,Tier_2_Validate,Adipose,proximal,,,,,,,,,,,,,,,,,,,,,,,,,,,,,left_only,True,False,False,False,False,,tissue_specific,,,21.85355755463125
,,Nck2,,,,,,,,,,,,,,,,,,,,,,,,,,,22480.0,ENSRNOG00000017155,NCK adaptor protein 2,Chr9: 45.713978,5.794,49.1,Chr9: 47.546007,-1.152,Chr9,45.713978,Chr9,47.546007,45.713978,47.546007,1.8320290000000057,True,cis,False,False,False,cis,False,0.1870179948586118,0.1587301587301587,0.4210118537560696,Tier_2_Validate,Liver,distal_cis,right_only,False,True,False,False,False,,tissue_specific,,,21.840474150242784
3484.0,ENSRNOG00000006779,Crot,carnitine O-octanoyltransferase,Chr4: 25.068269,10.239,36.3,Chr4: 25.286406,0.268,Chr4,25.068269,Chr4,25.286406,25.068269,25.286406,0.2181369999999987,True,cis,False,False,False,cis,False,0.109103078982597,0.0211121022896223,0.3455753134452768,Tier_2_Validate,Adipose,proximal,,,,,,,,,,,,,,,,,,,,,,,,,,,,,left_only,True,False,False,False,False,,tissue_specific,,,21.823012537811074
,,Bmp7,,,,,,,,,,,,,,,,,,,,,,,,,,,1612.0,ENSRNOG00000053384,bone morphogenetic protein 7,Chr3: 161.716937,6.549,30.3,Chr3: 162.046341,0.647,Chr3,161.716937,Chr3,162.046341,161.716937,162.046341,0.3294040000000109,True,cis,False,False,False,cis,False,0.0661953727506426,0.0633030990173847,0.3453244651188096,Tier_2_Validate,Liver,proximal,right_only,False,True,False,False,False,,tissue_specific,,,21.812978604752384
,,Ptpru,,,,,,,,,,,,,,,,,,,,,,,,,,,26195.0,ENSRNOG00000013515,"protein tyrosine phosphatase, receptor type, U",Chr5: 144.024790,4.568,28.6,Chr5: 143.919137,0.699,Chr5,144.02479,Chr5,143.919137,144.02479,143.919137,0.1056529999999895,True,cis,False,False,False,cis,False,0.0552699228791773,0.0731292517006802,0.3449397111029502,Tier_2_Validate,Liver,proximal,right_only,False,True,False,False,False,,tissue_specific,,,21.797588444118006
28353.0,ENSRNOG00000069420,Sh2d1b2,SH2 domain containing 1B2,Chr13: 82.437417,5.168,28.4,Chr13: 83.183593,0.438,Chr13,82.437417,Chr13,83.183593,82.437417,83.183593,0.7461760000000055,True,cis,False,False,False,cis,False,0.0562248995983935,0.071662206363366,0.3447604870866159,Tier_2_Validate,Adipose,proximal,,,,,,,,,,,,,,,,,,,,,,,,,,,,,left_only,True,False,False,False,False,,tissue_specific,,,21.790419483464635
17222.0,UNCHAR_LOC120098966,LOC120098966,uncharacterized LOC120098966,Chr20: 2.681715,2.765,36.5,Chr20: 2.611182,0.735,Chr20,2.681715,Chr20,2.611182,2.681715,2.611182,0.0705330000000001,True,cis,False,True,True,cis,False,0.110441767068273,0.15997621171573,0.2946462925744011,Tier_2_Validate,Adipose,promoter,,,,,,,,,,,,,,,,,,,,,,,,,,,,,left_only,True,False,False,False,False,,tissue_specific,,,21.785851702976046
9068.0,UNCHAR_LOC102546950,LOC102546950,uncharacterized LOC102546950,Chr3: 168.132725,3.458,34.7,Chr3: 168.114441,-0.775,Chr3,168.132725,Chr3,168.114441,168.132725,168.114441,0.0182839999999941,True,cis,False,True,True,cis,False,0.0983935742971887,0.1718703538507285,0.294592374851771,Tier_2_Validate,Adipose,promoter,,,,,,,,,,,,,,,,,,,,,,,,,,,,,left_only,True,False,False,False,False,,tissue_specific,,,21.78369499407084
21876.0,ENSRNOG00000057867,Mns1,meiosis-specific nuclear structural 1,Chr8: 73.148876,4.598,26.1,Chr8: 73.350324,0.487,Chr8,73.148876,Chr8,73.350324,73.148876,73.350324,0.2014479999999991,True,cis,False,False,False,cis,False,0.0408299866131191,0.0862325304787392,0.3444718809821504,Tier_2_Validate,Adipose,proximal,,,,,,,,,,,,,,,,,,,,,,,,,,,,,left_only,True,False,False,False,False,,tissue_specific,,,21.778875239286016
22442.0,ENSRNOG00000070875,Nat8f4,N-acetyltransferase 8 (GCN5-related) family member 4,Chr4: 118.332590,5.586,30.3,Chr4: 118.133979,-0.392,Chr4,118.33259,Chr4,118.133979,118.33259,118.133979,0.1986109999999996,True,cis,False,False,False,cis,False,0.0689424364123159,0.0579839429081177,0.3444242327621518,Tier_2_Validate,Adipose,proximal,,,,,,,,,,,,,,,,,,,,,,,,,,,,,left_only,True,False,False,False,False,,tissue_specific,,,21.776969310486074
13227.0,ENSRNOG00000068348,LOC120093298,U6 spliceosomal RNA,Chr6: 54.227084,1.858,22.2,Chr6: 53.879848,0.574,Chr6,54.227084,Chr6,53.879848,54.227084,53.879848,0.3472359999999952,True,cis,False,False,True,cis,False,0.0147255689424364,0.1121022896223609,0.3443897504976791,Tier_2_Validate,Adipose,proximal,,,,,,,,,,,,,,,,,,,,,,,,,,,,,left_only,True,False,False,False,False,,tissue_specific,,,21.775590019907163
,,Pcdha4,,,,,,,,,,,,,,,,,,,,,,,,,,,24798.0,ENSRNOG00000020119,protocadherin alpha 4,Chr18: 28.581039,4.2,23.5,Chr18: 29.534165,-0.864,Chr18,28.581039,Chr18,29.534165,28.581039,29.534165,0.953126000000001,True,cis,False,False,False,cis,False,0.0224935732647814,0.1043083900226757,0.34438068715061,Tier_2_Validate,Liver,proximal,right_only,False,True,False,False,False,,tissue_specific,,,21.7752274860244
31977.0,ENSRNOG00000020443,Tsks,testis-specific serine kinase substrate,Chr1: 95.414311,3.545,25.7,Chr1: 95.648114,0.495,Chr1,95.414311,Chr1,95.648114,95.414311,95.648114,0.2338030000000088,True,cis,False,False,False,cis,False,0.038152610441767,0.0886113589057389,0.3443673892716271,Tier_2_Validate,Adipose,proximal,,,,,,,,,,,,,,,,,,,,,,,,,,,,,left_only,True,False,False,False,False,,tissue_specific,,,21.774695570865084
15774.0,UNCHAR_LOC120096930,LOC120096930,uncharacterized LOC120096930,Chr15: 16.631026,4.649,35.2,Chr15: 16.723033,-0.761,Chr15,16.631026,Chr15,16.723033,16.631026,16.723033,0.0920070000000023,True,cis,False,True,True,cis,False,0.1017402945113788,0.167707404103479,0.2943066945152003,Tier_2_Validate,Adipose,promoter,,,,,,,,,,,,,,,,,,,,,,,,,,,,,left_only,True,False,False,False,False,,tissue_specific,,,21.77226778060801
,,Abo,,,,,,,,,,,,,,,,,,,,,,,,,,,128.0,ENSRNOG00000039906_2,histo-blood group ABO system transferase 3,Chr3: 10.182834,2.651,27.3,Chr3: 9.365033,0.733,Chr3,10.182834,Chr3,9.365033,10.182834,9.365033,0.8178009999999993,True,cis,False,False,False,cis,False,0.0469151670951156,0.0795540438397581,0.3442642238272058,Tier_2_Validate,Liver,proximal,right_only,False,True,False,False,False,,tissue_specific,,,21.77056895308823
4779.0,ENSRNOG00000028176,Elmod2,ELMO domain containing 2,Chr19: 24.786165,8.918,34.2,Chr19: 24.890095,-0.302,Chr19,24.786165,Chr19,24.890095,24.786165,24.890095,0.1039299999999983,True,cis,False,False,False,cis,False,0.0950468540829986,0.031222123104371,0.3441941420155794,Tier_2_Validate,Adipose,proximal,,,,,,,,,,,,,,,,,,,,,,,,,,,,,left_only,True,False,False,False,False,,tissue_specific,,,21.767765680623178
,,Zbtb8b,,,,,,,,,,,,,,,,,,,,,,,,,,,33121.0,ENSRNOG00000026898,zinc finger and BTB domain containing 8b,Chr5: 141.781618,1.554,25.7,Chr5: 142.075158,-0.784,Chr5,141.781618,Chr5,142.075158,141.781618,142.075158,0.2935399999999788,True,cis,False,False,False,cis,False,0.0366323907455012,0.0891912320483749,0.3440382679778567,Tier_2_Validate,Liver,proximal,right_only,False,True,False,False,False,,tissue_specific,,,21.76153071911427
33256.0,ENSRNOG00000070848,Zfp27,zinc finger protein 27,Chr1: 85.130577,6.832,32.3,Chr1: 85.398518,0.342,Chr1,85.130577,Chr1,85.398518,85.130577,85.398518,0.2679409999999933,True,cis,False,False,False,cis,False,0.0823293172690762,0.0431162652393696,0.3439059538779561,Tier_2_Validate,Adipose,proximal,,,,,,,,,,,,,,,,,,,,,,,,,,,,,left_only,True,False,False,False,False,,tissue_specific,,,21.756238155118243
,,Slc8a3,,,,,,,,,,,,,,,,,,,,,,,,,,,28874.0,ENSRNOG00000029871,solute carrier family 8 member A3,Chr6: 101.007988,1.817,23.9,Chr6: 100.831450,0.842,Chr6,101.007988,Chr6,100.83145,101.007988,100.83145,0.1765379999999936,True,cis,False,False,False,cis,False,0.025064267352185,0.100151171579743,0.3438254036261748,Tier_2_Validate,Liver,proximal,right_only,False,True,False,False,False,,tissue_specific,,,21.753016145046992
,,LOC100911879,,,,,,,,,,,,,,,,,,,,,,,,,,,8850.0,UNCHAR_LOC100911879,cytochrome P450 like 1,Chr1: 238.597060,3.899,45.5,Chr1: 237.090968,-1.24,Chr1,238.59706,Chr1,237.090968,238.59706,237.090968,1.506091999999995,True,cis,False,False,True,cis,False,0.1638817480719794,0.1753590325018896,0.4187342732008542,Tier_2_Validate,Liver,distal_cis,right_only,False,True,False,False,False,,tissue_specific,,,21.749370928034168
22405.0,ENSRNOG00000065128,Naip5,"NLR family, apoptosis inhibitory protein 5",Chr2: 31.608721,6.81,25.2,Chr2: 31.925135,-0.5,Chr2,31.608721,Chr2,31.925135,31.608721,31.925135,0.3164140000000017,True,cis,False,False,False,cis,False,0.0348058902275769,0.0900981266726137,0.3437164059150667,Tier_2_Validate,Adipose,proximal,,,,,,,,,,,,,,,,,,,,,,,,,,,,,left_only,True,False,False,False,False,,tissue_specific,,,21.748656236602667
,,Prim1,,,,,,,,,,,,,,,,,,,,,,,,,,,25805.0,ENSRNOG00000031993,DNA primase subunit 1,Chr7: 0.446341,6.981,33.5,Chr7: 0.693685,-0.51,Chr7,0.446341,Chr7,0.693685,0.446341,0.693685,0.247344,True,cis,False,False,False,cis,False,0.0867609254498714,0.0374149659863945,0.3434615620026931,Tier_2_Validate,Liver,proximal,right_only,False,True,False,False,False,,tissue_specific,,,21.738462480107724
,,Ngfr,,,,,,,,,,,,,,,,,,,,,,,,,,,22690.0,ENSRNOG00000005392,nerve growth factor receptor,Chr10: 80.533517,4.964,24.8,Chr10: 80.180154,-0.805,Chr10,80.533517,Chr10,80.180154,80.533517,80.180154,0.3533630000000016,True,cis,False,False,False,cis,False,0.0308483290488431,0.0931594860166288,0.3434027352729152,Tier_2_Validate,Liver,proximal,right_only,False,True,False,False,False,,tissue_specific,,,21.736109410916608
,,Rnf8,,,,,,,,,,,,,,,,,,,,,,,,,,,27388.0,UNCHAR_Rnf8,ring finger protein 8,Chr20: 7.682257,9.012,31.5,Chr20: 7.862433,-0.577,Chr20,7.682257,Chr20,7.862433,7.682257,7.862433,0.1801760000000003,True,cis,False,False,False,cis,False,0.0739074550128534,0.0500755857898715,0.3433940642809537,Tier_2_Validate,Liver,proximal,right_only,False,True,False,False,False,,tissue_specific,,,21.735762571238148
23149.0,UNCHAR_Oas1i,Oas1i,2 ' -5 ' oligoadenylate synthetase 1I,Chr12: 35.624565,5.734,25.2,Chr12: 34.960575,-0.496,Chr12,35.624565,Chr12,34.960575,35.624565,34.960575,0.6639899999999983,True,cis,False,False,False,cis,False,0.0348058902275769,0.0889087124591138,0.3433001109403418,Tier_2_Validate,Adipose,proximal,,,,,,,,,,,,,,,,,,,,,,,,,,,,,left_only,True,False,False,False,False,,tissue_specific,,,21.73200443761367
1839.0,ENSRNOG00000012637,C2cd6,C2 calcium dependent domain containing 6,Chr9: 60.530841,2.069,21.8,Chr9: 60.323170,0.571,Chr9,60.530841,Chr9,60.32317,60.530841,60.32317,0.2076710000000048,True,cis,False,False,False,cis,False,0.0120481927710843,0.111210228962236,0.3431404476066622,Tier_2_Validate,Adipose,proximal,,,,,,,,,,,,,,,,,,,,,,,,,,,,,left_only,True,False,False,False,False,,tissue_specific,,,21.725617904266485
32789.0,ENSRNOG00000011918,Vsx2,visual system homeobox 2,Chr6: 104.214841,2.806,22.1,Chr6: 104.374072,-0.559,Chr6,104.214841,Chr6,104.374072,104.214841,104.374072,0.1592309999999912,True,cis,False,False,False,cis,False,0.0140562248995984,0.1076419863217365,0.3425943739274673,Tier_2_Validate,Adipose,proximal,,,,,,,,,,,,,,,,,,,,,,,,,,,,,left_only,True,False,False,False,False,,tissue_specific,,,21.70377495709869
2525.0,ENSRNOG00000052405,Cdh4,cadherin 4,Chr3: 166.525091,2.973,21.6,Chr3: 166.165284,-0.56,Chr3,166.525091,Chr3,166.165284,166.525091,166.165284,0.3598069999999893,True,cis,False,False,False,cis,False,0.0107095046854083,0.1079393398751115,0.3415270955961819,Tier_2_Validate,Adipose,proximal,,,,,,,,,,,,,,,,,,,,,,,,,,,,,left_only,True,False,False,False,False,,tissue_specific,,,21.661083823847274
1089.0,ENSRNOG00000031849,Armh4,armadillo-like helical domain containing 4,Chr15: 23.076985,4.68,20.2,Chr15: 23.713952,0.589,Chr15,23.076985,Chr15,23.713952,23.076985,23.713952,0.6369669999999985,True,cis,False,False,False,cis,False,0.001338688085676,0.1165625929229854,0.3412654483530315,Tier_2_Validate,Adipose,proximal,,,,,,,,,,,,,,,,,,,,,,,,,,,,,left_only,True,False,False,False,False,,tissue_specific,,,21.65061793412126
,,LOC102555308,,,,,,,,,,,,,,,,,,,,,,,,,,,10864.0,UNCHAR_LOC102555308,uncharacterized LOC102555308,Chr13: 94.160255,3.26,44.5,Chr13: 93.657711,-1.609,Chr13,94.160255,Chr13,93.657711,94.160255,93.657711,0.5025440000000003,True,cis,False,True,True,cis,False,0.1574550128534704,0.2450869236583522,0.3408896777791379,Tier_2_Validate,Liver,proximal,right_only,False,True,False,False,False,,tissue_specific,,,21.635587111165517
830.0,ENSRNOG00000014555,Aox3,aldehyde oxidase 3,Chr9: 59.664783,12.451,25.5,Chr9: 58.826646,0.466,Chr9,59.664783,Chr9,58.826646,59.664783,58.826646,0.8381370000000032,True,cis,False,False,False,cis,False,0.036813922356091,0.079988105857865,0.3408807098748846,Tier_2_Validate,Adipose,proximal,,,,,,,,,,,,,,,,,,,,,,,,,,,,,left_only,True,False,False,False,False,,tissue_specific,,,21.635228394995384
,,Ppif,,,,,,,,,,,,,,,,,,,,,,,,,,,25629.0,ENSRNOG00000010558,peptidylprolyl isomerase F,Chr16: 1.257196,9.418,29.0,Chr16: 1.089073,-0.624,Chr16,1.257196,Chr16,1.089073,1.257196,1.089073,0.168123,True,cis,False,False,False,cis,False,0.0578406169665809,0.0589569160997732,0.340879136573224,Tier_2_Validate,Liver,proximal,right_only,False,True,False,False,False,,tissue_specific,,,21.63516546292896
,,Ctsh,,,,,,,,,,,,,,,,,,,,,,,,,,,3637.0,ENSRNOG00000014064,cathepsin H,Chr8: 90.608940,12.954,33.7,Chr8: 90.485971,-0.462,Chr8,90.60894,Chr8,90.485971,90.60894,90.485971,0.1229689999999976,True,cis,False,False,False,cis,False,0.0880462724935732,0.028344671201814,0.3407368302933856,Tier_2_Validate,Liver,proximal,right_only,False,True,False,False,False,,tissue_specific,,,21.629473211735423
9389.0,UNCHAR_LOC102548352,LOC102548352,uncharacterized LOC102548352,Chr8: 118.817450,4.986,42.8,Chr8: 118.892957,-0.555,Chr8,118.81745,Chr8,118.892957,118.81745,118.892957,0.0755070000000017,True,cis,False,True,True,cis,False,0.1526104417670682,0.1064525721082367,0.2906720548563567,Tier_2_Validate,Adipose,promoter,,,,,,,,,,,,,,,,,,,,,,,,,,,,,left_only,True,False,False,False,False,,tissue_specific,,,21.626882194254268
,,Csmd1,,,,,,,,,,,,,,,,,,,,,,,,,,,3537.0,ENSRNOG00000030719,CUB and Sushi multiple domains 1,Chr16: 72.218188,6.923,39.0,Chr16: 73.831735,-1.414,Chr16,72.218188,Chr16,73.831735,72.218188,73.831735,1.613546999999997,True,cis,False,False,False,cis,False,0.1221079691516709,0.2082388510959939,0.4156213870866827,Tier_2_Validate,Liver,distal_cis,right_only,False,True,False,False,False,,tissue_specific,,,21.624855483467307
19520.0,ENSRNOG00000059486,LOC120102639,small nucleolar RNA SNORA2/SNORA34 family,Chr4: 118.815876,0.727,22.4,Chr4: 119.127967,-0.525,Chr4,118.815876,Chr4,119.127967,118.815876,119.127967,0.3120909999999952,True,cis,False,False,True,cis,False,0.0160642570281124,0.0975319655069878,0.3397586778872851,Tier_2_Validate,Adipose,proximal,,,,,,,,,,,,,,,,,,,,,,,,,,,,,left_only,True,False,False,False,False,,tissue_specific,,,21.590347115491404
11194.0,UNCHAR_LOC103690428,LOC103690428,uncharacterized LOC103690428,Chr7: 90.389901,3.054,46.3,Chr7: 90.263240,-0.947,Chr7,90.389901,Chr7,90.26324,90.389901,90.26324,0.1266609999999985,True,cis,False,True,True,cis,False,0.1760374832663989,0.2230151650312221,0.3396684269041674,Tier_2_Validate,Adipose,proximal,,,,,,,,,,,,,,,,,,,,,,,,,,,,,left_only,True,False,False,False,False,,tissue_specific,,,21.586737076166695
,,Cd72,,,,,,,,,,,,,,,,,,,,,,,,,,,2448.0,ENSRNOG00000017485,Cd72 molecule,Chr5: 57.704979,2.912,24.2,Chr5: 56.984189,-0.767,Chr5,57.704979,Chr5,56.984189,57.704979,56.984189,0.7207900000000009,True,cis,False,False,False,cis,False,0.0269922879177377,0.0859788359788359,0.3395398933638008,Tier_2_Validate,Liver,proximal,right_only,False,True,False,False,False,,tissue_specific,,,21.58159573455203
,,LOC102546541,,,,,,,,,,,,,,,,,,,,,,,,,,,8980.0,UNCHAR_LOC102546541,uncharacterized LOC102546541,Chr1: 155.718309,4.486,74.9,Chr1: 157.103012,1.688,Chr1,155.718309,Chr1,157.103012,155.718309,157.103012,1.3847030000000018,True,cis,False,True,True,cis,False,0.352827763496144,0.2600151171579742,0.4144950082289413,Tier_2_Validate,Liver,distal_cis,right_only,False,True,False,False,False,,tissue_specific,,,21.579800329157653
27167.0,ENSRNOG00000021984,Rgs7,regulator of G-protein signaling 7,Chr13: 87.408833,9.493,28.3,Chr13: 88.330154,-0.386,Chr13,87.408833,Chr13,88.330154,87.408833,88.330154,0.9213209999999918,True,cis,False,False,False,cis,False,0.0555555555555555,0.0561998215878679,0.3391143820001983,Tier_2_Validate,Adipose,proximal,,,,,,,,,,,,,,,,,,,,,,,,,,,,,left_only,True,False,False,False,False,,tissue_specific,,,21.56457528000793
6457.0,ENSRNOG00000010605,Gsc,goosecoid homeobox,Chr6: 123.390110,5.16,21.1,Chr6: 122.567619,0.548,Chr6,123.39011,Chr6,122.567619,123.39011,122.567619,0.8224910000000136,True,cis,False,False,False,cis,False,0.0073627844712182,0.1043710972346119,0.3391068585970406,Tier_2_Validate,Adipose,proximal,,,,,,,,,,,,,,,,,,,,,,,,,,,,,left_only,True,False,False,False,False,,tissue_specific,,,21.564274343881625
,,Sigirr,,,,,,,,,,,,,,,,,,,,,,,,,,,28439.0,ENSRNOG00000015593,single Ig and TIR domain containing,Chr1: 196.208691,9.689,29.7,Chr1: 196.097163,0.569,Chr1,196.208691,Chr1,196.097163,196.208691,196.097163,0.1115279999999927,True,cis,False,False,False,cis,False,0.0623393316195372,0.0485638699924414,0.3388161205641925,Tier_2_Validate,Liver,proximal,right_only,False,True,False,False,False,,tissue_specific,,,21.5526448225677
19638.0,UNCHAR_LOC120102848,LOC120102848,uncharacterized LOC120102848,Chr5: 46.040830,3.48,37.3,Chr5: 46.108175,-0.659,Chr5,46.04083,Chr5,46.108175,46.04083,46.108175,0.0673450000000031,True,cis,False,True,True,cis,False,0.1157965194109772,0.1373773416592328,0.2886108513745735,Tier_2_Validate,Adipose,promoter,,,,,,,,,,,,,,,,,,,,,,,,,,,,,left_only,True,False,False,False,False,,tissue_specific,,,21.54443405498294
5587.0,ENSRNOG00000018076,Fmo5,flavin containing dimethylaniline monoxygenase 5,Chr2: 185.216118,7.092,31.3,Chr2: 185.553302,-0.313,Chr2,185.216118,Chr2,185.553302,185.216118,185.553302,0.3371840000000077,True,cis,False,False,False,cis,False,0.0756358768406961,0.0344930121914956,0.3385451111612672,Tier_2_Validate,Adipose,proximal,,,,,,,,,,,,,,,,,,,,,,,,,,,,,left_only,True,False,False,False,False,,tissue_specific,,,21.541804446450687
88.0,ENSRNOG00000069481_1,Abcg3,"ATP-binding cassette, subfamily G (WHITE), member 3-like 1",Chr14: 4.763551,7.657,30.7,Chr14: 4.330834,0.326,Chr14,4.763551,Chr14,4.330834,4.763551,4.330834,0.4327169999999993,True,cis,False,False,False,cis,False,0.071619812583668,0.0383586083853702,0.3384924473391634,Tier_2_Validate,Adipose,proximal,,,,,,,,,,,,,,,,,,,,,,,,,,,,,left_only,True,False,False,False,False,,tissue_specific,,,21.539697893566537
7172.0,UNCHAR_Ifitm2,Ifitm2,interferon induced transmembrane protein 2,Chr1: 196.052718,11.198,30.0,Chr1: 196.261142,-0.338,Chr1,196.052718,Chr1,196.261142,196.052718,196.261142,0.2084240000000079,True,cis,False,False,False,cis,False,0.0669344042838018,0.0419268510258697,0.3381014393583851,Tier_2_Validate,Adipose,proximal,,,,,,,,,,,,,,,,,,,,,,,,,,,,,left_only,True,False,False,False,False,,tissue_specific,,,21.524057574335405
3789.0,ENSRNOG00000031004,Cyp2j4,"cytochrome P450, family 2, subfamily j, polypeptide 4",Chr5: 111.207489,7.211,30.5,Chr5: 111.023453,0.321,Chr5,111.207489,Chr5,111.023453,111.207489,111.023453,0.1840359999999918,True,cis,False,False,False,cis,False,0.0702811244979919,0.0368718406184953,0.3375035377907706,Tier_2_Validate,Adipose,proximal,,,,,,,,,,,,,,,,,,,,,,,,,,,,,left_only,True,False,False,False,False,,tissue_specific,,,21.500141511630822
7461.0,ENSRNOG00000048553,Iqcc,IQ motif containing C,Chr5: 141.962100,6.484,28.6,Chr5: 142.075158,0.361,Chr5,141.9621,Chr5,142.075158,141.9621,142.075158,0.1130579999999952,True,cis,False,False,False,cis,False,0.0575635876840696,0.0487659827534939,0.3372153496531472,Tier_2_Validate,Adipose,proximal,,,,,,,,,,,,,,,,,,,,,,,,,,,,,left_only,True,False,False,False,False,,tissue_specific,,,21.488613986125888
,,Dnaaf1,,,,,,,,,,,,,,,,,,,,,,,,,,,4254.0,ENSRNOG00000015590,"dynein, axonemal, assembly factor 1",Chr19: 47.624533,0.787,24.0,Chr19: 47.911791,-0.736,Chr19,47.624533,Chr19,47.911791,47.624533,47.911791,0.2872580000000013,True,cis,False,False,False,cis,False,0.0257069408740359,0.0801209372637944,0.3370397573482406,Tier_2_Validate,Liver,proximal,right_only,False,True,False,False,False,,tissue_specific,,,21.481590293929624
1498.0,ENSRNOG00000009308,Bcl2l10,Bcl2-like 10,Chr8: 76.107325,1.902,20.6,Chr8: 76.393685,0.537,Chr8,76.107325,Chr8,76.393685,76.107325,76.393685,0.2863600000000019,True,cis,False,False,False,cis,False,0.0040160642570281,0.1011002081474873,0.3367906953415804,Tier_2_Validate,Adipose,proximal,,,,,,,,,,,,,,,,,,,,,,,,,,,,,left_only,True,False,False,False,False,,tissue_specific,,,21.47162781366322
,,LOC108348215,,,,,,,,,,,,,,,,,,,,,,,,,,,11828.0,ENSRNOG00000058436,zinc finger protein 420-like,Chr1: 61.427012,3.639,37.0,Chr1: 58.660722,-1.423,Chr1,61.427012,Chr1,58.660722,61.427012,58.660722,2.766289999999998,True,cis,False,False,True,cis,False,0.1092544987146529,0.2099395313681028,0.4117179105289645,Tier_2_Validate,Liver,distal_cis,right_only,False,True,False,False,False,,tissue_specific,,,21.46871642115858
33221.0,ENSRNOG00000086846,Zfp136,zinc finger protein 136,Chr18: 0.609471,7.427,29.2,Chr18: 0.731451,0.342,Chr18,0.609471,Chr18,0.731451,0.609471,0.731451,0.1219799999999999,True,cis,False,False,False,cis,False,0.0615796519410977,0.0431162652393696,0.3366435710131635,Tier_2_Validate,Adipose,proximal,,,,,,,,,,,,,,,,,,,,,,,,,,,,,left_only,True,False,False,False,False,,tissue_specific,,,21.465742840526538
,,Akr1d1,,,,,,,,,,,,,,,,,,,,,,,,,,,570.0,ENSRNOG00000013004,"aldo-keto reductase family 1, member D1",Chr4: 66.154245,14.87,28.7,Chr4: 66.043143,0.567,Chr4,66.154245,Chr4,66.043143,66.154245,66.043143,0.1111020000000024,True,cis,False,False,False,cis,False,0.0559125964010282,0.0481859410430838,0.3364344881054393,Tier_2_Validate,Liver,proximal,right_only,False,True,False,False,False,,tissue_specific,,,21.457379524217572
,,Abca8,,,,,,,,,,,,,,,,,,,,,,,,,,,54.0,ENSRNOG00000004040,ATP binding cassette subfamily A member 8,Chr10: 94.991198,8.569,26.8,Chr10: 94.831297,-0.624,Chr10,94.991198,Chr10,94.831297,94.991198,94.831297,0.1599009999999907,True,cis,False,False,False,cis,False,0.0437017994858611,0.0589569160997732,0.335930550454972,Tier_2_Validate,Liver,proximal,right_only,False,True,False,False,False,,tissue_specific,,,21.43722201819888
8331.0,ENSRNOG00000011032,Lhfpl2,LHFPL tetraspan subfamily member 2,Chr2: 25.281770,9.497,26.9,Chr2: 24.478320,0.383,Chr2,25.28177,Chr2,24.47832,25.28177,24.47832,0.8034500000000016,True,cis,False,False,False,cis,False,0.0461847389558232,0.055307760927743,0.3355223749592482,Tier_2_Validate,Adipose,proximal,,,,,,,,,,,,,,,,,,,,,,,,,,,,,left_only,True,False,False,False,False,,tissue_specific,,,21.420894998369928
6308.0,ENSRNOG00000002797,Gpr156,G protein-coupled receptor 156,Chr11: 62.815401,5.157,22.4,Chr11: 62.553386,-0.483,Chr11,62.815401,Chr11,62.553386,62.815401,62.553386,0.2620149999999981,True,cis,False,False,False,cis,False,0.0160642570281124,0.0850431162652393,0.3353875806526731,Tier_2_Validate,Adipose,proximal,,,,,,,,,,,,,,,,,,,,,,,,,,,,,left_only,True,False,False,False,False,,tissue_specific,,,21.415503226106924
3155.0,ENSRNOG00000031773,Cngb1,cyclic nucleotide gated channel subunit beta 1,Chr19: 9.726594,3.285,21.5,Chr19: 9.212323,0.503,Chr19,9.726594,Chr19,9.212323,9.726594,9.212323,0.5142710000000008,True,cis,False,False,False,cis,False,0.0100401606425702,0.0909901873327386,0.3353606217913581,Tier_2_Validate,Adipose,proximal,,,,,,,,,,,,,,,,,,,,,,,,,,,,,left_only,True,False,False,False,False,,tissue_specific,,,21.414424871654326
8955.0,UNCHAR_LOC102546433,LOC102546433,uncharacterized LOC102546433,Chr18: 0.125306,6.176,61.8,Chr18: 0.012173,0.554,Chr18,0.125306,Chr18,0.012173,0.125306,0.012173,0.113133,True,cis,False,True,True,cis,False,0.2797858099062918,0.1061552185548617,0.3350793599614037,Tier_2_Validate,Adipose,proximal,,,,,,,,,,,,,,,,,,,,,,,,,,,,,left_only,True,False,False,False,False,,tissue_specific,,,21.403174398456148
23216.0,ENSRNOG00000019211,Olfml3,olfactomedin-like 3,Chr2: 191.247049,9.65,29.4,Chr2: 192.173900,0.321,Chr2,191.247049,Chr2,192.1739,191.247049,192.1739,0.9268509999999992,True,cis,False,False,False,cis,False,0.0629183400267737,0.0368718406184953,0.3349265632258442,Tier_2_Validate,Adipose,proximal,,,,,,,,,,,,,,,,,,,,,,,,,,,,,left_only,True,False,False,False,False,,tissue_specific,,,21.397062529033768
2412.0,ENSRNOG00000036726,Cd300e,Cd300e molecule,Chr10: 100.309995,5.867,22.4,Chr10: 99.574645,-0.478,Chr10,100.309995,Chr10,99.574645,100.309995,99.574645,0.7353499999999968,True,cis,False,False,False,cis,False,0.0160642570281124,0.0835563484983645,0.3348672119342669,Tier_2_Validate,Adipose,proximal,,,,,,,,,,,,,,,,,,,,,,,,,,,,,left_only,True,False,False,False,False,,tissue_specific,,,21.394688477370675
11848.0,UNCHAR_LOC108348385,LOC108348385,uncharacterized LOC108348385,Chr16: 17.706096,2.188,29.9,Chr16: 17.698296,-0.786,Chr16,17.706096,Chr16,17.698296,17.706096,17.698296,0.0077999999999995,True,cis,False,True,True,cis,False,0.0662650602409638,0.1751412429378531,0.2844922061125859,Tier_2_Validate,Adipose,promoter,,,,,,,,,,,,,,,,,,,,,,,,,,,,,left_only,True,False,False,False,False,,tissue_specific,,,21.379688244503434
19770.0,UNCHAR_LOC120103009,LOC120103009,uncharacterized LOC120103009,Chr5: 148.318267,2.373,35.0,Chr5: 148.359819,0.667,Chr5,148.318267,Chr5,148.359819,148.318267,148.359819,0.0415519999999958,True,cis,False,True,True,cis,False,0.1004016064257028,0.1397561700862325,0.2840552217791774,Tier_2_Validate,Adipose,promoter,,,,,,,,,,,,,,,,,,,,,,,,,,,,,left_only,True,False,False,False,False,,tissue_specific,,,21.3622088711671
,,LOC120093110,,,,,,,,,,,,,,,,,,,,,,,,,,,13097.0,UNCHAR_LOC120093110,sperm motility kinase X-like,Chr17: 85.679171,1.233,22.1,Chr17: 86.425192,-0.753,Chr17,85.679171,Chr17,86.425192,85.679171,86.425192,0.7460209999999989,True,cis,False,False,True,cis,False,0.0134961439588689,0.0833333333333333,0.3338903170522708,Tier_2_Validate,Liver,proximal,right_only,False,True,False,False,False,,tissue_specific,,,21.355612682090833
25399.0,ENSRNOG00000020424,Plpp4,phospholipid phosphatase 4,Chr1: 183.829793,2.244,20.9,Chr1: 184.095736,0.501,Chr1,183.829793,Chr1,184.095736,183.829793,184.095736,0.2659429999999929,True,cis,False,False,False,cis,False,0.0060240963855421,0.0903954802259887,0.3337468518140358,Tier_2_Validate,Adipose,proximal,,,,,,,,,,,,,,,,,,,,,,,,,,,,,left_only,True,False,False,False,False,,tissue_specific,,,21.349874072561434
8355.0,ENSRNOG00000054954,Lilrb2,leukocyte immunoglobulin like receptor B2,Chr1: 65.326831,5.754,26.0,Chr1: 65.713205,-0.386,Chr1,65.326831,Chr1,65.713205,65.326831,65.713205,0.3863740000000035,True,cis,False,False,False,cis,False,0.0401606425702811,0.0561998215878679,0.3337261624553522,Tier_2_Validate,Adipose,proximal,,,,,,,,,,,,,,,,,,,,,,,,,,,,,left_only,True,False,False,False,False,,tissue_specific,,,21.349046498214086
13914.0,ENSRNOG00000056476,LOC120094289,solute carrier family 22 member 13-like,Chr8: 118.954849,4.713,21.9,Chr8: 119.320880,-0.478,Chr8,118.954849,Chr8,119.32088,118.954849,119.32088,0.3660310000000066,True,cis,False,False,True,cis,False,0.0127175368139223,0.0835563484983645,0.3336958598593004,Tier_2_Validate,Adipose,proximal,,,,,,,,,,,,,,,,,,,,,,,,,,,,,left_only,True,False,False,False,False,,tissue_specific,,,21.347834394372015
,,Sema5b,,,,,,,,,,,,,,,,,,,,,,,,,,,28168.0,ENSRNOG00000002238,semaphorin 5B,Chr11: 65.225455,2.095,20.3,Chr11: 64.846426,-0.81,Chr11,65.225455,Chr11,64.846426,65.225455,64.846426,0.3790290000000027,True,cis,False,False,False,cis,False,0.0019280205655527,0.0941043083900226,0.3336113151344514,Tier_2_Validate,Liver,proximal,right_only,False,True,False,False,False,,tissue_specific,,,21.344452605378056
6714.0,ENSRNOG00000043171_2,Hdhd2,haloacid dehalogenase-like hydrolase domain containing 2,Chr18: 70.488354,7.653,28.0,Chr18: 70.843849,0.338,Chr18,70.488354,Chr18,70.843849,70.488354,70.843849,0.3554950000000048,True,cis,False,False,False,cis,False,0.0535475234270415,0.0419268510258697,0.3334160310585189,Tier_2_Validate,Adipose,proximal,,,,,,,,,,,,,,,,,,,,,,,,,,,,,left_only,True,False,False,False,False,,tissue_specific,,,21.336641242340757
31088.0,ENSRNOG00000031290,Trappc3l,trafficking protein particle complex subunit 3L,Chr20: 25.993173,5.824,27.0,Chr20: 25.549211,-0.359,Chr20,25.993173,Chr20,25.549211,25.993173,25.549211,0.4439619999999991,True,cis,False,False,False,cis,False,0.0468540829986613,0.0481712756467439,0.3332588755258918,Tier_2_Validate,Adipose,proximal,,,,,,,,,,,,,,,,,,,,,,,,,,,,,left_only,True,False,False,False,False,,tissue_specific,,,21.330355021035672
33536.0,ENSRNOG00000036980,Zgrf1,"zinc finger, GRF-type containing 1",Chr2: 216.012910,6.366,26.3,Chr2: 216.115297,0.374,Chr2,216.01291,Chr2,216.115297,216.01291,216.115297,0.1023869999999931,True,cis,False,False,False,cis,False,0.0421686746987951,0.0526315789473684,0.3331800887761573,Tier_2_Validate,Adipose,proximal,,,,,,,,,,,,,,,,,,,,,,,,,,,,,left_only,True,False,False,False,False,,tissue_specific,,,21.327203551046292
9634.0,UNCHAR_LOC102549494,LOC102549494,uncharacterized LOC102549494,Chr12: 4.982436,5.745,52.9,Chr12: 4.504911,0.735,Chr12,4.982436,Chr12,4.504911,4.982436,4.504911,0.477525,True,cis,False,True,True,cis,False,0.2202141900937081,0.15997621171573,0.3330666406333034,Tier_2_Validate,Adipose,proximal,,,,,,,,,,,,,,,,,,,,,,,,,,,,,left_only,True,False,False,False,False,,tissue_specific,,,21.322665625332135
27778.0,ENSRNOG00000075316,RT1-M1-4,"RT1 class I, locus M1, gene 4",Chr20: 1.893584,0.349,24.0,Chr20: 2.050222,-0.424,Chr20,1.893584,Chr20,2.050222,1.893584,2.050222,0.1566380000000002,True,cis,False,False,False,cis,False,0.0267737617135207,0.0674992566161165,0.332995556415373,Tier_2_Validate,Adipose,proximal,,,,,,,,,,,,,,,,,,,,,,,,,,,,,left_only,True,False,False,False,False,,tissue_specific,,,21.31982225661492
22098.0,ENSRNOG00000020953,Ms4a7,membrane spanning 4-domains A7,Chr1: 207.984742,5.312,20.5,Chr1: 207.840211,0.502,Chr1,207.984742,Chr1,207.840211,207.984742,207.840211,0.1445310000000006,True,cis,False,False,False,cis,False,0.00334672021419,0.0906928337793636,0.3329138438977438,Tier_2_Validate,Adipose,proximal,,,,,,,,,,,,,,,,,,,,,,,,,,,,,left_only,True,False,False,False,False,,tissue_specific,,,21.31655375590975
33468.0,ENSRNOG00000038004,Zfp804a,zinc finger protein 804A,Chr3: 67.033480,2.208,34.3,Chr3: 65.899735,-0.912,Chr3,67.03348,Chr3,65.899735,67.03348,65.899735,1.1337449999999905,True,cis,False,False,False,cis,False,0.0957161981258366,0.2126077906630984,0.4079133960761273,Tier_2_Validate,Adipose,distal_cis,,,,,,,,,,,,,,,,,,,,,,,,,,,,,left_only,True,False,False,False,False,,tissue_specific,,,21.31653584304509
10841.0,ENSRNOG00000065630,LOC102555217,zinc finger protein 120-like,Chr3: 138.595664,9.091,55.4,Chr3: 140.097827,-0.436,Chr3,138.595664,Chr3,140.097827,138.595664,140.097827,1.502162999999996,True,cis,False,False,True,cis,False,0.2369477911646586,0.0710674992566161,0.4078053516474461,Tier_2_Validate,Adipose,distal_cis,,,,,,,,,,,,,,,,,,,,,,,,,,,,,left_only,True,False,False,False,False,,tissue_specific,,,21.312214065897845
,,Ccdc39,,,,,,,,,,,,,,,,,,,,,,,,,,,2231.0,ENSRNOG00000011440,coiled-coil domain 39 molecular ruler complex subunit,Chr2: 116.703353,4.166,27.6,Chr2: 116.261137,-0.548,Chr2,116.703353,Chr2,116.261137,116.703353,116.261137,0.4422160000000019,True,cis,False,False,False,cis,False,0.0488431876606683,0.0445956160241874,0.3327035812896995,Tier_2_Validate,Liver,proximal,right_only,False,True,False,False,False,,tissue_specific,,,21.30814325158798
,,Kcnn2,,,,,,,,,,,,,,,,,,,,,,,,,,,7765.0,ENSRNOG00000016675,potassium calcium-activated channel subfamily N member 2,Chr18: 37.817965,7.961,40.8,Chr18: 35.289721,1.229,Chr18,37.817965,Chr18,35.289721,37.817965,35.289721,2.528244000000001,True,cis,False,False,False,cis,False,0.1336760925449871,0.1732804232804232,0.4074347805388936,Tier_2_Validate,Liver,distal_cis,right_only,False,True,False,False,False,,tissue_specific,,,21.297391221555742
,,Lrmda,,,,,,,,,,,,,,,,,,,,,,,,,,,20721.0,ENSRNOG00000069198,leucine rich melanocyte differentiation associated,Chr15: 2.284763,6.077,24.0,Chr15: 2.159160,0.664,Chr15,2.284763,Chr15,2.15916,2.284763,2.15916,0.1256029999999999,True,cis,False,False,False,cis,False,0.0257069408740359,0.0665154950869236,0.3322778525863359,Tier_2_Validate,Liver,proximal,right_only,False,True,False,False,False,,tissue_specific,,,21.291114103453438
10591.0,UNCHAR_LOC102553943,LOC102553943,uncharacterized LOC102553943,Chr2: 208.902560,4.814,30.8,Chr2: 208.854647,-0.744,Chr2,208.90256,Chr2,208.854647,208.90256,208.854647,0.0479129999999941,True,cis,False,True,True,cis,False,0.072289156626506,0.1626523936961046,0.2822295426129138,Tier_2_Validate,Adipose,promoter,,,,,,,,,,,,,,,,,,,,,,,,,,,,,left_only,True,False,False,False,False,,tissue_specific,,,21.28918170451655
,,Hsd17b6,,,,,,,,,,,,,,,,,,,,,,,,,,,7022.0,ENSRNOG00000002597,hydroxysteroid (17-beta) dehydrogenase 6,Chr7: 0.442007,12.534,23.8,Chr7: 0.693685,-0.661,Chr7,0.442007,Chr7,0.693685,0.442007,0.693685,0.251678,True,cis,False,False,False,cis,False,0.0244215938303341,0.0659486016628873,0.3316295684226276,Tier_2_Validate,Liver,proximal,right_only,False,True,False,False,False,,tissue_specific,,,21.265182736905103
26887.0,UNCHAR_RGD1561730,RGD1561730,uncharacterized RGD1561730,Chr12: 18.216470,3.857,45.1,Chr12: 19.031953,-0.892,Chr12,18.21647,Chr12,19.031953,18.21647,19.031953,0.8154830000000004,True,cis,False,True,False,cis,False,0.1680053547523427,0.2066607195955991,0.3311331260217797,Tier_2_Validate,Adipose,proximal,,,,,,,,,,,,,,,,,,,,,,,,,,,,,left_only,True,False,False,False,False,,tissue_specific,,,21.245325040871187
25397.0,ENSRNOG00000000177,Plpp2,phospholipid phosphatase 2,Chr7: 10.175917,5.113,21.6,Chr7: 9.302690,-0.459,Chr7,10.175917,Chr7,9.30269,10.175917,9.30269,0.873227,True,cis,False,False,False,cis,False,0.0107095046854083,0.0779066309842402,0.331015647484377,Tier_2_Validate,Adipose,proximal,,,,,,,,,,,,,,,,,,,,,,,,,,,,,left_only,True,False,False,False,False,,tissue_specific,,,21.240625899375082
,,LOC102547102,,,,,,,,,,,,,,,,,,,,,,,,,,,9094.0,UNCHAR_LOC102547102,uncharacterized LOC102547102,Chr7: 110.021714,8.279,46.5,Chr7: 110.115189,0.633,Chr7,110.021714,Chr7,110.115189,110.021714,110.115189,0.0934749999999979,True,cis,False,True,True,cis,False,0.1703084832904884,0.060657596371882,0.2808381278818297,Tier_2_Validate,Liver,promoter,right_only,False,True,False,False,False,,tissue_specific,,,21.23352511527319
,,Abcd2,,,,,,,,,,,,,,,,,,,,,,,,,,,79.0,ENSRNOG00000015538,ATP binding cassette subfamily D member 2,Chr7: 122.311641,3.251,20.4,Chr7: 122.125261,0.764,Chr7,122.311641,Chr7,122.125261,122.311641,122.125261,0.1863799999999997,True,cis,False,False,False,cis,False,0.0025706940874035,0.0854119425547997,0.3307939228247711,Tier_2_Validate,Liver,proximal,right_only,False,True,False,False,False,,tissue_specific,,,21.231756912990846
1608.0,ENSRNOG00000002381,Bmp3,bone morphogenetic protein 3,Chr14: 10.737152,8.173,21.1,Chr14: 11.623760,0.468,Chr14,10.737152,Chr14,11.62376,10.737152,11.62376,0.8866080000000007,True,cis,False,False,False,cis,False,0.0073627844712182,0.0805828129646149,0.3307809591025416,Tier_2_Validate,Adipose,proximal,,,,,,,,,,,,,,,,,,,,,,,,,,,,,left_only,True,False,False,False,False,,tissue_specific,,,21.231238364101664
,,Hbb-bs,,,,,,,,,,,,,,,,,,,,,,,,,,,6670.0,UNCHAR_Hbb-bs,"hemoglobin, beta adult s chain",Chr1: 158.219740,7.225,22.9,Chr1: 158.468568,-0.675,Chr1,158.21974,Chr1,158.468568,158.21974,158.468568,0.2488280000000031,True,cis,False,False,False,cis,False,0.018637532133676,0.06859410430839,0.3305310727547231,Tier_2_Validate,Liver,proximal,right_only,False,True,False,False,False,,tissue_specific,,,21.221242910188924
7782.0,ENSRNOG00000021855,Kcp,kielin cysteine rich BMP regulator,Chr4: 58.118169,4.912,21.9,Chr4: 58.304409,0.447,Chr4,58.118169,Chr4,58.304409,58.118169,58.304409,0.1862399999999979,True,cis,False,False,False,cis,False,0.0127175368139223,0.0743383883437407,0.330469573805182,Tier_2_Validate,Adipose,proximal,,,,,,,,,,,,,,,,,,,,,,,,,,,,,left_only,True,False,False,False,False,,tissue_specific,,,21.218782952207278
11306.0,UNCHAR_LOC103691243,LOC103691243,uncharacterized LOC103691243,Chr1: 184.090816,1.354,33.0,Chr1: 184.095736,0.676,Chr1,184.090816,Chr1,184.095736,184.090816,184.095736,0.0049199999999984,True,cis,False,True,True,cis,False,0.0870147255689424,0.1424323520666072,0.2803064771724424,Tier_2_Validate,Adipose,promoter,,,,,,,,,,,,,,,,,,,,,,,,,,,,,left_only,True,False,False,False,False,,tissue_specific,,,21.212259086897696
20700.0,ENSRNOG00000004744,Lratd2,LRAT domain containing 2,Chr7: 92.387044,8.379,28.7,Chr7: 92.498331,-0.292,Chr7,92.387044,Chr7,92.498331,92.387044,92.498331,0.1112869999999901,True,cis,False,False,False,cis,False,0.0582329317269076,0.0282485875706214,0.3302685317541352,Tier_2_Validate,Adipose,proximal,,,,,,,,,,,,,,,,,,,,,,,,,,,,,left_only,True,False,False,False,False,,tissue_specific,,,21.210741270165407
4858.0,ENSRNOG00000013994,Enpp1,ectonucleotide pyrophosphatase/phosphodiesterase 1,Chr1: 20.698745,10.422,28.2,Chr1: 20.006034,-0.301,Chr1,20.698745,Chr1,20.006034,20.698745,20.006034,0.6927109999999992,True,cis,False,False,False,cis,False,0.0548862115127175,0.0309247695509961,0.3300338433722998,Tier_2_Validate,Adipose,proximal,,,,,,,,,,,,,,,,,,,,,,,,,,,,,left_only,True,False,False,False,False,,tissue_specific,,,21.201353734891992
23336.0,ENSRNOG00000086550,Or10aa1,olfactory receptor family 10 subfamily AA member 1,Chr13: 86.046157,6.65,23.8,Chr13: 86.622151,-0.398,Chr13,86.046157,Chr13,86.622151,86.046157,86.622151,0.5759940000000086,True,cis,False,False,False,cis,False,0.0254350736278447,0.0597680642283675,0.3298210982496743,Tier_2_Validate,Adipose,proximal,,,,,,,,,,,,,,,,,,,,,,,,,,,,,left_only,True,False,False,False,False,,tissue_specific,,,21.19284392998697
5188.0,ENSRNOG00000016534,Fam171a1,"family with sequence similarity 171, member A1",Chr17: 75.148347,9.038,26.0,Chr17: 75.363280,-0.344,Chr17,75.148347,Chr17,75.36328,75.148347,75.36328,0.214933000000002,True,cis,False,False,False,cis,False,0.0401606425702811,0.0437109723461195,0.3293550652207402,Tier_2_Validate,Adipose,proximal,,,,,,,,,,,,,,,,,,,,,,,,,,,,,left_only,True,False,False,False,False,,tissue_specific,,,21.17420260882961
,,LOC102550051,,,,,,,,,,,,,,,,,,,,,,,,,,,9750.0,UNCHAR_LOC102550051,uncharacterized LOC102550051,Chr10: 64.738278,5.611,37.5,Chr10: 64.736786,-0.915,Chr10,64.738278,Chr10,64.736786,64.738278,64.736786,0.0014919999999989,True,cis,False,True,True,cis,False,0.1124678663239074,0.1139455782312925,0.27924470559432,Tier_2_Validate,Liver,promoter,right_only,False,True,False,False,False,,tissue_specific,,,21.1697882237728
28908.0,UNCHAR_Slfn13,Slfn13,uncharacterized Slfn13,Chr10: 67.955911,9.726,61.4,Chr10: 68.317118,-0.504,Chr10,67.955911,Chr10,68.317118,67.955911,68.317118,0.3612069999999932,True,cis,False,True,False,cis,False,0.2771084337349397,0.0912875408861135,0.3289385911173687,Tier_2_Validate,Adipose,proximal,,,,,,,,,,,,,,,,,,,,,,,,,,,,,left_only,True,False,False,False,False,,tissue_specific,,,21.157543644694748
28429.0,ENSRNOG00000002208,Shroom3,shroom family member 3,Chr14: 15.396831,5.382,22.5,Chr14: 15.167557,-0.417,Chr14,15.396831,Chr14,15.167557,15.396831,15.167557,0.2292740000000002,True,cis,False,False,False,cis,False,0.0167336010709504,0.0654177817424918,0.3287529839847048,Tier_2_Validate,Adipose,proximal,,,,,,,,,,,,,,,,,,,,,,,,,,,,,left_only,True,False,False,False,False,,tissue_specific,,,21.150119359388192
9487.0,UNCHAR_LOC102548773,LOC102548773,uncharacterized LOC102548773,Chr6: 36.391240,2.715,34.1,Chr6: 36.489634,0.63,Chr6,36.39124,Chr6,36.489634,36.39124,36.489634,0.0983939999999989,True,cis,False,True,True,cis,False,0.0943775100401606,0.1287540886113589,0.2780960595280318,Tier_2_Validate,Adipose,promoter,,,,,,,,,,,,,,,,,,,,,,,,,,,,,left_only,True,False,False,False,False,,tissue_specific,,,21.12384238112127
,,Hrg,,,,,,,,,,,,,,,,,,,,,,,,,,,6989.0,ENSRNOG00000001809,histidine-rich glycoprotein,Chr11: 78.069401,15.17,26.4,Chr11: 78.236644,0.519,Chr11,78.069401,Chr11,78.236644,78.069401,78.236644,0.1672429999999991,True,cis,False,False,False,cis,False,0.0411311053984575,0.0391156462585034,0.3280863630799363,Tier_2_Validate,Liver,proximal,right_only,False,True,False,False,False,,tissue_specific,,,21.123454523197452
,,Sarm1,,,,,,,,,,,,,,,,,,,,,,,,,,,27937.0,ENSRNOG00000010244,sterile alpha and TIR motif containing 1,Chr10: 63.393015,4.082,20.9,Chr10: 63.165362,-0.702,Chr10,63.393015,Chr10,63.165362,63.393015,63.165362,0.2276529999999965,True,cis,False,False,False,cis,False,0.005784061696658,0.0736961451247165,0.3278180723874812,Tier_2_Validate,Liver,proximal,right_only,False,True,False,False,False,,tissue_specific,,,21.112722895499246
9231.0,UNCHAR_LOC102547670,LOC102547670,uncharacterized LOC102547670,Chr19: 44.849825,4.104,31.1,Chr19: 44.839530,-0.694,Chr19,44.849825,Chr19,44.83953,44.849825,44.83953,0.0102949999999992,True,cis,False,True,True,cis,False,0.07429718875502,0.1477847160273565,0.2777286666738318,Tier_2_Validate,Adipose,promoter,,,,,,,,,,,,,,,,,,,,,,,,,,,,,left_only,True,False,False,False,False,,tissue_specific,,,21.109146666953272
20809.0,ENSRNOG00000009555,Lrriq3,leucine-rich repeats and IQ motif containing 3,Chr2: 244.119974,4.569,24.9,Chr2: 244.489509,0.353,Chr2,244.119974,Chr2,244.489509,244.119974,244.489509,0.3695349999999848,True,cis,False,False,False,cis,False,0.0327978580990629,0.0463871543264941,0.327714754348945,Tier_2_Validate,Adipose,proximal,,,,,,,,,,,,,,,,,,,,,,,,,,,,,left_only,True,False,False,False,False,,tissue_specific,,,21.1085901739578
,,Coro2a,,,,,,,,,,,,,,,,,,,,,,,,,,,3327.0,ENSRNOG00000008901,coronin 2A,Chr5: 60.881916,5.318,23.1,Chr5: 61.803475,0.624,Chr5,60.881916,Chr5,61.803475,60.881916,61.803475,0.921559000000002,True,cis,False,False,False,cis,False,0.0199228791773779,0.0589569160997732,0.3276079283470029,Tier_2_Validate,Liver,proximal,right_only,False,True,False,False,False,,tissue_specific,,,21.104317133880116
28158.0,ENSRNOG00000006631,Sema3e,semaphorin 3E,Chr4: 20.555286,8.317,30.6,Chr4: 17.550656,-0.944,Chr4,20.555286,Chr4,17.550656,20.555286,17.550656,3.004629999999999,True,cis,False,False,False,cis,False,0.07095046854083,0.2221231043710972,0.4025757505191745,Tier_2_Validate,Adipose,distal_cis,,,,,,,,,,,,,,,,,,,,,,,,,,,,,left_only,True,False,False,False,False,,tissue_specific,,,21.10303002076698
,,Cyp2c6v1,,,,,,,,,,,,,,,,,,,,,,,,,,,3775.0,ENSRNOG00000054181,"cytochrome P450, family 2, subfamily C, polypeptide 6",Chr1: 237.938520,13.738,31.9,Chr1: 239.015809,1.458,Chr1,237.93852,Chr1,239.015809,237.93852,239.015809,1.077288999999979,True,cis,False,False,False,cis,False,0.076478149100257,0.2165532879818594,0.4025610029787407,Tier_2_Validate,Liver,distal_cis,right_only,False,True,False,False,False,,tissue_specific,,,21.102440119149627
1586.0,ENSRNOG00000012684,Bloc1s2,"biogenesis of lysosomal organelles complex-1, subunit 2",Chr1: 243.031748,7.056,28.0,Chr1: 243.338842,-0.281,Chr1,243.031748,Chr1,243.338842,243.031748,243.338842,0.3070940000000064,True,cis,False,False,False,cis,False,0.0535475234270415,0.0249776984834968,0.3274838276686884,Tier_2_Validate,Adipose,proximal,,,,,,,,,,,,,,,,,,,,,,,,,,,,,left_only,True,False,False,False,False,,tissue_specific,,,21.099353106747536
32541.0,ENSRNOG00000011446,Vill,villin-like,Chr8: 118.776717,7.417,25.5,Chr8: 118.892957,0.337,Chr8,118.776717,Chr8,118.892957,118.776717,118.892957,0.1162399999999905,True,cis,False,False,False,cis,False,0.036813922356091,0.0416294974724948,0.327455196940005,Tier_2_Validate,Adipose,proximal,,,,,,,,,,,,,,,,,,,,,,,,,,,,,left_only,True,False,False,False,False,,tissue_specific,,,21.098207877600203
11531.0,UNCHAR_LOC103692665,LOC103692665,uncharacterized LOC103692665,Chr6: 96.385027,6.067,39.0,Chr6: 96.215505,0.993,Chr6,96.385027,Chr6,96.215505,96.385027,96.215505,0.1695220000000006,True,cis,False,True,True,cis,False,0.1271753681392235,0.2366934284864704,0.3273540788189929,Tier_2_Validate,Adipose,proximal,,,,,,,,,,,,,,,,,,,,,,,,,,,,,left_only,True,False,False,False,False,,tissue_specific,,,21.094163152759716
3586.0,ENSRNOG00000014798,Cstpp1,centriolar satellite-associated tubulin polyglutamylase complex regulator 1,Chr3: 77.416306,7.959,27.3,Chr3: 77.631969,-0.295,Chr3,77.416306,Chr3,77.631969,77.416306,77.631969,0.2156629999999921,True,cis,False,False,False,cis,False,0.0488621151271753,0.0291406482307463,0.3273009671752726,Tier_2_Validate,Adipose,proximal,,,,,,,,,,,,,,,,,,,,,,,,,,,,,left_only,True,False,False,False,False,,tissue_specific,,,21.092038687010902
7305.0,ENSRNOG00000014378,Il1r2,interleukin 1 receptor type 2,Chr9: 42.384279,4.425,21.7,Chr9: 42.235982,0.418,Chr9,42.384279,Chr9,42.235982,42.384279,42.235982,0.1482969999999994,True,cis,False,False,False,cis,False,0.0113788487282463,0.0657151352958667,0.3269828944084396,Tier_2_Validate,Adipose,proximal,,,,,,,,,,,,,,,,,,,,,,,,,,,,,left_only,True,False,False,False,False,,tissue_specific,,,21.079315776337584
,,Slc26a8,,,,,,,,,,,,,,,,,,,,,,,,,,,28672.0,ENSRNOG00000000512,solute carrier family 26 member 8,Chr20: 6.749477,9.342,26.7,Chr20: 7.361183,0.491,Chr20,6.749477,Chr20,7.361183,6.749477,7.361183,0.6117059999999999,True,cis,False,False,False,cis,False,0.0430591259640102,0.0338246409674981,0.3269093184260279,Tier_2_Validate,Liver,proximal,right_only,False,True,False,False,False,,tissue_specific,,,21.076372737041115
30073.0,ENSRNOG00000009708,Tas1r1,taste 1 receptor member 1,Chr5: 162.546407,3.663,20.2,Chr5: 162.441438,0.45,Chr5,162.546407,Chr5,162.441438,162.546407,162.441438,0.1049689999999827,True,cis,False,False,False,cis,False,0.001338688085676,0.0752304490038656,0.3267991979813396,Tier_2_Validate,Adipose,proximal,,,,,,,,,,,,,,,,,,,,,,,,,,,,,left_only,True,False,False,False,False,,tissue_specific,,,21.071967919253584
,,LOC102548389,,,,,,,,,,,,,,,,,,,,,,,,,,,9401.0,UNCHAR_LOC102548389,uncharacterized LOC102548389,Chr12: 4.438667,7.142,39.4,Chr12: 4.504808,0.809,Chr12,4.438667,Chr12,4.504808,4.438667,4.504808,0.066141,True,cis,False,True,True,cis,False,0.1246786632390745,0.0939153439153439,0.2765079025040464,Tier_2_Validate,Liver,promoter,right_only,False,True,False,False,False,,tissue_specific,,,21.060316100161856
25232.0,ENSRNOG00000058422,Pirb,paired Ig-like receptor B,Chr1: 65.499194,9.152,24.7,Chr1: 65.713205,-0.344,Chr1,65.499194,Chr1,65.713205,65.499194,65.713205,0.2140109999999992,True,cis,False,False,False,cis,False,0.0314591700133868,0.0437109723461195,0.3263095498258272,Tier_2_Validate,Adipose,proximal,,,,,,,,,,,,,,,,,,,,,,,,,,,,,left_only,True,False,False,False,False,,tissue_specific,,,21.052381993033087
,,Gsta2,,,,,,,,,,,,,,,,,,,,,,,,,,,6476.0,ENSRNOG00000029861,glutathione S-transferase alpha 2,Chr8: 79.196826,14.513,24.5,Chr8: 79.364511,-0.554,Chr8,79.196826,Chr8,79.364511,79.196826,79.364511,0.1676849999999916,True,cis,False,False,False,cis,False,0.0289203084832904,0.04572940287226,0.3261273989744427,Tier_2_Validate,Liver,proximal,right_only,False,True,False,False,False,,tissue_specific,,,21.045095958977708
,,Tnfrsf9,,,,,,,,,,,,,,,,,,,,,,,,,,,30911.0,ENSRNOG00000036942,TNF receptor superfamily member 9,Chr5: 161.381661,2.626,20.2,Chr5: 161.224488,-0.697,Chr5,161.381661,Chr5,161.224488,161.381661,161.224488,0.1571730000000002,True,cis,False,False,False,cis,False,0.0012853470437017,0.0727513227513227,0.3259128344282586,Tier_2_Validate,Liver,proximal,right_only,False,True,False,False,False,,tissue_specific,,,21.036513377130344
4822.0,ENSRNOG00000019873_2,Eml3,EMAP like 3,Chr1: 205.826353,9.086,26.6,Chr1: 205.523234,-0.297,Chr1,205.826353,Chr1,205.523234,205.826353,205.523234,0.3031190000000094,True,cis,False,False,False,cis,False,0.0441767068273092,0.0297353553374962,0.3258692217576819,Tier_2_Validate,Adipose,proximal,,,,,,,,,,,,,,,,,,,,,,,,,,,,,left_only,True,False,False,False,False,,tissue_specific,,,21.034768870307275
32814.0,ENSRNOG00000019508,Wars2,tryptophanyl tRNA synthetase 2 (mitochondrial),Chr2: 186.459743,7.337,27.2,Chr2: 185.553302,0.279,Chr2,186.459743,Chr2,185.553302,186.459743,185.553302,0.9064410000000008,True,cis,False,False,False,cis,False,0.0481927710843373,0.0243829913767469,0.3254015168613795,Tier_2_Validate,Adipose,proximal,,,,,,,,,,,,,,,,,,,,,,,,,,,,,left_only,True,False,False,False,False,,tissue_specific,,,21.016060674455183
32963.0,ENSRNOG00000007869,Wscd1,WSC domain containing 1,Chr10: 56.385857,6.238,22.8,Chr10: 56.951051,-0.377,Chr10,56.385857,Chr10,56.951051,56.385857,56.951051,0.5651939999999982,True,cis,False,False,False,cis,False,0.0187416331994645,0.0535236396074933,0.3252928454824352,Tier_2_Validate,Adipose,proximal,,,,,,,,,,,,,,,,,,,,,,,,,,,,,left_only,True,False,False,False,False,,tissue_specific,,,21.01171381929741
7589.0,ENSRNOG00000012151,Itpripl1,ITPRIP like 1,Chr3: 114.407916,7.756,27.4,Chr3: 113.885548,-0.269,Chr3,114.407916,Chr3,113.885548,114.407916,113.885548,0.5223680000000002,True,cis,False,False,False,cis,False,0.0495314591700133,0.0214094558429973,0.3248293202545538,Tier_2_Validate,Adipose,proximal,,,,,,,,,,,,,,,,,,,,,,,,,,,,,left_only,True,False,False,False,False,,tissue_specific,,,20.993172810182152
32850.0,ENSRNOG00000015609,Wdr27,WD repeat domain 27,Chr1: 55.950447,5.771,26.3,Chr1: 56.213651,-0.293,Chr1,55.950447,Chr1,56.213651,55.950447,56.213651,0.2632040000000017,True,cis,False,False,False,cis,False,0.0421686746987951,0.0285459411239964,0.324750115537977,Tier_2_Validate,Adipose,proximal,,,,,,,,,,,,,,,,,,,,,,,,,,,,,left_only,True,False,False,False,False,,tissue_specific,,,20.99000462151908
32958.0,ENSRNOG00000015440,Wrn,WRN RecQ like helicase,Chr16: 58.763516,9.91,27.4,Chr16: 58.924474,-0.268,Chr16,58.763516,Chr16,58.924474,58.763516,58.924474,0.1609579999999937,True,cis,False,False,False,cis,False,0.0495314591700133,0.0211121022896223,0.3247252465108725,Tier_2_Validate,Adipose,proximal,,,,,,,,,,,,,,,,,,,,,,,,,,,,,left_only,True,False,False,False,False,,tissue_specific,,,20.989009860434898
,,Gabpb1l,,,,,,,,,,,,,,,,,,,,,,,,,,,5801.0,UNCHAR_Gabpb1l,"GA binding protein transcription factor, beta subunit 1-like",Chr17: 50.356829,3.47,70.6,Chr3: 113.885548,1.602,Chr17,50.356829,Chr3,113.885548,50.356829,113.885548,inf,False,trans,False,False,False,trans_moderate,True,0.3251928020565552,0.2437641723356009,0.3991349410372546,Tier_3_FlaggedInspect,Liver,trans,right_only,False,True,False,False,False,,tissue_specific,,,20.965397641490185
,,Or9s13,,,,,,,,,,,,,,,,,,,,,,,,,,,24503.0,ENSRNOG00000086094,olfactory receptor family 9 subfamily S member 13,Chr9: 93.184593,6.396,21.3,Chr9: 93.445957,0.628,Chr9,93.184593,Chr9,93.445957,93.184593,93.445957,0.2613640000000004,True,cis,False,False,False,cis,False,0.0083547557840617,0.0597127739984882,0.3238236354238925,Tier_2_Validate,Liver,proximal,right_only,False,True,False,False,False,,tissue_specific,,,20.9529454169557
7122.0,ENSRNOG00000008628,Ica1,islet cell autoantigen 1,Chr4: 36.804704,7.786,24.2,Chr4: 37.169841,0.331,Chr4,36.804704,Chr4,37.169841,36.804704,37.169841,0.3651369999999971,True,cis,False,False,False,cis,False,0.0281124497991967,0.039845376152245,0.3237852390830046,Tier_2_Validate,Adipose,proximal,,,,,,,,,,,,,,,,,,,,,,,,,,,,,left_only,True,False,False,False,False,,tissue_specific,,,20.951409563320183
145.0,ENSRNOG00000037815,Acad10,"acyl-CoA dehydrogenase family, member 10",Chr12: 34.901210,11.065,23.4,Chr12: 35.460574,0.344,Chr12,34.90121,Chr12,35.460574,34.90121,35.460574,0.5593640000000022,True,cis,False,False,False,cis,False,0.0227576974564926,0.0437109723461195,0.3232640344309142,Tier_2_Validate,Adipose,proximal,,,,,,,,,,,,,,,,,,,,,,,,,,,,,left_only,True,False,False,False,False,,tissue_specific,,,20.930561377236568
8892.0,ENSRNOG00000079804,LOC100912314,interferon alpha-1-like,Chr5: 103.288639,0.191,22.8,Chr5: 103.033474,0.352,Chr5,103.288639,Chr5,103.033474,103.288639,103.033474,0.2551650000000052,True,cis,False,False,True,cis,False,0.0187416331994645,0.0460898007731192,0.3226910018904043,Tier_2_Validate,Adipose,proximal,,,,,,,,,,,,,,,,,,,,,,,,,,,,,left_only,True,False,False,False,False,,tissue_specific,,,20.90764007561617
30958.0,ENSRNOG00000002828,Tob1,transducer of ErbB-2.1,Chr10: 79.163092,8.498,24.2,Chr10: 79.677697,-0.32,Chr10,79.163092,Chr10,79.677697,79.163092,79.677697,0.5146049999999889,True,cis,False,False,False,cis,False,0.0281124497991967,0.0365744870651204,0.322640427902511,Tier_2_Validate,Adipose,proximal,,,,,,,,,,,,,,,,,,,,,,,,,,,,,left_only,True,False,False,False,False,,tissue_specific,,,20.90561711610044
,,Cyp3a2,,,,,,,,,,,,,,,,,,,,,,,,,,,3797.0,ENSRNOG00000032560,"cytochrome P450, family 3, subfamily a, polypeptide 2",Chr12: 9.230063,16.386,23.1,Chr12: 8.920635,0.546,Chr12,9.230063,Chr12,8.920635,9.230063,8.920635,0.3094279999999987,True,cis,False,False,False,cis,False,0.0199228791773779,0.0442176870748299,0.3224491981882728,Tier_2_Validate,Liver,proximal,right_only,False,True,False,False,False,,tissue_specific,,,20.89796792753091
20729.0,ENSRNOG00000011451,Lrp3,LDL receptor related protein 3,Chr1: 87.859146,8.862,22.6,Chr1: 87.967736,-0.353,Chr1,87.859146,Chr1,87.967736,87.859146,87.967736,0.1085900000000066,True,cis,False,False,False,cis,False,0.0174029451137884,0.0463871543264941,0.3223265348040989,Tier_2_Validate,Adipose,proximal,,,,,,,,,,,,,,,,,,,,,,,,,,,,,left_only,True,False,False,False,False,,tissue_specific,,,20.893061392163958
,,Fgf1,,,,,,,,,,,,,,,,,,,,,,,,,,,5468.0,ENSRNOG00000087149,fibroblast growth factor 1,Chr18: 30.772666,6.944,20.9,Chr18: 30.640205,0.608,Chr18,30.772666,Chr18,30.640205,30.772666,30.640205,0.1324609999999992,True,cis,False,False,False,cis,False,0.005784061696658,0.055933484504913,0.3216011411705499,Tier_2_Validate,Liver,proximal,right_only,False,True,False,False,False,,tissue_specific,,,20.864045646821996
,,LOC120096970,,,,,,,,,,,,,,,,,,,,,,,,,,,15808.0,ENSRNOG00000086576,T cell receptor alpha variable 5-like,Chr15: 27.196883,1.106,20.1,Chr15: 27.318194,0.635,Chr15,27.196883,Chr15,27.318194,27.196883,27.318194,0.1213109999999986,True,cis,False,False,True,cis,False,0.0006426735218509,0.0610355253212396,0.3215873695950817,Tier_2_Validate,Liver,proximal,right_only,False,True,False,False,False,,tissue_specific,,,20.86349478380327
6365.0,ENSRNOG00000003144,Gprc5c,"G protein-coupled receptor, class C, group 5, member C",Chr10: 99.886899,7.368,21.4,Chr10: 99.574645,0.372,Chr10,99.886899,Chr10,99.574645,99.886899,99.574645,0.3122539999999958,True,cis,False,False,False,cis,False,0.0093708165997322,0.0520368718406184,0.3214926909541228,Tier_2_Validate,Adipose,proximal,,,,,,,,,,,,,,,,,,,,,,,,,,,,,left_only,True,False,False,False,False,,tissue_specific,,,20.859707638164913
,,Myom2,,,,,,,,,,,,,,,,,,,,,,,,,,,22341.0,ENSRNOG00000011754,myomesin 2,Chr16: 74.592657,0.983,20.5,Chr16: 74.331750,0.617,Chr16,74.592657,Chr16,74.33175,74.592657,74.33175,0.2609070000000031,True,cis,False,False,False,cis,False,0.0032133676092544,0.0576341647770219,0.3212966363351968,Tier_2_Validate,Liver,proximal,right_only,False,True,False,False,False,,tissue_specific,,,20.85186545340787
,,Ptrh1,,,,,,,,,,,,,,,,,,,,,,,,,,,26198.0,ENSRNOG00000049034,peptidyl-tRNA hydrolase 1 homolog,Chr3: 16.064866,5.797,21.9,Chr3: 15.907235,0.569,Chr3,16.064866,Chr3,15.907235,16.064866,15.907235,0.1576309999999985,True,cis,False,False,False,cis,False,0.012210796915167,0.0485638699924414,0.321271133417663,Tier_2_Validate,Liver,proximal,right_only,False,True,False,False,False,,tissue_specific,,,20.85084533670652
10324.0,UNCHAR_LOC102552601,LOC102552601,uncharacterized LOC102552601,Chr6: 101.514172,3.006,32.3,Chr6: 101.610586,0.604,Chr6,101.514172,Chr6,101.610586,101.514172,101.610586,0.0964139999999957,True,cis,False,True,True,cis,False,0.0823293172690762,0.1210228962236098,0.2711732747224401,Tier_2_Validate,Adipose,promoter,,,,,,,,,,,,,,,,,,,,,,,,,,,,,left_only,True,False,False,False,False,,tissue_specific,,,20.846930988897604
,,Cct6a,,,,,,,,,,,,,,,,,,,,,,,,,,,2368.0,ENSRNOG00000000923,chaperonin containing TCP1 subunit 6A,Chr12: 26.883124,9.962,23.6,Chr12: 27.015140,-0.501,Chr12,26.883124,Chr12,27.01514,26.883124,27.01514,0.1320160000000001,True,cis,False,False,False,cis,False,0.0231362467866324,0.0357142857142857,0.3205976863753214,Tier_2_Validate,Liver,proximal,right_only,False,True,False,False,False,,tissue_specific,,,20.823907455012854
6656.0,ENSRNOG00000039284,Haus4,"HAUS augmin-like complex, subunit 4",Chr15: 28.006146,5.808,23.9,Chr15: 27.854824,0.307,Chr15,28.006146,Chr15,27.854824,28.006146,27.854824,0.1513220000000004,True,cis,False,False,False,cis,False,0.0261044176706827,0.0327088908712459,0.320584657989675,Tier_2_Validate,Adipose,proximal,,,,,,,,,,,,,,,,,,,,,,,,,,,,,left_only,True,False,False,False,False,,tissue_specific,,,20.823386319587
8173.0,ENSRNOG00000025273,L3mbtl4,L3MBTL histone methyl-lysine binding protein 4,Chr9: 108.295003,6.125,39.1,Chr9: 107.121395,0.685,Chr9,108.295003,Chr9,107.121395,108.295003,107.121395,1.173607999999987,True,cis,False,False,False,cis,False,0.1278447121820616,0.1451085340469818,0.3955336361801652,Tier_2_Validate,Adipose,distal_cis,,,,,,,,,,,,,,,,,,,,,,,,,,,,,left_only,True,False,False,False,False,,tissue_specific,,,20.821345447206607
,,LOC108352416,,,,,,,,,,,,,,,,,,,,,,,,,,,12804.0,UNCHAR_LOC108352416,uncharacterized LOC108352416,Chr12: 6.233760,5.209,55.3,Chr12: 6.543668,-0.93,Chr12,6.23376,Chr12,6.543668,6.23376,6.543668,0.3099080000000001,True,cis,False,True,True,cis,False,0.2268637532133676,0.1167800453514739,0.3202753294976945,Tier_2_Validate,Liver,proximal,right_only,False,True,False,False,False,,tissue_specific,,,20.811013179907782
11140.0,UNCHAR_LOC102557269,LOC102557269,uncharacterized LOC102557269,Chr5: 49.791190,3.075,45.0,Chr5: 49.912070,0.786,Chr5,49.79119,Chr5,49.91207,49.79119,49.91207,0.1208799999999996,True,cis,False,True,True,cis,False,0.1673360107095046,0.1751412429378531,0.3198670387765752,Tier_2_Validate,Adipose,proximal,,,,,,,,,,,,,,,,,,,,,,,,,,,,,left_only,True,False,False,False,False,,tissue_specific,,,20.794681551063007
,,Pyroxd2,,,,,,,,,,,,,,,,,,,,,,,,,,,26251.0,ENSRNOG00000015807,pyridine nucleotide-disulphide oxidoreductase domain 2,Chr1: 241.549082,8.953,25.4,Chr1: 242.083216,-0.423,Chr1,241.549082,Chr1,242.083216,241.549082,242.083216,0.5341339999999946,True,cis,False,False,False,cis,False,0.0347043701799485,0.0209750566893424,0.3194877994042518,Tier_2_Validate,Liver,proximal,right_only,False,True,False,False,False,,tissue_specific,,,20.77951197617007
1664.0,ENSRNOG00000010957,Braf,"B-Raf proto-oncogene, serine/threonine kinase",Chr4: 68.510651,9.624,26.4,Chr4: 68.096702,-0.24,Chr4,68.510651,Chr4,68.096702,68.510651,68.096702,0.4139490000000023,True,cis,False,False,False,cis,False,0.0428380187416331,0.0127862027951233,0.3194684775378648,Tier_2_Validate,Adipose,proximal,,,,,,,,,,,,,,,,,,,,,,,,,,,,,left_only,True,False,False,False,False,,tissue_specific,,,20.778739101514592
16079.0,UNCHAR_LOC120097360,LOC120097360,uncharacterized LOC120097360,Chr1: 196.090053,3.402,47.2,Chr1: 196.761300,-0.728,Chr1,196.090053,Chr1,196.7613,196.090053,196.7613,0.6712469999999939,True,cis,False,True,True,cis,False,0.1820615796519411,0.1578947368421052,0.3189847107729162,Tier_2_Validate,Adipose,proximal,,,,,,,,,,,,,,,,,,,,,,,,,,,,,left_only,True,False,False,False,False,,tissue_specific,,,20.759388430916648
24806.0,UNCHAR_Pcdhb16l,Pcdhb16l,protocadherin beta 16,Chr18: 29.184759,5.852,21.5,Chr18: 29.534165,-0.344,Chr18,29.184759,Chr18,29.534165,29.184759,29.534165,0.3494060000000019,True,cis,False,False,False,cis,False,0.0100401606425702,0.0437109723461195,0.3188128965460414,Tier_2_Validate,Adipose,proximal,,,,,,,,,,,,,,,,,,,,,,,,,,,,,left_only,True,False,False,False,False,,tissue_specific,,,20.752515861841655
,,Fech,,,,,,,,,,,,,,,,,,,,,,,,,,,5435.0,ENSRNOG00000018053,ferrochelatase,Chr18: 57.978326,11.275,26.6,Chr18: 57.851951,0.371,Chr18,57.978326,Chr18,57.851951,57.978326,57.851951,0.126375000000003,True,cis,False,False,False,cis,False,0.0424164524421593,0.0111489040060468,0.3187478747568721,Tier_2_Validate,Liver,proximal,right_only,False,True,False,False,False,,tissue_specific,,,20.749914990274885
,,Sult1e1,,,,,,,,,,,,,,,,,,,,,,,,,,,29843.0,ENSRNOG00000001957,sulfotransferase family 1E member 1,Chr14: 20.422323,13.793,20.9,Chr14: 19.903596,0.554,Chr14,20.422323,Chr14,19.903596,20.422323,19.903596,0.5187269999999984,True,cis,False,False,False,cis,False,0.005784061696658,0.04572940287226,0.3180297125991214,Tier_2_Validate,Liver,proximal,right_only,False,True,False,False,False,,tissue_specific,,,20.721188503964854
28276.0,ENSRNOG00000001699,Setd4,SET domain containing 4,Chr11: 32.859161,7.963,24.5,Chr11: 33.611309,-0.268,Chr11,32.859161,Chr11,33.611309,32.859161,33.611309,0.7521479999999983,True,cis,False,False,False,cis,False,0.0301204819277108,0.0211121022896223,0.3179314044760666,Tier_2_Validate,Adipose,proximal,,,,,,,,,,,,,,,,,,,,,,,,,,,,,left_only,True,False,False,False,False,,tissue_specific,,,20.717256179042664
,,Syne4,,,,,,,,,,,,,,,,,,,,,,,,,,,29934.0,UNCHAR_Syne4,spectrin repeat containing nuclear envelope family member 4,Chr1: 85.569408,5.738,20.0,Chr1: 84.965439,-0.583,Chr1,85.569408,Chr1,84.965439,85.569408,84.965439,0.6039689999999922,True,cis,False,False,False,cis,False,0.0,0.051209372637944,0.3179232804232804,Tier_2_Validate,Liver,proximal,right_only,False,True,False,False,False,,tissue_specific,,,20.716931216931215
14152.0,UNCHAR_LOC120094674,LOC120094674,uncharacterized LOC120094674,Chr9: 42.111834,1.282,29.7,Chr9: 42.018821,-0.631,Chr9,42.111834,Chr9,42.018821,42.111834,42.018821,0.0930129999999991,True,cis,False,True,True,cis,False,0.0649263721552878,0.1290514421647338,0.2678922350120076,Tier_2_Validate,Adipose,promoter,,,,,,,,,,,,,,,,,,,,,,,,,,,,,left_only,True,False,False,False,False,,tissue_specific,,,20.715689400480304
8326.0,ENSRNOG00000005093,Lgr6,leucine-rich repeat-containing G protein-coupled receptor 6,Chr13: 46.544073,4.535,20.0,Chr13: 46.764976,-0.368,Chr13,46.544073,Chr13,46.764976,46.544073,46.764976,0.2209029999999998,True,cis,False,False,False,cis,False,0.0,0.0508474576271186,0.3177966101694915,Tier_2_Validate,Adipose,proximal,,,,,,,,,,,,,,,,,,,,,,,,,,,,,left_only,True,False,False,False,False,,tissue_specific,,,20.71186440677966
19337.0,UNCHAR_LOC120102375,LOC120102375,uncharacterized LOC120102375,Chr4: 151.075876,3.286,28.0,Chr4: 151.143317,-0.666,Chr4,151.075876,Chr4,151.143317,151.075876,151.143317,0.0674410000000023,True,cis,False,True,True,cis,False,0.0535475234270415,0.1394588165328575,0.2675522189859647,Tier_2_Validate,Adipose,promoter,,,,,,,,,,,,,,,,,,,,,,,,,,,,,left_only,True,False,False,False,False,,tissue_specific,,,20.70208875943859
7839.0,ENSRNOG00000009539,Khdrbs3,"KH RNA binding domain containing, signal transduction associated 3",Chr7: 100.837706,6.643,21.5,Chr7: 101.055823,-0.33,Chr7,100.837706,Chr7,101.055823,100.837706,101.055823,0.2181170000000065,True,cis,False,False,False,cis,False,0.0100401606425702,0.03954802259887,0.3173558641345041,Tier_2_Validate,Adipose,proximal,,,,,,,,,,,,,,,,,,,,,,,,,,,,,left_only,True,False,False,False,False,,tissue_specific,,,20.694234565380164
92.0,ENSRNOG00000064381_2,Abcg3l4,"ATP-binding cassette, subfamily G (WHITE), member 3-like 4",Chr14: 4.590222,8.921,23.8,Chr14: 5.131747,-0.277,Chr14,4.590222,Chr14,5.131747,4.590222,5.131747,0.541525,True,cis,False,False,False,cis,False,0.0254350736278447,0.023788284269997,0.3172281752642446,Tier_2_Validate,Adipose,proximal,,,,,,,,,,,,,,,,,,,,,,,,,,,,,left_only,True,False,False,False,False,,tissue_specific,,,20.689127010569784
12459.0,UNCHAR_LOC108351200,LOC108351200,uncharacterized LOC108351200,Chr6: 31.393356,7.658,33.4,Chr6: 31.417411,-0.54,Chr6,31.393356,Chr6,31.417411,31.393356,31.417411,0.0240550000000006,True,cis,False,True,True,cis,False,0.0896921017402945,0.1019922688076122,0.2670895296917673,Tier_2_Validate,Adipose,promoter,,,,,,,,,,,,,,,,,,,,,,,,,,,,,left_only,True,False,False,False,False,,tissue_specific,,,20.68358118767069
3690.0,ENSRNOG00000013589,Cxcl12,C-X-C motif chemokine ligand 12,Chr4: 150.388325,12.215,22.1,Chr4: 150.208911,0.313,Chr4,150.388325,Chr4,150.208911,150.388325,150.208911,0.1794140000000084,True,cis,False,False,False,cis,False,0.0140562248995984,0.0344930121914956,0.3169922329818829,Tier_2_Validate,Adipose,proximal,,,,,,,,,,,,,,,,,,,,,,,,,,,,,left_only,True,False,False,False,False,,tissue_specific,,,20.679689319275315
,,Scpep1,,,,,,,,,,,,,,,,,,,,,,,,,,,28049.0,ENSRNOG00000002358,serine carboxypeptidase 1,Chr10: 73.732891,9.77,20.7,Chr10: 74.515870,-0.534,Chr10,73.732891,Chr10,74.51587,73.732891,74.51587,0.7829790000000116,True,cis,False,False,False,cis,False,0.0044987146529562,0.0419501133786848,0.3162570898110743,Tier_2_Validate,Liver,proximal,right_only,False,True,False,False,False,,tissue_specific,,,20.650283592442975
21352.0,ENSRNOG00000006131,Mettl2,"methyltransferase 2, tRNA N3-cytidine",Chr10: 90.095526,6.884,20.4,Chr10: 89.201543,0.333,Chr10,90.095526,Chr10,89.201543,90.095526,89.201543,0.8939830000000057,True,cis,False,False,False,cis,False,0.002677376171352,0.0404400832589949,0.3150911108006214,Tier_2_Validate,Adipose,proximal,,,,,,,,,,,,,,,,,,,,,,,,,,,,,left_only,True,False,False,False,False,,tissue_specific,,,20.603644432024858
25204.0,ENSRNOG00000089133,Pilra,paired immunoglobin-like type 2 receptor alpha,Chr12: 17.787168,6.101,38.1,Chr12: 19.031953,0.655,Chr12,17.787168,Chr12,19.031953,17.787168,19.031953,1.2447850000000005,True,cis,False,False,False,cis,False,0.1211512717536814,0.136187927445733,0.390068719719795,Tier_2_Validate,Adipose,distal_cis,,,,,,,,,,,,,,,,,,,,,,,,,,,,,left_only,True,False,False,False,False,,tissue_specific,,,20.6027487887918
,,Ndufaf6,,,,,,,,,,,,,,,,,,,,,,,,,,,22550.0,ENSRNOG00000040040,NADH:ubiquinone oxidoreductase complex assembly factor 6,Chr5: 24.171980,6.781,21.2,Chr5: 24.317350,0.497,Chr5,24.17198,Chr5,24.31735,24.17198,24.31735,0.1453699999999997,True,cis,False,False,False,cis,False,0.0077120822622107,0.0349584278155706,0.3149346785272235,Tier_2_Validate,Liver,proximal,right_only,False,True,False,False,False,,tissue_specific,,,20.59738714108894
10051.0,UNCHAR_LOC102551356,LOC102551356,uncharacterized LOC102551356,Chr18: 60.029821,1.873,23.4,Chr18: 60.107267,-0.742,Chr18,60.029821,Chr18,60.107267,60.029821,60.107267,0.0774460000000019,True,cis,False,True,True,cis,False,0.0227576974564926,0.1620576865893547,0.2646853844160466,Tier_2_Validate,Adipose,promoter,,,,,,,,,,,,,,,,,,,,,,,,,,,,,left_only,True,False,False,False,False,,tissue_specific,,,20.587415376641864
23127.0,ENSRNOG00000070472,Nxpe4,neurexophilin and PC-esterase domain family member 4,Chr8: 48.502696,7.068,21.0,Chr8: 48.395402,-0.315,Chr8,48.502696,Chr8,48.395402,48.502696,48.395402,0.1072940000000031,True,cis,False,False,False,cis,False,0.0066934404283801,0.0350877192982456,0.314623405904319,Tier_2_Validate,Adipose,proximal,,,,,,,,,,,,,,,,,,,,,,,,,,,,,left_only,True,False,False,False,False,,tissue_specific,,,20.58493623617276
32626.0,ENSRNOG00000091387,Vom1r69,vomeronasal 1 receptor 69,Chr4: 86.394570,0.449,33.2,Chr4: 84.549955,0.759,Chr4,86.39457,Chr4,84.549955,86.39457,84.549955,1.8446150000000048,True,cis,False,False,False,cis,False,0.0883534136546184,0.1671126969967291,0.3894131387279717,Tier_2_Validate,Adipose,distal_cis,,,,,,,,,,,,,,,,,,,,,,,,,,,,,left_only,True,False,False,False,False,,tissue_specific,,,20.576525549118866
10502.0,UNCHAR_LOC102553526,LOC102553526,uncharacterized LOC102553526,Chr1: 20.935163,1.197,28.7,Chr1: 21.009060,-0.62,Chr1,20.935163,Chr1,21.00906,20.935163,21.00906,0.0738970000000023,True,cis,False,True,True,cis,False,0.0582329317269076,0.1257805530776092,0.2644047196815809,Tier_2_Validate,Adipose,promoter,,,,,,,,,,,,,,,,,,,,,,,,,,,,,left_only,True,False,False,False,False,,tissue_specific,,,20.576188787263234
26390.0,UNCHAR_Raet1c,Raet1c,retinoic acid early transcript gamma,Chr1: 1.796109,0.233,20.1,Chr1: 2.698079,-0.325,Chr1,1.796109,Chr1,2.698079,1.796109,2.698079,0.90197,True,cis,False,False,False,cis,False,0.000669344042838,0.0380612548319952,0.3135557096061916,Tier_2_Validate,Adipose,proximal,,,,,,,,,,,,,,,,,,,,,,,,,,,,,left_only,True,False,False,False,False,,tissue_specific,,,20.542228384247665
,,LOC108349084,,,,,,,,,,,,,,,,,,,,,,,,,,,12025.0,UNCHAR_LOC108349084,uncharacterized LOC108349084,Chr20: 43.012746,3.132,30.0,Chr20: 42.941343,-0.925,Chr20,43.012746,Chr20,42.941343,43.012746,42.941343,0.0714029999999965,True,cis,False,True,True,cis,False,0.0642673521850899,0.1158352229780801,0.2630359013071095,Tier_2_Validate,Liver,promoter,right_only,False,True,False,False,False,,tissue_specific,,,20.52143605228438
3716.0,ENSRNOG00000011142,Cyb5b,cytochrome b5 type B,Chr19: 35.062870,11.227,21.8,Chr19: 35.749101,-0.275,Chr19,35.06287,Chr19,35.749101,35.06287,35.749101,0.6862310000000065,True,cis,False,False,False,cis,False,0.0120481927710843,0.0231935771632471,0.312334619477016,Tier_2_Validate,Adipose,proximal,,,,,,,,,,,,,,,,,,,,,,,,,,,,,left_only,True,False,False,False,False,,tissue_specific,,,20.493384779080642
,,Lzts1,,,,,,,,,,,,,,,,,,,,,,,,,,,20945.0,ENSRNOG00000011826,leucine zipper tumor suppressor 1,Chr16: 20.542755,3.335,34.6,Chr16: 19.290322,-1.132,Chr16,20.542755,Chr16,19.290322,20.542755,19.290322,1.252433,True,cis,False,False,False,cis,False,0.0938303341902313,0.1549508692365835,0.3870734211993851,Tier_2_Validate,Liver,distal_cis,right_only,False,True,False,False,False,,tissue_specific,,,20.482936847975402
602.0,ENSRNOG00000011419,Aldh6a1,"aldehyde dehydrogenase 6 family, member A1",Chr6: 104.098635,11.987,23.3,Chr6: 104.374072,0.236,Chr6,104.098635,Chr6,104.374072,104.098635,104.374072,0.2754369999999966,True,cis,False,False,False,cis,False,0.0220883534136546,0.0115967885816235,0.3117897996983474,Tier_2_Validate,Adipose,proximal,,,,,,,,,,,,,,,,,,,,,,,,,,,,,left_only,True,False,False,False,False,,tissue_specific,,,20.4715919879339
449.0,ENSRNOG00000002889,Afp,alpha-fetoprotein,Chr14: 17.591475,5.47,24.3,Chr14: 16.290690,-0.934,Chr14,17.591475,Chr14,16.29069,17.591475,16.29069,1.3007849999999976,True,cis,False,False,False,cis,False,0.0287817938420348,0.2191495688373476,0.3867759769377838,Tier_2_Validate,Adipose,distal_cis,,,,,,,,,,,,,,,,,,,,,,,,,,,,,left_only,True,False,False,False,False,,tissue_specific,,,20.471039077511353
27103.0,UNCHAR_RGD1565648,RGD1565648,uncharacterized RGD1565648,Chr3: 138.989651,1.463,38.0,Chr3: 138.848480,0.865,Chr3,138.989651,Chr3,138.84848,138.989651,138.84848,0.1411710000000141,True,cis,False,True,False,cis,False,0.1204819277108433,0.1986321736544751,0.3116899354778615,Tier_2_Validate,Adipose,proximal,,,,,,,,,,,,,,,,,,,,,,,,,,,,,left_only,True,False,False,False,False,,tissue_specific,,,20.467597419114462
15067.0,UNCHAR_LOC120095906,LOC120095906,uncharacterized LOC120095906,Chr12: 18.861000,2.346,28.0,Chr12: 19.032032,-1.088,Chr12,18.861,Chr12,19.032032,18.861,19.032032,0.1710320000000003,True,cis,False,True,True,cis,False,0.0535475234270415,0.2649420160570919,0.3114713388194466,Tier_2_Validate,Adipose,proximal,,,,,,,,,,,,,,,,,,,,,,,,,,,,,left_only,True,False,False,False,False,,tissue_specific,,,20.458853552777864
,,Cyp4a3,,,,,,,,,,,,,,,,,,,,,,,,,,,3806.0,ENSRNOG00000066878,"cytochrome P450, family 4, subfamily a, polypeptide 3",Chr5: 129.115487,15.446,21.8,Chr5: 128.754736,0.411,Chr5,129.115487,Chr5,128.754736,129.115487,128.754736,0.3607509999999934,True,cis,False,False,False,cis,False,0.0115681233933162,0.0187074829931972,0.3105964622352797,Tier_2_Validate,Liver,proximal,right_only,False,True,False,False,False,,tissue_specific,,,20.423858489411188
,,Dtx4,,,,,,,,,,,,,,,,,,,,,,,,,,,4473.0,ENSRNOG00000021086,deltex E3 ubiquitin ligase 4,Chr1: 209.545162,7.755,21.4,Chr1: 209.858238,0.417,Chr1,209.545162,Chr1,209.858238,209.545162,209.858238,0.3130759999999952,True,cis,False,False,False,cis,False,0.0089974293059125,0.0198412698412698,0.3100935447015138,Tier_2_Validate,Liver,proximal,right_only,False,True,False,False,False,,tissue_specific,,,20.40374178806055
30743.0,ENSRNOG00000042758,Tmem243,transmembrane protein 243,Chr4: 24.968641,9.125,23.1,Chr4: 25.286406,0.222,Chr4,24.968641,Chr4,25.286406,24.968641,25.286406,0.3177649999999978,True,cis,False,False,False,cis,False,0.0207496653279785,0.007433838834374,0.3098642264568234,Tier_2_Validate,Adipose,proximal,,,,,,,,,,,,,,,,,,,,,,,,,,,,,left_only,True,False,False,False,False,,tissue_specific,,,20.394569058272936
25031.0,ENSRNOG00000004162,Pfkfb2,"6-phosphofructo-2-kinase/fructose-2,6-biphosphatase 2",Chr13: 42.174698,9.286,21.3,Chr13: 42.434735,0.261,Chr13,42.174698,Chr13,42.434735,42.174698,42.434735,0.260037000000004,True,cis,False,False,False,cis,False,0.0087014725568942,0.0190306274159976,0.3097062349905122,Tier_2_Validate,Adipose,proximal,,,,,,,,,,,,,,,,,,,,,,,,,,,,,left_only,True,False,False,False,False,,tissue_specific,,,20.388249399620488
21006.0,ENSRNOG00000019885,Magi3,"membrane associated guanylate kinase, WW and PDZ domain containing 3",Chr2: 191.717047,9.631,24.1,Chr2: 192.173900,0.197,Chr2,191.717047,Chr2,192.1739,191.717047,192.1739,0.4568529999999953,True,cis,False,False,False,cis,False,0.0274431057563587,0.0,0.3096050870147255,Tier_2_Validate,Adipose,proximal,,,,,,,,,,,,,,,,,,,,,,,,,,,,,left_only,True,False,False,False,False,,tissue_specific,,,20.384203480589022
27796.0,ENSRNOG00000042905,RT1-T24-4,"RT1 class I, locus T24, gene 4",Chr20: 2.684514,11.002,20.9,Chr20: 3.187506,0.269,Chr20,2.684514,Chr20,3.187506,2.684514,3.187506,0.5029919999999999,True,cis,False,False,False,cis,False,0.0060240963855421,0.0214094558429973,0.3096017432799888,Tier_2_Validate,Adipose,proximal,,,,,,,,,,,,,,,,,,,,,,,,,,,,,left_only,True,False,False,False,False,,tissue_specific,,,20.384069731199553
,,LOC102548069,,,,,,,,,,,,,,,,,,,,,,,,,,,9319.0,UNCHAR_LOC102548069,uncharacterized LOC102548069,Chr20: 8.645567,4.128,47.4,Chr20: 8.746702,-1.033,Chr20,8.645567,Chr20,8.746702,8.645567,8.746702,0.101135000000001,True,cis,False,True,True,cis,False,0.1760925449871465,0.1362433862433862,0.3093175759306864,Tier_2_Validate,Liver,proximal,right_only,False,True,False,False,False,,tissue_specific,,,20.372703037227453
10918.0,UNCHAR_LOC102555545,LOC102555545,uncharacterized LOC102555545,Chr4: 158.058336,1.929,28.4,Chr4: 157.629577,-1.057,Chr4,158.058336,Chr4,157.629577,158.058336,157.629577,0.4287589999999852,True,cis,False,True,True,cis,False,0.0562248995983935,0.255724055902468,0.3091821344253015,Tier_2_Validate,Adipose,proximal,,,,,,,,,,,,,,,,,,,,,,,,,,,,,left_only,True,False,False,False,False,,tissue_specific,,,20.36728537701206
15739.0,UNCHAR_LOC120096890,LOC120096890,uncharacterized LOC120096890,Chr1: 80.301946,1.259,24.4,Chr1: 80.246758,-0.657,Chr1,80.301946,Chr1,80.246758,80.301946,80.246758,0.0551880000000011,True,cis,False,True,True,cis,False,0.0294511378848728,0.1367826345524829,0.2581818203530744,Tier_2_Validate,Adipose,promoter,,,,,,,,,,,,,,,,,,,,,,,,,,,,,left_only,True,False,False,False,False,,tissue_specific,,,20.327272814122978
695.0,ENSRNOG00000000576,Anapc16,anaphase promoting complex subunit 16,Chr20: 27.941033,7.953,21.4,Chr20: 27.634311,0.244,Chr20,27.941033,Chr20,27.634311,27.941033,27.634311,0.3067220000000006,True,cis,False,False,False,cis,False,0.0093708165997322,0.0139756170086232,0.3081712517629245,Tier_2_Validate,Adipose,proximal,,,,,,,,,,,,,,,,,,,,,,,,,,,,,left_only,True,False,False,False,False,,tissue_specific,,,20.32685007051698
5023.0,ENSRNOG00000063524,Etfrf1,electron transfer flavoprotein regulatory factor 1,Chr4: 178.179871,8.966,22.5,Chr4: 177.847188,-0.212,Chr4,178.179871,Chr4,177.847188,178.179871,177.847188,0.3326830000000029,True,cis,False,False,False,cis,False,0.0167336010709504,0.0044603033006244,0.3074178665300512,Tier_2_Validate,Adipose,proximal,,,,,,,,,,,,,,,,,,,,,,,,,,,,,left_only,True,False,False,False,False,,tissue_specific,,,20.29671466120205
18828.0,UNCHAR_LOC120101602,LOC120101602,uncharacterized LOC120101602,Chr3: 79.342516,2.2,38.2,Chr3: 79.134092,-0.818,Chr3,79.342516,Chr3,79.134092,79.342516,79.134092,0.2084240000000079,True,cis,False,True,True,cis,False,0.1218206157965194,0.1846565566458519,0.3072670103548299,Tier_2_Validate,Adipose,proximal,,,,,,,,,,,,,,,,,,,,,,,,,,,,,left_only,True,False,False,False,False,,tissue_specific,,,20.290680414193197
26693.0,ENSRNOG00000058243,Rfx8,regulatory factor X8,Chr9: 42.021431,6.587,20.1,Chr9: 42.235982,-0.264,Chr9,42.021431,Chr9,42.235982,42.021431,42.235982,0.2145510000000001,True,cis,False,False,False,cis,False,0.000669344042838,0.0199226880761225,0.3072072112416362,Tier_2_Validate,Adipose,proximal,,,,,,,,,,,,,,,,,,,,,,,,,,,,,left_only,True,False,False,False,False,,tissue_specific,,,20.288288449665448
,,Slc66a2,,,,,,,,,,,,,,,,,,,,,,,,,,,28833.0,ENSRNOG00000049955_2,NPC1 like intracellular cholesterol transporter 1,Chr18: 73.702471,10.814,20.5,Chr18: 73.260752,0.403,Chr18,73.702471,Chr18,73.260752,73.702471,73.260752,0.4417190000000062,True,cis,False,False,False,cis,False,0.0032133676092544,0.0171957671957672,0.3071431971817576,Tier_2_Validate,Liver,proximal,right_only,False,True,False,False,False,,tissue_specific,,,20.285727887270305
,,LOC102554501,,,,,,,,,,,,,,,,,,,,,,,,,,,10701.0,UNCHAR_LOC102554501,uncharacterized LOC102554501,Chr3: 13.949382,0.921,47.4,Chr3: 13.657871,0.999,Chr3,13.949382,Chr3,13.657871,13.949382,13.657871,0.2915109999999998,True,cis,False,True,True,cis,False,0.1760925449871465,0.1298185941043084,0.3070688986820092,Tier_2_Validate,Liver,proximal,right_only,False,True,False,False,False,,tissue_specific,,,20.282755947280368
,,LOC120103562,,,,,,,,,,,,,,,,,,,,,,,,,,,20134.0,UNCHAR_LOC120103562,uncharacterized LOC120103562,Chr6: 98.801523,2.114,41.1,Chr6: 98.648176,-1.212,Chr6,98.801523,Chr6,98.648176,98.801523,98.648176,0.1533469999999965,True,cis,False,True,True,cis,False,0.1356041131105398,0.1700680272108843,0.3069852491124984,Tier_2_Validate,Liver,proximal,right_only,False,True,False,False,False,,tissue_specific,,,20.279409964499937
,,Fetub,,,,,,,,,,,,,,,,,,,,,,,,,,,5450.0,ENSRNOG00000001806,fetuin B,Chr11: 78.093021,16.812,20.7,Chr11: 78.236644,0.39,Chr11,78.093021,Chr11,78.236644,78.093021,78.236644,0.1436230000000051,True,cis,False,False,False,cis,False,0.0044987146529562,0.0147392290249433,0.3067332802872649,Tier_2_Validate,Liver,proximal,right_only,False,True,False,False,False,,tissue_specific,,,20.269331211490595
11528.0,UNCHAR_LOC103692636,LOC103692636,uncharacterized LOC103692636,Chr6: 71.916407,2.342,25.0,Chr6: 71.892104,-0.628,Chr6,71.916407,Chr6,71.892104,71.916407,71.892104,0.0243030000000032,True,cis,False,True,True,cis,False,0.0334672021419009,0.1281593815046089,0.2565693042762784,Tier_2_Validate,Adipose,promoter,,,,,,,,,,,,,,,,,,,,,,,,,,,,,left_only,True,False,False,False,False,,tissue_specific,,,20.262772171051136
4498.0,ENSRNOG00000022143,Dusp23,dual specificity phosphatase 23,Chr13: 85.100053,5.89,20.2,Chr13: 85.451372,-0.253,Chr13,85.100053,Chr13,85.451372,85.100053,85.451372,0.3513190000000037,True,cis,False,False,False,cis,False,0.001338688085676,0.0166517989889979,0.3062966704761359,Tier_2_Validate,Adipose,proximal,,,,,,,,,,,,,,,,,,,,,,,,,,,,,left_only,True,False,False,False,False,,tissue_specific,,,20.251866819045436
3125.0,UNCHAR_Cmc4,Cmc4,C-X9-C motif containing 4,Chr18: 0.125432,5.935,20.2,Chr18: 0.012173,0.251,Chr18,0.125432,Chr18,0.012173,0.125432,0.012173,0.1132589999999999,True,cis,False,False,False,cis,False,0.001338688085676,0.0160570918822479,0.3060885229887734,Tier_2_Validate,Adipose,proximal,,,,,,,,,,,,,,,,,,,,,,,,,,,,,left_only,True,False,False,False,False,,tissue_specific,,,20.243540919550938
22126.0,ENSRNOG00000055314,Msrb1,methionine sulfoxide reductase B1,Chr10: 13.764882,9.805,20.9,Chr10: 13.286123,-0.231,Chr10,13.764882,Chr10,13.286123,13.764882,13.286123,0.4787590000000001,True,cis,False,False,False,cis,False,0.0060240963855421,0.0101100208147487,0.3056469410201018,Tier_2_Validate,Adipose,proximal,,,,,,,,,,,,,,,,,,,,,,,,,,,,,left_only,True,False,False,False,False,,tissue_specific,,,20.22587764080407
28699.0,ENSRNOG00000005302,Slc2a9,solute carrier family 2 member 9,Chr14: 72.328333,8.527,21.1,Chr14: 72.496650,-0.226,Chr14,72.328333,Chr14,72.49665,72.328333,72.49665,0.1683170000000018,True,cis,False,False,False,cis,False,0.0073627844712182,0.0086232530478739,0.3055951131316823,Tier_2_Validate,Adipose,proximal,,,,,,,,,,,,,,,,,,,,,,,,,,,,,left_only,True,False,False,False,False,,tissue_specific,,,20.22380452526729
12376.0,UNCHAR_LOC108350928,LOC108350928,uncharacterized LOC108350928,Chr5: 21.574911,0.475,30.2,Chr5: 21.572861,0.492,Chr5,21.574911,Chr5,21.572861,21.574911,21.572861,0.0020500000000005,True,cis,False,True,True,cis,False,0.0682730923694779,0.087719298245614,0.2545973367152822,Tier_2_Validate,Adipose,promoter,,,,,,,,,,,,,,,,,,,,,,,,,,,,,left_only,True,False,False,False,False,,tissue_specific,,,20.183893468611288
,,D2hgdh,,,,,,,,,,,,,,,,,,,,,,,,,,,3844.0,ENSRNOG00000019012,D-2-hydroxyglutarate dehydrogenase,Chr9: 94.350554,9.458,22.0,Chr9: 93.867968,-0.312,Chr9,94.350554,Chr9,93.867968,94.350554,93.867968,0.4825859999999977,True,cis,False,False,False,cis,False,0.0128534704370179,0.0,0.3044987146529563,Tier_2_Validate,Liver,proximal,right_only,False,True,False,False,False,,tissue_specific,,,20.17994858611825
27113.0,UNCHAR_RGD1565779,RGD1565779,uncharacterized RGD1565779,Chr18: 28.295203,1.921,43.7,Chr18: 29.534165,-1.387,Chr18,28.295203,Chr18,29.534165,28.295203,29.534165,1.2389620000000008,True,cis,False,True,False,cis,False,0.1586345381526104,0.3538507285162057,0.3793698433340856,Tier_2_Validate,Adipose,distal_cis,,,,,,,,,,,,,,,,,,,,,,,,,,,,,left_only,True,False,False,False,False,,tissue_specific,,,20.174793733363423
32696.0,ENSRNOG00000083545,Vom2r5,"vomeronasal 2 receptor, 5",Chr1: 1.161905,0.494,31.3,Chr1: 2.665618,0.7,Chr1,1.161905,Chr1,2.665618,1.161905,2.665618,1.503713,True,cis,False,False,False,cis,False,0.0756358768406961,0.1495688373476062,0.3788216499659058,Tier_2_Validate,Adipose,distal_cis,,,,,,,,,,,,,,,,,,,,,,,,,,,,,left_only,True,False,False,False,False,,tissue_specific,,,20.15286599863623
,,Marveld1,,,,,,,,,,,,,,,,,,,,,,,,,,,21142.0,ENSRNOG00000042620,MARVEL domain containing 1,Chr1: 240.954049,8.0,32.0,Chr1: 239.747047,1.095,Chr1,240.954049,Chr1,239.747047,240.954049,239.747047,1.2070019999999886,True,cis,False,False,False,cis,False,0.0771208226221079,0.1479591836734693,0.378778002203452,Tier_2_Validate,Liver,distal_cis,right_only,False,True,False,False,False,,tissue_specific,,,20.15112008813808
16903.0,UNCHAR_LOC120098550,LOC120098550,uncharacterized LOC120098550,Chr19: 9.153157,1.123,24.2,Chr19: 9.212323,0.618,Chr19,9.153157,Chr19,9.212323,9.153157,9.212323,0.0591659999999993,True,cis,False,True,True,cis,False,0.0281124497991967,0.1251858459708593,0.2536544035195196,Tier_2_Validate,Adipose,promoter,,,,,,,,,,,,,,,,,,,,,,,,,,,,,left_only,True,False,False,False,False,,tissue_specific,,,20.146176140780785
14609.0,UNCHAR_LOC120095254,LOC120095254,uncharacterized LOC120095254,Chr10: 24.073359,4.736,27.3,Chr10: 24.016795,-0.548,Chr10,24.073359,Chr10,24.016795,24.073359,24.016795,0.0565640000000016,True,cis,False,True,True,cis,False,0.0488621151271753,0.1043710972346119,0.2536316243266255,Tier_2_Validate,Adipose,promoter,,,,,,,,,,,,,,,,,,,,,,,,,,,,,left_only,True,False,False,False,False,,tissue_specific,,,20.145264973065018
,,LOC102554140,,,,,,,,,,,,,,,,,,,,,,,,,,,10625.0,UNCHAR_LOC102554140,uncharacterized LOC102554140,Chr7: 22.915243,2.668,26.5,Chr7: 22.853993,0.9,Chr7,22.915243,Chr7,22.853993,22.915243,22.853993,0.0612500000000011,True,cis,False,True,True,cis,False,0.0417737789203084,0.1111111111111111,0.2535097115109969,Tier_2_Validate,Liver,promoter,right_only,False,True,False,False,False,,tissue_specific,,,20.140388460439876
,,Mecr,,,,,,,,,,,,,,,,,,,,,,,,,,,21271.0,ENSRNOG00000028047,mitochondrial trans-2-enoyl-CoA reductase,Chr5: 144.029683,9.228,20.2,Chr5: 143.919137,0.354,Chr5,144.029683,Chr5,143.919137,144.029683,143.919137,0.1105459999999993,True,cis,False,False,False,cis,False,0.0012853470437017,0.0079365079365079,0.3032276492430734,Tier_2_Validate,Liver,proximal,right_only,False,True,False,False,False,,tissue_specific,,,20.129105969722936
18700.0,ENSRNOG00000056780,LOC120101379,U1 spliceosomal RNA,Chr2: 112.190390,4.21,53.1,Chr6: 72.936638,1.155,Chr2,112.19039,Chr6,72.936638,112.19039,72.936638,inf,False,trans,False,False,True,trans_moderate,True,0.2215528781793842,0.2848647041332144,0.3772461538094095,Tier_3_FlaggedInspect,Adipose,trans,,,,,,,,,,,,,,,,,,,,,,,,,,,,,left_only,True,False,False,False,False,,tissue_specific,,,20.08984615237638
,,LOC102552752,,,,,,,,,,,,,,,,,,,,,,,,,,,10352.0,UNCHAR_LOC102552752,uncharacterized LOC102552752,Chr11: 77.335761,6.216,49.4,Chr11: 77.181196,-0.857,Chr11,77.335761,Chr11,77.181196,77.335761,77.181196,0.1545650000000051,True,cis,False,True,True,cis,False,0.1889460154241645,0.1029856386999244,0.3021760789434311,Tier_2_Validate,Liver,proximal,right_only,False,True,False,False,False,,tissue_specific,,,20.087043157737245
29323.0,ENSRNOG00000022084,Sox14,SRY-box transcription factor 14,Chr8: 100.423917,1.41,24.0,Chr8: 102.011135,0.847,Chr8,100.423917,Chr8,102.011135,100.423917,102.011135,1.587217999999993,True,cis,False,False,False,cis,False,0.0267737617135207,0.1932798096937258,0.3770187499925362,Tier_2_Validate,Adipose,distal_cis,,,,,,,,,,,,,,,,,,,,,,,,,,,,,left_only,True,False,False,False,False,,tissue_specific,,,20.080749999701446
19227.0,UNCHAR_LOC120102251,LOC120102251,uncharacterized LOC120102251,Chr4: 59.197471,4.992,37.9,Chr4: 58.304409,0.773,Chr4,59.197471,Chr4,58.304409,59.197471,58.304409,0.8930620000000005,True,cis,False,True,True,cis,False,0.1198125836680053,0.1712756467439786,0.3018808806441944,Tier_2_Validate,Adipose,proximal,,,,,,,,,,,,,,,,,,,,,,,,,,,,,left_only,True,False,False,False,False,,tissue_specific,,,20.075235225767777
,,Slc38a11,,,,,,,,,,,,,,,,,,,,,,,,,,,28754.0,ENSRNOG00000004966,"solute carrier family 38, member 11",Chr3: 50.033614,0.156,20.4,Chr3: 49.827009,0.324,Chr3,50.033614,Chr3,49.827009,50.033614,49.827009,0.2066050000000032,True,cis,False,False,False,cis,False,0.0025706940874035,0.0022675736961451,0.3016933937242421,Tier_2_Validate,Liver,proximal,right_only,False,True,False,False,False,,tissue_specific,,,20.06773574896968
10071.0,UNCHAR_LOC102551452,LOC102551452,uncharacterized LOC102551452,Chr1: 208.328600,6.301,29.5,Chr1: 208.647015,0.951,Chr1,208.3286,Chr1,208.647015,208.3286,208.647015,0.3184150000000159,True,cis,False,True,True,cis,False,0.0635876840696117,0.2242045792447219,0.3007272921600168,Tier_2_Validate,Adipose,proximal,,,,,,,,,,,,,,,,,,,,,,,,,,,,,left_only,True,False,False,False,False,,tissue_specific,,,20.029091686400673
10461.0,UNCHAR_LOC102553326,LOC102553326,uncharacterized LOC102553326,Chr5: 70.840702,1.544,23.9,Chr5: 70.868633,0.595,Chr5,70.840702,Chr5,70.868633,70.840702,70.868633,0.0279310000000094,True,cis,False,True,True,cis,False,0.0261044176706827,0.1183467142432352,0.2505578961698713,Tier_2_Validate,Adipose,promoter,,,,,,,,,,,,,,,,,,,,,,,,,,,,,left_only,True,False,False,False,False,,tissue_specific,,,20.022315846794854
9931.0,UNCHAR_LOC102550849,LOC102550849,uncharacterized LOC102550849,Chr5: 73.956548,2.596,40.4,Chr5: 73.810363,-0.703,Chr5,73.956548,Chr5,73.810363,73.956548,73.810363,0.1461850000000026,True,cis,False,True,True,cis,False,0.1365461847389558,0.1504608980077312,0.3004524789613404,Tier_2_Validate,Adipose,proximal,,,,,,,,,,,,,,,,,,,,,,,,,,,,,left_only,True,False,False,False,False,,tissue_specific,,,20.018099158453616
,,LOC102548791,,,,,,,,,,,,,,,,,,,,,,,,,,,9490.0,UNCHAR_LOC102548791,uncharacterized LOC102548791,Chr10: 103.655143,2.172,42.4,Chr10: 103.865949,-1.069,Chr10,103.655143,Chr10,103.865949,103.655143,103.865949,0.2108060000000051,True,cis,False,True,True,cis,False,0.1439588688946015,0.1430461073318216,0.3004517416792481,Tier_2_Validate,Liver,proximal,right_only,False,True,False,False,False,,tissue_specific,,,20.018069667169925
,,LOC108350069,,,,,,,,,,,,,,,,,,,,,,,,,,,12180.0,UNCHAR_LOC108350069,uncharacterized LOC108350069,Chr2: 183.522844,1.184,46.5,Chr2: 183.798575,0.927,Chr2,183.522844,Chr2,183.798575,183.522844,183.798575,0.2757310000000075,True,cis,False,True,True,cis,False,0.1703084832904884,0.1162131519274376,0.3002825723262741,Tier_2_Validate,Liver,proximal,right_only,False,True,False,False,False,,tissue_specific,,,20.011302893050964
,,LOC102549998,,,,,,,,,,,,,,,,,,,,,,,,,,,9736.0,UNCHAR_LOC102549998,uncharacterized LOC102549998,Chr7: 120.407664,2.757,40.2,Chr7: 120.551699,1.13,Chr7,120.407664,Chr7,120.551699,120.407664,120.551699,0.1440350000000023,True,cis,False,True,True,cis,False,0.1298200514138817,0.1545729402872259,0.2995375470953877,Tier_2_Validate,Liver,proximal,right_only,False,True,False,False,False,,tissue_specific,,,19.981501883815508
15379.0,UNCHAR_LOC120096357,LOC120096357,uncharacterized LOC120096357,Chr13: 103.530594,3.202,26.3,Chr13: 103.512827,0.53,Chr13,103.530594,Chr13,103.512827,103.530594,103.512827,0.017766999999992,True,cis,False,True,True,cis,False,0.0421686746987951,0.0990187332738626,0.2494155927904302,Tier_2_Validate,Adipose,promoter,,,,,,,,,,,,,,,,,,,,,,,,,,,,,left_only,True,False,False,False,False,,tissue_specific,,,19.976623711617208
,,LOC120103042,,,,,,,,,,,,,,,,,,,,,,,,,,,19798.0,UNCHAR_LOC120103042,uncharacterized LOC120103042,Chr5: 160.700912,2.27,44.5,Chr5: 161.614974,0.979,Chr5,160.700912,Chr5,161.614974,160.700912,161.614974,0.9140620000000012,True,cis,False,True,True,cis,False,0.1574550128534704,0.1260393046107332,0.2992230111124713,Tier_2_Validate,Liver,proximal,right_only,False,True,False,False,False,,tissue_specific,,,19.968920444498853
2749.0,ENSRNOG00000043410,Cfap300,cilia and flagella associated protein 300,Chr8: 5.198839,5.769,40.3,Chr8: 4.162938,-0.447,Chr8,5.198839,Chr8,4.162938,5.198839,4.162938,1.0359010000000008,True,cis,False,False,False,cis,False,0.1358768406961177,0.0743383883437407,0.3735753301639505,Tier_2_Validate,Adipose,distal_cis,,,,,,,,,,,,,,,,,,,,,,,,,,,,,left_only,True,False,False,False,False,,tissue_specific,,,19.94301320655802
26801.0,UNCHAR_RGD1560017,RGD1560017,uncharacterized RGD1560017,Chr3: 91.267802,5.635,54.7,Chr18: 68.328736,2.044,Chr3,91.267802,Chr18,68.328736,91.267802,68.328736,inf,False,trans,False,True,False,MEGA_EFFECT,True,0.2322623828647925,0.5492120130835564,0.373516038581922,Tier_3_FlaggedInspect,Adipose,trans,,,,,,,,,,,,,,,,,,,,,,,,,,,,,left_only,True,False,False,False,False,,tissue_specific,,,19.940641543276882
,,Lrrc8e,,,,,,,,,,,,,,,,,,,,,,,,,,,20802.0,ENSRNOG00000028460,leucine rich repeat containing 8 VRAC subunit E,Chr12: 2.578239,2.898,26.9,Chr12: 0.093589,1.177,Chr12,2.578239,Chr12,0.093589,2.578239,0.093589,2.48465,True,cis,False,False,False,cis,False,0.044344473007712,0.1634542705971277,0.3727295602616939,Tier_2_Validate,Liver,distal_cis,right_only,False,True,False,False,False,,tissue_specific,,,19.909182410467757
,,LOC102553602,,,,,,,,,,,,,,,,,,,,,,,,,,,10522.0,UNCHAR_LOC102553602,uncharacterized LOC102553602,Chr1: 181.882682,4.948,24.2,Chr1: 181.810195,-0.888,Chr1,181.882682,Chr1,181.810195,181.882682,181.810195,0.0724869999999953,True,cis,False,True,True,cis,False,0.0269922879177377,0.108843537414966,0.2475425388664463,Tier_2_Validate,Liver,promoter,right_only,False,True,False,False,False,,tissue_specific,,,19.901701554657855
27053.0,UNCHAR_RGD1564786,RGD1564786,uncharacterized RGD1564786,Chr17: 31.068701,3.15,40.5,Chr17: 31.438420,0.672,Chr17,31.068701,Chr17,31.43842,31.068701,31.43842,0.3697189999999999,True,cis,False,True,False,cis,False,0.1372155287817938,0.1412429378531073,0.2974604633222154,Tier_2_Validate,Adipose,proximal,,,,,,,,,,,,,,,,,,,,,,,,,,,,,left_only,True,False,False,False,False,,tissue_specific,,,19.898418532888613
,,Ugt1a2,,,,,,,,,,,,,,,,,,,,,,,,,,,32310.0,UNCHAR_Ugt1a2,uncharacterized Ugt1a2,Chr9: 88.791215,4.43,28.8,Chr9: 88.391594,1.481,Chr9,88.791215,Chr9,88.391594,88.791215,88.391594,0.3996209999999962,True,cis,False,True,False,cis,False,0.0565552699228791,0.2208994708994709,0.2971091592878225,Tier_2_Validate,Liver,proximal,right_only,False,True,False,False,False,,tissue_specific,,,19.8843663715129
,,LOC691418,,,,,,,,,,,,,,,,,,,,,,,,,,,20628.0,UNCHAR_LOC691418,uncharacterized LOC691418,Chr3: 106.164178,6.305,40.1,Chr3: 106.311986,1.085,Chr3,106.164178,Chr3,106.311986,106.164178,106.311986,0.1478079999999977,True,cis,False,True,True,cis,False,0.1291773778920308,0.1460695389266817,0.2963364208865494,Tier_2_Validate,Liver,proximal,right_only,False,True,False,False,False,,tissue_specific,,,19.853456835461976
5931.0,UNCHAR_Gbp6-ps3,Gbp6-ps3,uncharacterized Gbp6-ps3,Chr14: 4.474086,5.099,36.5,Chr14: 4.330834,0.743,Chr14,4.474086,Chr14,4.330834,4.474086,4.330834,0.1432519999999995,True,cis,False,True,False,cis,False,0.110441767068273,0.1623550401427297,0.295478882523851,Tier_2_Validate,Adipose,proximal,,,,,,,,,,,,,,,,,,,,,,,,,,,,,left_only,True,False,False,False,False,,tissue_specific,,,19.81915530095404
29495.0,UNCHAR_Spocd1,Spocd1,uncharacterized Spocd1,Chr5: 142.288821,0.721,23.1,Chr5: 142.268873,0.564,Chr5,142.288821,Chr5,142.268873,142.288821,142.268873,0.0199479999999994,True,cis,False,True,False,cis,False,0.0207496653279785,0.1091287540886113,0.2454574467958064,Tier_2_Validate,Adipose,promoter,,,,,,,,,,,,,,,,,,,,,,,,,,,,,left_only,True,False,False,False,False,,tissue_specific,,,19.818297871832257
,,LOC120093671,,,,,,,,,,,,,,,,,,,,,,,,,,,13471.0,UNCHAR_LOC120093671,uncharacterized LOC120093671,Chr7: 93.252518,0.495,46.1,Chr7: 93.103623,-0.855,Chr7,93.252518,Chr7,93.103623,93.252518,93.103623,0.148894999999996,True,cis,False,True,True,cis,False,0.1677377892030848,0.1026077097505668,0.2946209246337781,Tier_2_Validate,Liver,proximal,right_only,False,True,False,False,False,,tissue_specific,,,19.784836985351124
10056.0,UNCHAR_LOC102551372,LOC102551372,uncharacterized LOC102551372,Chr5: 21.749063,6.156,44.8,Chr5: 20.965022,0.544,Chr5,21.749063,Chr5,20.965022,21.749063,20.965022,0.7840409999999984,True,cis,False,True,True,cis,False,0.1659973226238286,0.1031816830211121,0.2942126519757292,Tier_2_Validate,Adipose,proximal,,,,,,,,,,,,,,,,,,,,,,,,,,,,,left_only,True,False,False,False,False,,tissue_specific,,,19.76850607902917
,,LOC100912214,,,,,,,,,,,,,,,,,,,,,,,,,,,8881.0,UNCHAR_LOC100912214,uncharacterized LOC100912214,Chr9: 91.996237,3.137,42.3,Chr9: 92.433450,0.973,Chr9,91.996237,Chr9,92.43345,91.996237,92.43345,0.4372129999999998,True,cis,False,True,True,cis,False,0.1433161953727506,0.1249055177626606,0.2938775995973939,Tier_2_Validate,Liver,proximal,right_only,False,True,False,False,False,,tissue_specific,,,19.755103983895758
33389.0,ENSRNOG00000037428,Zfp605,zinc finger protein 605,Chr12: 46.574881,6.778,37.4,Chr12: 45.311821,-0.461,Chr12,46.574881,Chr12,45.311821,46.574881,45.311821,1.263059999999996,True,cis,False,False,False,cis,False,0.1164658634538152,0.0785013380909901,0.3682385205406818,Tier_2_Validate,Adipose,distal_cis,,,,,,,,,,,,,,,,,,,,,,,,,,,,,left_only,True,False,False,False,False,,tissue_specific,,,19.72954082162727
,,LOC120102417,,,,,,,,,,,,,,,,,,,,,,,,,,,19374.0,UNCHAR_LOC120102417,uncharacterized LOC120102417,Chr4: 168.042534,2.181,39.5,Chr4: 168.248096,-1.049,Chr4,168.042534,Chr4,168.248096,168.042534,168.248096,0.2055620000000146,True,cis,False,True,True,cis,False,0.1253213367609254,0.1392668178382464,0.2926058541097102,Tier_2_Validate,Liver,proximal,right_only,False,True,False,False,False,,tissue_specific,,,19.704234164388406
23214.0,ENSRNOG00000014034,Olfml2a,olfactomedin-like 2A,Chr3: 22.688589,8.037,29.3,Chr3: 19.340542,0.635,Chr3,22.688589,Chr3,19.340542,22.688589,19.340542,3.348047000000001,True,cis,False,False,False,cis,False,0.0622489959839357,0.1302408563782337,0.3673714483267593,Tier_2_Validate,Adipose,distal_cis,,,,,,,,,,,,,,,,,,,,,,,,,,,,,left_only,True,False,False,False,False,,tissue_specific,,,19.69485793307037
,,LOC108349981,,,,,,,,,,,,,,,,,,,,,,,,,,,12161.0,ENSRNOG00000073489,uncharacterized LOC108349981,Chr2: 93.554419,1.071,24.8,Chr2: 93.506741,0.789,Chr2,93.554419,Chr2,93.506741,93.554419,93.506741,0.0476779999999905,True,cis,False,True,True,cis,False,0.0308483290488431,0.0901360544217687,0.2423445342147141,Tier_2_Validate,Liver,promoter,right_only,False,True,False,False,False,,tissue_specific,,,19.693781368588564
22599.0,ENSRNOG00000013916,Nefm,neurofilament medium chain,Chr15: 42.365752,1.26,23.5,Chr15: 38.397019,0.761,Chr15,42.365752,Chr15,38.397019,42.365752,38.397019,3.968733,True,cis,False,False,False,cis,False,0.0234270414993306,0.167707404103479,0.3668970559609834,Tier_2_Validate,Adipose,distal_cis,,,,,,,,,,,,,,,,,,,,,,,,,,,,,left_only,True,False,False,False,False,,tissue_specific,,,19.675882238439335
3371.0,ENSRNOG00000005655,Cpa6,carboxypeptidase A6,Chr5: 8.526707,1.856,22.1,Chr5: 11.201366,0.791,Chr5,8.526707,Chr5,11.201366,8.526707,11.201366,2.674659,True,cis,False,False,False,cis,False,0.0140562248995984,0.1766280107047279,0.3667394824615142,Tier_2_Validate,Adipose,distal_cis,,,,,,,,,,,,,,,,,,,,,,,,,,,,,left_only,True,False,False,False,False,,tissue_specific,,,19.66957929846057
17224.0,UNCHAR_LOC120098968,LOC120098968,uncharacterized LOC120098968,Chr20: 2.708197,4.181,26.2,Chr20: 2.611182,0.457,Chr20,2.708197,Chr20,2.611182,2.708197,2.611182,0.0970150000000003,True,cis,False,True,True,cis,False,0.0414993306559571,0.0773119238774903,0.2415839390867066,Tier_2_Validate,Adipose,promoter,,,,,,,,,,,,,,,,,,,,,,,,,,,,,left_only,True,False,False,False,False,,tissue_specific,,,19.663357563468264
8999.0,UNCHAR_LOC102546598,LOC102546598,uncharacterized LOC102546598,Chr10: 80.255679,4.005,27.6,Chr10: 80.180154,0.424,Chr10,80.255679,Chr10,80.180154,80.255679,80.180154,0.0755249999999989,True,cis,False,True,True,cis,False,0.0508701472556894,0.0674992566161165,0.2414292913551321,Tier_2_Validate,Adipose,promoter,,,,,,,,,,,,,,,,,,,,,,,,,,,,,left_only,True,False,False,False,False,,tissue_specific,,,19.657171654205285
10982.0,UNCHAR_LOC102555870,LOC102555870,uncharacterized LOC102555870,Chr17: 17.476592,5.639,24.9,Chr17: 17.400900,-0.479,Chr17,17.476592,Chr17,17.4009,17.476592,17.4009,0.075692,True,cis,False,True,True,cis,False,0.0327978580990629,0.0838537020517395,0.2408280460527808,Tier_2_Validate,Adipose,promoter,,,,,,,,,,,,,,,,,,,,,,,,,,,,,left_only,True,False,False,False,False,,tissue_specific,,,19.63312184211123
12953.0,UNCHAR_LOC108352885,LOC108352885,uncharacterized LOC108352885,Chr15: 9.951774,6.013,42.5,Chr15: 10.208703,-0.562,Chr15,9.951774,Chr15,10.208703,9.951774,10.208703,0.2569289999999995,True,cis,False,True,True,cis,False,0.1506024096385542,0.1085340469818614,0.2906977598171455,Tier_2_Validate,Adipose,proximal,,,,,,,,,,,,,,,,,,,,,,,,,,,,,left_only,True,False,False,False,False,,tissue_specific,,,19.62791039268582
15318.0,UNCHAR_LOC120096289,LOC120096289,uncharacterized LOC120096289,Chr13: 68.293427,1.929,31.4,Chr13: 67.852024,-0.811,Chr13,68.293427,Chr13,67.852024,68.293427,67.852024,0.441402999999994,True,cis,False,True,True,cis,False,0.0763052208835341,0.1825750817722272,0.2906081059295164,Tier_2_Validate,Adipose,proximal,,,,,,,,,,,,,,,,,,,,,,,,,,,,,left_only,True,False,False,False,False,,tissue_specific,,,19.62432423718066
,,LOC103692969,,,,,,,,,,,,,,,,,,,,,,,,,,,11565.0,UNCHAR_LOC103692969,uncharacterized LOC103692969,Chr7: 127.913953,2.584,23.4,Chr7: 127.957104,0.81,Chr7,127.913953,Chr7,127.957104,127.913953,127.957104,0.0431509999999946,True,cis,False,True,True,cis,False,0.0218508997429305,0.0941043083900226,0.2405843228465336,Tier_2_Validate,Liver,promoter,right_only,False,True,False,False,False,,tissue_specific,,,19.623372913861346
,,Thbs1,,,,,,,,,,,,,,,,,,,,,,,,,,,30418.0,ENSRNOG00000045829,thrombospondin 1,Chr3: 105.056292,6.147,29.7,Chr3: 106.311986,-0.971,Chr3,105.056292,Chr3,106.311986,105.056292,106.311986,1.2556940000000054,True,cis,False,False,False,cis,False,0.0623393316195372,0.1245275888133031,0.3654034221514941,Tier_2_Validate,Liver,distal_cis,right_only,False,True,False,False,False,,tissue_specific,,,19.616136886059763
6772.0,ENSRNOG00000023299,Hfm1,helicase for meiosis 1,Chr14: 2.857250,2.99,26.2,Chr14: 6.432063,-0.684,Chr14,2.85725,Chr14,6.432063,2.85725,6.432063,3.574813,True,cis,False,False,False,cis,False,0.0414993306559571,0.1448111804936069,0.3652086789023474,Tier_2_Validate,Adipose,distal_cis,,,,,,,,,,,,,,,,,,,,,,,,,,,,,left_only,True,False,False,False,False,,tissue_specific,,,19.608347156093895
11635.0,UNCHAR_LOC103693477,LOC103693477,uncharacterized LOC103693477,Chr10: 100.321684,0.56,23.2,Chr10: 100.351953,0.51,Chr10,100.321684,Chr10,100.351953,100.321684,100.351953,0.0302689999999898,True,cis,False,True,True,cis,False,0.0214190093708165,0.0930716622063633,0.2400717350520129,Tier_2_Validate,Adipose,promoter,,,,,,,,,,,,,,,,,,,,,,,,,,,,,left_only,True,False,False,False,False,,tissue_specific,,,19.602869402080515
,,Actn3,,,,,,,,,,,,,,,,,,,,,,,,,,,251.0,ENSRNOG00000019745,actinin alpha 3,Chr1: 202.175011,1.013,33.1,Chr1: 204.059623,0.848,Chr1,202.175011,Chr1,204.059623,202.175011,204.059623,1.884611999999976,True,cis,False,False,False,cis,False,0.0841902313624678,0.1012849584278155,0.3649163164265991,Tier_2_Validate,Liver,distal_cis,right_only,False,True,False,False,False,,tissue_specific,,,19.596652657063963
11628.0,ENSRNOG00000091242,LOC103693415,uncharacterized LOC103693415,Chr10: 74.867604,4.611,23.1,Chr10: 74.961416,0.508,Chr10,74.867604,Chr10,74.961416,74.867604,74.961416,0.0938119999999997,True,cis,False,True,True,cis,False,0.0207496653279785,0.0924769550996134,0.2396293171496572,Tier_2_Validate,Adipose,promoter,,,,,,,,,,,,,,,,,,,,,,,,,,,,,left_only,True,False,False,False,False,,tissue_specific,,,19.585172685986286
,,LOC103692512,,,,,,,,,,,,,,,,,,,,,,,,,,,11510.0,UNCHAR_LOC103692512,uncharacterized LOC103692512,Chr5: 159.888453,4.894,42.0,Chr5: 159.179026,-0.917,Chr5,159.888453,Chr5,159.179026,159.888453,159.179026,0.7094270000000051,True,cis,False,True,True,cis,False,0.1413881748071979,0.11432350718065,0.2894990886957468,Tier_2_Validate,Liver,proximal,right_only,False,True,False,False,False,,tissue_specific,,,19.579963547829873
,,LOC120100663,,,,,,,,,,,,,,,,,,,,,,,,,,,18221.0,UNCHAR_LOC120100663,uncharacterized LOC120100663,Chr2: 22.057536,8.126,30.1,Chr2: 22.703777,-1.314,Chr2,22.057536,Chr2,22.703777,22.057536,22.703777,0.6462409999999998,True,cis,False,True,True,cis,False,0.0649100257069408,0.1893424036281179,0.2889883502672706,Tier_2_Validate,Liver,proximal,right_only,False,True,False,False,False,,tissue_specific,,,19.559534010690825
,,LOC120103561,,,,,,,,,,,,,,,,,,,,,,,,,,,20133.0,UNCHAR_LOC120103561,uncharacterized LOC120103561,Chr6: 98.790230,1.397,36.0,Chr6: 97.992218,1.111,Chr6,98.79023,Chr6,97.992218,98.79023,97.992218,0.7980119999999999,True,cis,False,True,True,cis,False,0.1028277634961439,0.1509826152683295,0.2888336325675658,Tier_2_Validate,Liver,proximal,right_only,False,True,False,False,False,,tissue_specific,,,19.55334530270263
16643.0,UNCHAR_LOC120098180,LOC120098180,uncharacterized LOC120098180,Chr18: 58.352724,0.803,22.3,Chr18: 58.367798,-0.512,Chr18,58.352724,Chr18,58.367798,58.352724,58.367798,0.0150739999999984,True,cis,False,True,True,cis,False,0.0153949129852744,0.0936663693131133,0.2381714488044357,Tier_2_Validate,Adipose,promoter,,,,,,,,,,,,,,,,,,,,,,,,,,,,,left_only,True,False,False,False,False,,tissue_specific,,,19.52685795217743
,,Syt2,,,,,,,,,,,,,,,,,,,,,,,,,,,29962.0,ENSRNOG00000004756,synaptotagmin 2,Chr13: 46.088045,1.866,31.7,Chr13: 47.428898,-0.863,Chr13,46.088045,Chr13,47.428898,46.088045,47.428898,1.3408529999999956,True,cis,False,False,False,cis,False,0.0751928020565552,0.1041194255479969,0.3627592796615932,Tier_2_Validate,Liver,distal_cis,right_only,False,True,False,False,False,,tissue_specific,,,19.51037118646373
,,LOC103691947,,,,,,,,,,,,,,,,,,,,,,,,,,,11427.0,UNCHAR_LOC103691947,uncharacterized LOC103691947,Chr3: 149.001315,3.461,24.7,Chr3: 149.009277,-0.719,Chr3,149.001315,Chr3,149.009277,149.001315,149.009277,0.007961999999992,True,cis,False,True,True,cis,False,0.0302056555269922,0.0769085411942554,0.2374899688524367,Tier_2_Validate,Liver,promoter,right_only,False,True,False,False,False,,tissue_specific,,,19.49959875409747
,,Slc49a3,,,,,,,,,,,,,,,,,,,,,,,,,,,28801.0,ENSRNOG00000023937,solute carrier family 49 member 3,Chr14: 1.305090,3.676,29.8,Chr14: 0.011848,-0.923,Chr14,1.30509,Chr14,0.011848,1.30509,0.011848,1.293242,True,cis,False,False,False,cis,False,0.0629820051413881,0.1154572940287226,0.3624537547095388,Tier_2_Validate,Liver,distal_cis,right_only,False,True,False,False,False,,tissue_specific,,,19.49815018838155
,,LOC120103010,,,,,,,,,,,,,,,,,,,,,,,,,,,19771.0,UNCHAR_LOC120103010,uncharacterized LOC120103010,Chr5: 148.365130,5.8,30.1,Chr5: 148.448833,0.526,Chr5,148.36513,Chr5,148.448833,148.36513,148.448833,0.083703000000014,True,cis,False,True,True,cis,False,0.0649100257069408,0.0404383975812547,0.2368719481508684,Tier_2_Validate,Liver,promoter,right_only,False,True,False,False,False,,tissue_specific,,,19.474877926034736
14322.0,ENSRNOG00000057331,LOC120094884,U1 spliceosomal RNA,Chr9: 1.931715,2.12,45.3,Chr6: 72.936638,1.178,Chr9,1.931715,Chr6,72.936638,1.931715,72.936638,inf,False,trans,False,False,True,trans_moderate,True,0.1693440428380187,0.2917038358608385,0.3613667575446,Tier_3_FlaggedInspect,Adipose,trans,,,,,,,,,,,,,,,,,,,,,,,,,,,,,left_only,True,False,False,False,False,,tissue_specific,,,19.454670301784
17316.0,UNCHAR_LOC120099121,LOC120099121,uncharacterized LOC120099121,Chr1: 47.741899,1.564,24.2,Chr1: 47.638592,-0.932,Chr1,47.741899,Chr1,47.638592,47.741899,47.638592,0.1033069999999938,True,cis,False,True,True,cis,False,0.0281124497991967,0.2185548617305977,0.2863335590354281,Tier_2_Validate,Adipose,proximal,,,,,,,,,,,,,,,,,,,,,,,,,,,,,left_only,True,False,False,False,False,,tissue_specific,,,19.453342361417125
10277.0,ENSRNOG00000090849,LOC102552389,uncharacterized LOC102552389,Chr15: 51.149509,3.926,38.0,Chr15: 50.896269,0.615,Chr15,51.149509,Chr15,50.896269,51.149509,50.896269,0.2532400000000052,True,cis,False,True,True,cis,False,0.1204819277108433,0.1242937853107344,0.2856714995575522,Tier_2_Validate,Adipose,proximal,,,,,,,,,,,,,,,,,,,,,,,,,,,,,left_only,True,False,False,False,False,,tissue_specific,,,19.42685998230209
18919.0,UNCHAR_LOC120101738,LOC120101738,uncharacterized LOC120101738,Chr3: 138.491425,1.174,33.3,Chr3: 138.348233,0.711,Chr3,138.491425,Chr3,138.348233,138.491425,138.348233,0.1431919999999991,True,cis,False,True,True,cis,False,0.0890227576974564,0.1528397264347309,0.2846518694462656,Tier_2_Validate,Adipose,proximal,,,,,,,,,,,,,,,,,,,,,,,,,,,,,left_only,True,False,False,False,False,,tissue_specific,,,19.386074777850624
26772.0,ENSRNOG00000042232,RGD1559600,RGD1559600,Chr1: 173.988757,4.527,25.0,Chr1: 172.059761,-0.656,Chr1,173.988757,Chr1,172.059761,173.988757,172.059761,1.928995999999984,True,cis,False,False,False,cis,False,0.0334672021419009,0.1364852809991079,0.3594833690993531,Tier_2_Validate,Adipose,distal_cis,,,,,,,,,,,,,,,,,,,,,,,,,,,,,left_only,True,False,False,False,False,,tissue_specific,,,19.37933476397412
31102.0,ENSRNOG00000013578,Trem2,triggering receptor expressed on myeloid cells 2,Chr9: 12.654189,7.526,25.1,Chr9: 13.818325,-0.653,Chr9,12.654189,Chr9,13.818325,12.654189,13.818325,1.1641359999999992,True,cis,False,False,False,cis,False,0.0341365461847389,0.135593220338983,0.3594054182833027,Tier_2_Validate,Adipose,distal_cis,,,,,,,,,,,,,,,,,,,,,,,,,,,,,left_only,True,False,False,False,False,,tissue_specific,,,19.376216731332107
,,LOC120094216,,,,,,,,,,,,,,,,,,,,,,,,,,,13847.0,UNCHAR_LOC120094216,uncharacterized LOC120094216,Chr8: 84.870784,2.376,35.3,Chr8: 84.736853,-1.065,Chr8,84.870784,Chr8,84.736853,84.870784,84.736853,0.133931000000004,True,cis,False,True,True,cis,False,0.0983290488431876,0.1422902494331065,0.284216754396703,Tier_2_Validate,Liver,proximal,right_only,False,True,False,False,False,,tissue_specific,,,19.36867017586812
10095.0,UNCHAR_LOC102551556,LOC102551556,uncharacterized LOC102551556,Chr12: 5.656672,1.628,20.1,Chr12: 5.581347,0.523,Chr12,5.656672,Chr12,5.581347,5.656672,5.581347,0.0753250000000003,True,cis,False,True,True,cis,False,0.000669344042838,0.0969372584002378,0.2341623108550765,Tier_2_Validate,Adipose,promoter,,,,,,,,,,,,,,,,,,,,,,,,,,,,,left_only,True,False,False,False,False,,tissue_specific,,,19.36649243420306
12991.0,UNCHAR_LOC108352981,LOC108352981,uncharacterized LOC108352981,Chr15: 97.809582,1.529,20.4,Chr15: 97.807893,-0.516,Chr15,97.809582,Chr15,97.807893,97.809582,97.807893,0.0016889999999989,True,cis,False,True,True,cis,False,0.002677376171352,0.0948557835266131,0.2341366058942878,Tier_2_Validate,Adipose,promoter,,,,,,,,,,,,,,,,,,,,,,,,,,,,,left_only,True,False,False,False,False,,tissue_specific,,,19.365464235771512
9642.0,UNCHAR_LOC102549543,LOC102549543,uncharacterized LOC102549543,Chr2: 233.826618,1.725,24.9,Chr2: 234.104746,0.895,Chr2,233.826618,Chr2,234.104746,233.826618,234.104746,0.2781280000000095,True,cis,False,True,True,cis,False,0.0327978580990629,0.207552780255724,0.2841227234241754,Tier_2_Validate,Adipose,proximal,,,,,,,,,,,,,,,,,,,,,,,,,,,,,left_only,True,False,False,False,False,,tissue_specific,,,19.364908936967016
12772.0,UNCHAR_LOC108352312,LOC108352312,uncharacterized LOC108352312,Chr11: 34.018286,4.631,36.7,Chr11: 33.611309,0.622,Chr11,34.018286,Chr11,33.611309,34.018286,33.611309,0.4069770000000048,True,cis,False,True,True,cis,False,0.1117804551539491,0.1263752601843592,0.2833545003684079,Tier_2_Validate,Adipose,proximal,,,,,,,,,,,,,,,,,,,,,,,,,,,,,left_only,True,False,False,False,False,,tissue_specific,,,19.33418001473632
,,LOC102553657,,,,,,,,,,,,,,,,,,,,,,,,,,,10530.0,ENSRNOG00000079739,uncharacterized LOC102553657,Chr1: 254.040656,3.25,20.7,Chr1: 254.116818,-0.787,Chr1,254.040656,Chr1,254.116818,254.040656,254.116818,0.0761619999999823,True,cis,False,True,True,cis,False,0.0044987146529562,0.0897581254724112,0.2329898940438786,Tier_2_Validate,Liver,promoter,right_only,False,True,False,False,False,,tissue_specific,,,19.319595761755146
11959.0,UNCHAR_LOC108348835,LOC108348835,uncharacterized LOC108348835,Chr18: 76.254355,5.104,36.2,Chr18: 77.007959,0.612,Chr18,76.254355,Chr18,77.007959,76.254355,77.007959,0.7536039999999957,True,cis,False,True,True,cis,False,0.108433734939759,0.1234017246506095,0.281142410856629,Tier_2_Validate,Adipose,proximal,,,,,,,,,,,,,,,,,,,,,,,,,,,,,left_only,True,False,False,False,False,,tissue_specific,,,19.24569643426516
,,Ptprn2,,,,,,,,,,,,,,,,,,,,,,,,,,,26189.0,ENSRNOG00000005003,"protein tyrosine phosphatase, receptor type N2",Chr6: 137.439571,2.849,28.0,Chr6: 134.141777,-0.887,Chr6,137.439571,Chr6,134.141777,137.439571,134.141777,3.2977940000000103,True,cis,False,False,False,cis,False,0.0514138817480719,0.1086545729402872,0.3560239591409257,Tier_2_Validate,Liver,distal_cis,right_only,False,True,False,False,False,,tissue_specific,,,19.240958365637027
27551.0,UNCHAR_Rpl12-ps2,Rpl12-ps2,"ribosomal protein L12, pseudogene 2",Chr2: 141.785084,5.048,88.4,Chr3: 16.490648,1.115,Chr2,141.785084,Chr3,16.490648,141.785084,16.490648,inf,False,trans,True,False,False,MEGA_EFFECT;PSEUDOGENE_TRANS,True,0.4578313253012048,0.2729705619982158,0.3557806605547972,Tier_3_FlaggedInspect,Adipose,trans,,,,,,,,,,,,,,,,,,,,,,,,,,,,,left_only,True,False,False,False,False,,tissue_specific,,,19.231226422191888
,,LOC120093196,,,,,,,,,,,,,,,,,,,,,,,,,,,13149.0,UNCHAR_LOC120093196,uncharacterized LOC120093196,Chr6: 10.846117,2.687,21.2,Chr6: 10.913570,-0.736,Chr6,10.846117,Chr6,10.91357,10.846117,10.91357,0.0674530000000004,True,cis,False,True,True,cis,False,0.0077120822622107,0.0801209372637944,0.2307415568341018,Tier_2_Validate,Liver,promoter,right_only,False,True,False,False,False,,tissue_specific,,,19.22966227336407
11893.0,UNCHAR_LOC108348536,LOC108348536,uncharacterized LOC108348536,Chr17: 20.255148,4.128,32.7,Chr17: 20.134771,-0.685,Chr17,20.255148,Chr17,20.134771,20.255148,20.134771,0.1203769999999977,True,cis,False,True,True,cis,False,0.0850066934404284,0.1451085340469818,0.2805403296205936,Tier_2_Validate,Adipose,proximal,,,,,,,,,,,,,,,,,,,,,,,,,,,,,left_only,True,False,False,False,False,,tissue_specific,,,19.221613184823745
20886.0,UNCHAR_Ly49si2,Ly49si2,immunoreceptor Ly49si2,Chr4: 163.845960,8.919,29.3,Chr4: 165.066174,0.521,Chr4,163.84596,Chr4,165.066174,163.84596,165.066174,1.2202139999999986,True,cis,False,False,False,cis,False,0.0622489959839357,0.0963425512934879,0.3555070415470983,Tier_2_Validate,Adipose,distal_cis,,,,,,,,,,,,,,,,,,,,,,,,,,,,,left_only,True,False,False,False,False,,tissue_specific,,,19.22028166188393
,,LOC120100841,,,,,,,,,,,,,,,,,,,,,,,,,,,18365.0,ENSRNOG00000063309,guanine nucleotide exchange factor MSS4-like,Chr2: 153.400399,4.169,28.7,Chr2: 154.418888,-0.851,Chr2,153.400399,Chr2,154.418888,153.400399,154.418888,1.0184890000000166,True,cis,False,False,True,cis,False,0.0559125964010282,0.1018518518518518,0.3552175568885081,Tier_2_Validate,Liver,distal_cis,right_only,False,True,False,False,False,,tissue_specific,,,19.208702275540325
10348.0,UNCHAR_LOC102552725,LOC102552725,uncharacterized LOC102552725,Chr11: 25.048702,9.11,45.3,Chr11: 25.911036,0.398,Chr11,25.048702,Chr11,25.911036,25.048702,25.911036,0.8623340000000006,True,cis,False,True,True,cis,False,0.1693440428380187,0.0597680642283675,0.2801892374732352,Tier_2_Validate,Adipose,proximal,,,,,,,,,,,,,,,,,,,,,,,,,,,,,left_only,True,False,False,False,False,,tissue_specific,,,19.20756949892941
12862.0,UNCHAR_LOC108352578,LOC108352578,uncharacterized LOC108352578,Chr13: 87.408928,6.018,36.0,Chr13: 87.830037,0.6,Chr13,87.408928,Chr13,87.830037,87.408928,87.830037,0.4211090000000013,True,cis,False,True,True,cis,False,0.107095046854083,0.11983348201011,0.2794249851024675,Tier_2_Validate,Adipose,proximal,,,,,,,,,,,,,,,,,,,,,,,,,,,,,left_only,True,False,False,False,False,,tissue_specific,,,19.1769994040987
16649.0,UNCHAR_LOC120098188,LOC120098188,uncharacterized LOC120098188,Chr18: 70.086768,1.946,30.7,Chr18: 70.329282,0.716,Chr18,70.086768,Chr18,70.329282,70.086768,70.329282,0.2425139999999999,True,cis,False,True,True,cis,False,0.071619812583668,0.1543264942016056,0.2790812073748457,Tier_2_Validate,Adipose,proximal,,,,,,,,,,,,,,,,,,,,,,,,,,,,,left_only,True,False,False,False,False,,tissue_specific,,,19.163248294993828
26807.0,UNCHAR_RGD1560124,RGD1560124,uncharacterized RGD1560124,ChrX: 117.621325,2.568,70.3,Chr20: 6.323102,-1.505,ChrX,117.621325,Chr20,6.323102,117.621325,6.323102,inf,False,trans,False,True,False,trans_moderate,True,0.3366800535475234,0.3889384478144513,0.3539664754766911,Tier_3_FlaggedInspect,Adipose,trans,,,,,,,,,,,,,,,,,,,,,,,,,,,,,left_only,True,False,False,False,False,,tissue_specific,,,19.158659019067642
16384.0,UNCHAR_LOC120097800,LOC120097800,thymosin beta-10-like,Chr17: 14.135653,6.495,59.4,Chr4: 105.344429,-0.789,Chr17,14.135653,Chr4,105.344429,14.135653,105.344429,inf,False,trans,False,False,True,trans_moderate,True,0.2637215528781794,0.176033303597978,0.353914199766655,Tier_3_FlaggedInspect,Adipose,trans,,,,,,,,,,,,,,,,,,,,,,,,,,,,,left_only,True,False,False,False,False,,tissue_specific,,,19.1565679906662
,,LOC102553540,,,,,,,,,,,,,,,,,,,,,,,,,,,10508.0,UNCHAR_LOC102553540,uncharacterized LOC102553540,Chr16: 56.801484,0.989,22.9,Chr16: 56.800466,-0.65,Chr16,56.801484,Chr16,56.800466,56.801484,56.800466,0.0010180000000019,True,cis,False,True,True,cis,False,0.018637532133676,0.063869992441421,0.228877633601284,Tier_2_Validate,Liver,promoter,right_only,False,True,False,False,False,,tissue_specific,,,19.15510534405136
10001.0,UNCHAR_LOC102551127,LOC102551127,uncharacterized LOC102551127,Chr8: 61.525399,6.274,20.0,Chr8: 61.531758,-0.474,Chr8,61.525399,Chr8,61.531758,61.525399,61.531758,0.0063590000000033,True,cis,False,True,True,cis,False,0.0,0.0823669342848646,0.2288284269997026,Tier_2_Validate,Adipose,promoter,,,,,,,,,,,,,,,,,,,,,,,,,,,,,left_only,True,False,False,False,False,,tissue_specific,,,19.153137079988106
,,Wdr90,,,,,,,,,,,,,,,,,,,,,,,,,,,32894.0,ENSRNOG00000020006,WD repeat domain 90,Chr10: 14.881284,5.818,22.6,Chr10: 11.228289,-1.035,Chr10,14.881284,Chr10,11.228289,14.881284,11.228289,3.6529950000000007,True,cis,False,False,False,cis,False,0.0167095115681234,0.1366213151927437,0.3536657893663034,Tier_2_Validate,Liver,distal_cis,right_only,False,True,False,False,False,,tissue_specific,,,19.146631574652133
12892.0,ENSRNOG00000057919,LOC108352704,uncharacterized LOC108352704,Chr14: 7.347218,3.702,30.1,Chr14: 7.500727,-0.723,Chr14,7.347218,Chr14,7.500727,7.347218,7.500727,0.1535090000000005,True,cis,False,True,True,cis,False,0.0676037483266399,0.1564079690752304,0.2784041010906546,Tier_2_Validate,Adipose,proximal,,,,,,,,,,,,,,,,,,,,,,,,,,,,,left_only,True,False,False,False,False,,tissue_specific,,,19.136164043626184
14431.0,UNCHAR_LOC120095044,LOC120095044,uncharacterized LOC120095044,Chr10: 12.899069,3.112,30.6,Chr10: 13.043610,0.709,Chr10,12.899069,Chr10,13.04361,12.899069,13.04361,0.1445409999999984,True,cis,False,True,True,cis,False,0.07095046854083,0.1522450193279809,0.2781184207540839,Tier_2_Validate,Adipose,proximal,,,,,,,,,,,,,,,,,,,,,,,,,,,,,left_only,True,False,False,False,False,,tissue_specific,,,19.124736830163357
20191.0,UNCHAR_LOC120103631,LOC120103631,uncharacterized LOC120103631,Chr6: 131.313677,0.784,32.9,Chr6: 131.511713,-0.656,Chr6,131.313677,Chr6,131.511713,131.313677,131.511713,0.1980359999999734,True,cis,False,True,True,cis,False,0.0863453815261044,0.1364852809991079,0.2779907318838243,Tier_2_Validate,Adipose,proximal,,,,,,,,,,,,,,,,,,,,,,,,,,,,,left_only,True,False,False,False,False,,tissue_specific,,,19.11962927535297
3518.0,ENSRNOG00000028319,Cryz,crystallin zeta,Chr2: 243.552043,6.215,33.9,Chr2: 242.456126,-0.387,Chr2,243.552043,Chr2,242.456126,243.552043,242.456126,1.0959169999999858,True,cis,False,False,False,cis,False,0.0930388219544846,0.0564971751412429,0.3523375989835046,Tier_2_Validate,Adipose,distal_cis,,,,,,,,,,,,,,,,,,,,,,,,,,,,,left_only,True,False,False,False,False,,tissue_specific,,,19.093503959340183
,,LOC120099949,,,,,,,,,,,,,,,,,,,,,,,,,,,17781.0,UNCHAR_LOC120099949,uncharacterized LOC120099949,Chr1: 191.161741,7.833,26.8,Chr1: 191.798296,-1.249,Chr1,191.161741,Chr1,191.798296,191.161741,191.798296,0.6365549999999871,True,cis,False,True,True,cis,False,0.0437017994858611,0.1770597127739985,0.2772665292909508,Tier_2_Validate,Liver,proximal,right_only,False,True,False,False,False,,tissue_specific,,,19.090661171638033
,,LOC100912066,,,,,,,,,,,,,,,,,,,,,,,,,,,8869.0,UNCHAR_LOC100912066,uncharacterized LOC100912066,Chr6: 22.373315,1.851,20.3,Chr6: 22.381910,0.708,Chr6,22.373315,Chr6,22.38191,22.373315,22.38191,0.0085949999999996,True,cis,False,True,True,cis,False,0.0019280205655527,0.0748299319727891,0.2268652833884196,Tier_2_Validate,Liver,promoter,right_only,False,True,False,False,False,,tissue_specific,,,19.074611335536783
27577.0,ENSRNOG00000086232,Rpl30,ribosomal protein L30,Chr7: 65.651400,10.446,30.3,Chr7: 67.388255,-0.461,Chr7,65.6514,Chr7,67.388255,65.6514,67.388255,1.7368550000000056,True,cis,False,False,False,cis,False,0.0689424364123159,0.0785013380909901,0.3516053210761571,Tier_2_Validate,Adipose,distal_cis,,,,,,,,,,,,,,,,,,,,,,,,,,,,,left_only,True,False,False,False,False,,tissue_specific,,,19.064212843046285
32625.0,ENSRNOG00000080833,Vom1r68,vomeronasal 1 receptor 68,Chr4: 86.380566,0.282,27.4,Chr4: 84.549955,0.526,Chr4,86.380566,Chr4,84.549955,86.380566,84.549955,1.8306110000000049,True,cis,False,False,False,cis,False,0.0495314591700133,0.0978293190603627,0.3515762723806316,Tier_2_Validate,Adipose,distal_cis,,,,,,,,,,,,,,,,,,,,,,,,,,,,,left_only,True,False,False,False,False,,tissue_specific,,,19.063050895225263
5433.0,UNCHAR_Fdxacb1,Fdxacb1,uncharacterized Fdxacb1,Chr8: 51.111830,6.645,27.8,Chr8: 51.101184,0.276,Chr8,51.11183,Chr8,51.101184,51.11183,51.101184,0.0106459999999941,True,cis,False,True,False,cis,False,0.0522088353413654,0.023490930716622,0.2264949181202956,Tier_2_Validate,Adipose,promoter,,,,,,,,,,,,,,,,,,,,,,,,,,,,,left_only,True,False,False,False,False,,tissue_specific,,,19.059796724811825
11167.0,UNCHAR_LOC103690066,LOC103690066,uncharacterized LOC103690066,Chr6: 101.227471,3.688,37.9,Chr6: 100.909467,-0.528,Chr6,101.227471,Chr6,100.909467,101.227471,100.909467,0.3180039999999877,True,cis,False,True,True,cis,False,0.1198125836680053,0.0984240261671127,0.2763828134422913,Tier_2_Validate,Adipose,proximal,,,,,,,,,,,,,,,,,,,,,,,,,,,,,left_only,True,False,False,False,False,,tissue_specific,,,19.055312537691652
27405.0,ENSRNOG00000056116,Rnu1-39,"RNA, U1 small nuclear 39",Chr3: 136.257920,1.758,47.1,Chr6: 72.936638,1.038,Chr3,136.25792,Chr6,72.936638,136.25792,72.936638,inf,False,trans,False,False,False,trans_moderate,True,0.1813922356091031,0.2500743383883437,0.3510133008991064,Tier_3_FlaggedInspect,Adipose,trans,,,,,,,,,,,,,,,,,,,,,,,,,,,,,left_only,True,False,False,False,False,,tissue_specific,,,19.040532035964254
9639.0,UNCHAR_LOC102549526,LOC102549526,uncharacterized LOC102549526,Chr4: 104.672362,6.775,38.7,Chr4: 104.785882,0.506,Chr4,104.672362,Chr4,104.785882,104.672362,104.785882,0.113519999999994,True,cis,False,True,True,cis,False,0.1251673360107095,0.0918822479928635,0.2759673544012505,Tier_2_Validate,Adipose,proximal,,,,,,,,,,,,,,,,,,,,,,,,,,,,,left_only,True,False,False,False,False,,tissue_specific,,,19.03869417605002
,,LOC304725,,,,,,,,,,,,,,,,,,,,,,,,,,,20236.0,UNCHAR_LOC304725,uncharacterized LOC304725,Chr13: 12.864306,1.419,34.5,Chr13: 12.697811,0.956,Chr13,12.864306,Chr13,12.697811,12.864306,12.697811,0.1664949999999994,True,cis,False,True,True,cis,False,0.0931876606683804,0.1216931216931216,0.2752082738265258,Tier_2_Validate,Liver,proximal,right_only,False,True,False,False,False,,tissue_specific,,,19.008330953061034
10994.0,UNCHAR_LOC102555924,LOC102555924,uncharacterized LOC102555924,Chr5: 24.077247,2.686,27.4,Chr5: 23.301841,0.753,Chr5,24.077247,Chr5,23.301841,24.077247,23.301841,0.7754060000000003,True,cis,False,True,True,cis,False,0.0495314591700133,0.1653285756764793,0.2752010121962724,Tier_2_Validate,Adipose,proximal,,,,,,,,,,,,,,,,,,,,,,,,,,,,,left_only,True,False,False,False,False,,tissue_specific,,,19.0080404878509
11196.0,UNCHAR_LOC103690438,LOC103690438,uncharacterized LOC103690438,Chr8: 80.710124,2.061,31.4,Chr8: 80.385780,0.659,Chr8,80.710124,Chr8,80.38578,80.710124,80.38578,0.3243439999999964,True,cis,False,True,True,cis,False,0.0763052208835341,0.1373773416592328,0.2747888968899684,Tier_2_Validate,Adipose,proximal,,,,,,,,,,,,,,,,,,,,,,,,,,,,,left_only,True,False,False,False,False,,tissue_specific,,,18.991555875598735
,,Serpinh1,,,,,,,,,,,,,,,,,,,,,,,,,,,28256.0,ENSRNOG00000016831,serpin family H member 1,Chr1: 153.650852,8.597,30.9,Chr1: 152.301954,-0.689,Chr1,153.650852,Chr1,152.301954,153.650852,152.301954,1.3488979999999913,True,cis,False,False,False,cis,False,0.070051413881748,0.0712396069538926,0.3494518572924743,Tier_2_Validate,Liver,distal_cis,right_only,False,True,False,False,False,,tissue_specific,,,18.978074291698974
9244.0,ENSRNOG00000078624,LOC102547718,uncharacterized LOC102547718,Chr2: 112.309534,2.669,30.4,Chr2: 111.374519,0.677,Chr2,112.309534,Chr2,111.374519,112.309534,111.374519,0.9350149999999928,True,cis,False,True,True,cis,False,0.0696117804551539,0.1427297056199821,0.2743195201262977,Tier_2_Validate,Adipose,proximal,,,,,,,,,,,,,,,,,,,,,,,,,,,,,left_only,True,False,False,False,False,,tissue_specific,,,18.972780805051908
17133.0,UNCHAR_LOC120098859,LOC120098859,uncharacterized LOC120098859,Chr20: 5.602499,5.067,34.0,Chr20: 4.680142,0.595,Chr20,5.602499,Chr20,4.680142,5.602499,4.680142,0.922357,True,cis,False,True,True,cis,False,0.0937081659973226,0.1183467142432352,0.2742192080841952,Tier_2_Validate,Adipose,proximal,,,,,,,,,,,,,,,,,,,,,,,,,,,,,left_only,True,False,False,False,False,,tissue_specific,,,18.968768323367808
9747.0,UNCHAR_LOC102550046,LOC102550046,uncharacterized LOC102550046,Chr2: 184.872001,3.659,28.0,Chr2: 185.404611,0.723,Chr2,184.872001,Chr2,185.404611,184.872001,185.404611,0.5326099999999769,True,cis,False,True,True,cis,False,0.0535475234270415,0.1564079690752304,0.2734844223757952,Tier_2_Validate,Adipose,proximal,,,,,,,,,,,,,,,,,,,,,,,,,,,,,left_only,True,False,False,False,False,,tissue_specific,,,18.939376895031806
23570.0,ENSRNOG00000007348,Or1i2,olfactory receptor family 1 subfamily I member 2,Chr7: 10.985937,0.434,25.4,Chr7: 9.302690,-0.54,Chr7,10.985937,Chr7,9.30269,10.985937,9.30269,1.6832469999999995,True,cis,False,False,False,cis,False,0.036144578313253,0.1019922688076122,0.3483478964923028,Tier_2_Validate,Adipose,distal_cis,,,,,,,,,,,,,,,,,,,,,,,,,,,,,left_only,True,False,False,False,False,,tissue_specific,,,18.933915859692114
,,Gtse1,,,,,,,,,,,,,,,,,,,,,,,,,,,6533.0,ENSRNOG00000016148,G-2 and S-phase expressed 1,Chr7: 116.949996,6.586,25.1,Chr7: 113.823396,-0.862,Chr7,116.949996,Chr7,113.823396,116.949996,113.823396,3.1265999999999963,True,cis,False,False,False,cis,False,0.0327763496143959,0.1039304610733182,0.3478473837406999,Tier_2_Validate,Liver,distal_cis,right_only,False,True,False,False,False,,tissue_specific,,,18.913895349627996
18904.0,UNCHAR_LOC120101717,LOC120101717,uncharacterized LOC120101717,Chr3: 129.961516,6.05,35.2,Chr3: 129.807011,0.554,Chr3,129.961516,Chr3,129.807011,129.961516,129.807011,0.1545050000000003,True,cis,False,True,True,cis,False,0.1017402945113788,0.1061552185548617,0.2727634295731842,Tier_2_Validate,Adipose,proximal,,,,,,,,,,,,,,,,,,,,,,,,,,,,,left_only,True,False,False,False,False,,tissue_specific,,,18.91053718292737
11019.0,UNCHAR_LOC102556051,LOC102556051,uncharacterized LOC102556051,Chr2: 32.535777,2.293,29.3,Chr2: 32.342678,-0.685,Chr2,32.535777,Chr2,32.342678,32.535777,32.342678,0.1930990000000036,True,cis,False,True,True,cis,False,0.0622489959839357,0.1451085340469818,0.2725751355108211,Tier_2_Validate,Adipose,proximal,,,,,,,,,,,,,,,,,,,,,,,,,,,,,left_only,True,False,False,False,False,,tissue_specific,,,18.90300542043284
3934.0,ENSRNOG00000013215,Dctd,dCMP deaminase,Chr16: 44.098653,5.703,29.4,Chr16: 40.235287,-0.441,Chr16,44.098653,Chr16,40.235287,44.098653,40.235287,3.863365999999999,True,cis,False,False,False,cis,False,0.0629183400267737,0.0725542670234909,0.3474154124675926,Tier_2_Validate,Adipose,distal_cis,,,,,,,,,,,,,,,,,,,,,,,,,,,,,left_only,True,False,False,False,False,,tissue_specific,,,18.896616498703704
17843.0,UNCHAR_LOC120100024,LOC120100024,uncharacterized LOC120100024,Chr1: 233.599641,7.516,42.1,Chr1: 233.311150,-0.393,Chr1,233.599641,Chr1,233.31115,233.599641,233.31115,0.2884909999999934,True,cis,False,True,True,cis,False,0.1479250334672021,0.0582812964614927,0.2721722154750432,Tier_2_Validate,Adipose,proximal,,,,,,,,,,,,,,,,,,,,,,,,,,,,,left_only,True,False,False,False,False,,tissue_specific,,,18.88688861900173
13114.0,UNCHAR_LOC120093142,LOC120093142,uncharacterized LOC120093142,Chr19: 13.772002,2.532,25.1,Chr19: 13.144002,-0.775,Chr19,13.772002,Chr19,13.144002,13.772002,13.144002,0.6280000000000001,True,cis,False,True,True,cis,False,0.0341365461847389,0.1718703538507285,0.2721024150124136,Tier_2_Validate,Adipose,proximal,,,,,,,,,,,,,,,,,,,,,,,,,,,,,left_only,True,False,False,False,False,,tissue_specific,,,18.884096600496544
9220.0,UNCHAR_LOC102547634,LOC102547634,uncharacterized LOC102547634,Chr7: 128.278671,2.646,29.6,Chr7: 128.577171,0.672,Chr7,128.278671,Chr7,128.577171,128.278671,128.577171,0.29849999999999,True,cis,False,True,True,cis,False,0.0642570281124498,0.1412429378531073,0.2719249880879449,Tier_2_Validate,Adipose,proximal,,,,,,,,,,,,,,,,,,,,,,,,,,,,,left_only,True,False,False,False,False,,tissue_specific,,,18.876999523517796
,,LOC103694321,,,,,,,,,,,,,,,,,,,,,,,,,,,11755.0,UNCHAR_LOC103694321,uncharacterized LOC103694321,Chr19: 31.057605,7.107,24.0,Chr19: 31.054896,0.507,Chr19,31.057605,Chr19,31.054896,31.057605,31.054896,0.0027089999999994,True,cis,False,True,True,cis,False,0.0257069408740359,0.0368480725623582,0.221894254702738,Tier_2_Validate,Liver,promoter,right_only,False,True,False,False,False,,tissue_specific,,,18.87577018810952
1116.0,ENSRNOG00000026937,Arsk,"arylsulfatase family, member K",Chr2: 5.631450,8.07,35.6,Chr2: 2.134674,-0.289,Chr2,5.63145,Chr2,2.134674,5.63145,2.134674,3.496776,True,cis,False,False,False,cis,False,0.1044176706827309,0.0273565269104965,0.3461209691576296,Tier_2_Validate,Adipose,distal_cis,,,,,,,,,,,,,,,,,,,,,,,,,,,,,left_only,True,False,False,False,False,,tissue_specific,,,18.844838766305184
25364.0,ENSRNOG00000010650,Plekhh1,"pleckstrin homology, MyTH4 and FERM domain containing H1",Chr6: 97.839287,7.426,31.3,Chr6: 96.297826,-0.382,Chr6,97.839287,Chr6,96.297826,97.839287,96.297826,1.5414609999999982,True,cis,False,False,False,cis,False,0.0756358768406961,0.0550104073743681,0.3457261994752725,Tier_2_Validate,Adipose,distal_cis,,,,,,,,,,,,,,,,,,,,,,,,,,,,,left_only,True,False,False,False,False,,tissue_specific,,,18.8290479790109
,,LOC102548820,,,,,,,,,,,,,,,,,,,,,,,,,,,9496.0,UNCHAR_LOC102548820,uncharacterized LOC102548820,Chr1: 180.915706,6.185,32.2,Chr1: 179.972680,-0.954,Chr1,180.915706,Chr1,179.97268,180.915706,179.97268,0.9430260000000033,True,cis,False,True,True,cis,False,0.0784061696658098,0.1213151927437641,0.2699024768433509,Tier_2_Validate,Liver,proximal,right_only,False,True,False,False,False,,tissue_specific,,,18.796099073734034
18271.0,UNCHAR_LOC120100722,LOC120100722,uncharacterized LOC120100722,Chr2: 51.874534,3.946,28.0,Chr2: 51.622148,0.687,Chr2,51.874534,Chr2,51.622148,51.874534,51.622148,0.2523859999999942,True,cis,False,True,True,cis,False,0.0535475234270415,0.1457032411537318,0.2697377676032706,Tier_2_Validate,Adipose,proximal,,,,,,,,,,,,,,,,,,,,,,,,,,,,,left_only,True,False,False,False,False,,tissue_specific,,,18.789510704130826
10107.0,UNCHAR_LOC102551595,LOC102551595,uncharacterized LOC102551595,Chr14: 31.025554,3.171,27.1,Chr14: 31.142847,0.684,Chr14,31.025554,Chr14,31.142847,31.025554,31.142847,0.117293,True,cis,False,True,True,cis,False,0.0475234270414993,0.1448111804936069,0.2673171126372872,Tier_2_Validate,Adipose,proximal,,,,,,,,,,,,,,,,,,,,,,,,,,,,,left_only,True,False,False,False,False,,tissue_specific,,,18.69268450549149
30583.0,ENSRNOG00000000033,Tmcc2,transmembrane and coiled-coil domain family 2,Chr13: 43.831715,7.431,48.9,Chr1: 231.862988,0.909,Chr13,43.831715,Chr1,231.862988,43.831715,231.862988,inf,False,trans,False,False,False,trans_moderate,True,0.1934404283801874,0.2117157300029735,0.3418046554341063,Tier_3_FlaggedInspect,Adipose,trans,,,,,,,,,,,,,,,,,,,,,,,,,,,,,left_only,True,False,False,False,False,,tissue_specific,,,18.672186217364253
19218.0,UNCHAR_LOC120102240,LOC120102240,uncharacterized LOC120102240,Chr4: 45.977979,4.103,20.5,Chr4: 46.045441,-0.341,Chr4,45.977979,Chr4,46.045441,45.977979,46.045441,0.067461999999999,True,cis,False,True,True,cis,False,0.00334672021419,0.0428189116859946,0.2161579711650647,Tier_2_Validate,Adipose,promoter,,,,,,,,,,,,,,,,,,,,,,,,,,,,,left_only,True,False,False,False,False,,tissue_specific,,,18.64631884660259
22688.0,ENSRNOG00000016653,Ngef,neuronal guanine nucleotide exchange factor,Chr9: 88.244453,5.627,24.5,Chr9: 86.985968,0.49,Chr9,88.244453,Chr9,86.985968,88.244453,86.985968,1.2584849999999932,True,cis,False,False,False,cis,False,0.0301204819277108,0.0871245911388641,0.3410357755733012,Tier_2_Validate,Adipose,distal_cis,,,,,,,,,,,,,,,,,,,,,,,,,,,,,left_only,True,False,False,False,False,,tissue_specific,,,18.64143102293205
,,LOC102547840,,,,,,,,,,,,,,,,,,,,,,,,,,,9266.0,UNCHAR_LOC102547840,uncharacterized LOC102547840,Chr9: 12.415348,5.992,20.0,Chr9: 12.406679,0.554,Chr9,12.415348,Chr9,12.406679,12.415348,12.406679,0.0086689999999993,True,cis,False,True,True,cis,False,0.0,0.04572940287226,0.216005291005291,Tier_2_Validate,Liver,promoter,right_only,False,True,False,False,False,,tissue_specific,,,18.64021164021164
,,Ugt2b-ps1,,,,,,,,,,,,,,,,,,,,,,,,,,,32320.0,UNCHAR_Ugt2b-ps1,"UDP glycosyltransferase 2 family, polypeptide B, pseudogene 1",Chr14: 20.717534,8.826,37.0,Chr14: 19.903596,0.731,Chr14,20.717534,Chr14,19.903596,20.717534,19.903596,0.8139380000000003,True,cis,True,False,False,cis,False,0.1092544987146529,0.0791761148904006,0.2659507147617688,Tier_2_Validate,Liver,proximal,right_only,False,True,False,False,False,,tissue_specific,,,18.638028590470753
12756.0,UNCHAR_LOC108352212,LOC108352212,uncharacterized LOC108352212,Chr10: 6.714466,2.25,26.0,Chr10: 7.033512,0.684,Chr10,6.714466,Chr10,7.033512,6.714466,7.033512,0.3190460000000001,True,cis,False,True,True,cis,False,0.0401606425702811,0.1448111804936069,0.2647401380723608,Tier_2_Validate,Adipose,proximal,,,,,,,,,,,,,,,,,,,,,,,,,,,,,left_only,True,False,False,False,False,,tissue_specific,,,18.58960552289443
,,LOC120101507,,,,,,,,,,,,,,,,,,,,,,,,,,,18748.0,UNCHAR_LOC120101507,uncharacterized LOC120101507,Chr3: 8.311241,2.952,31.9,Chr3: 8.470212,0.869,Chr3,8.311241,Chr3,8.470212,8.311241,8.470212,0.1589709999999993,True,cis,False,True,True,cis,False,0.076478149100257,0.1052532123960695,0.2636059765237143,Tier_2_Validate,Liver,proximal,right_only,False,True,False,False,False,,tissue_specific,,,18.544239060948573
,,LOC120103533,,,,,,,,,,,,,,,,,,,,,,,,,,,20108.0,UNCHAR_LOC120103533,uncharacterized LOC120103533,Chr6: 68.862837,2.506,27.6,Chr6: 69.282694,-1.011,Chr6,68.862837,Chr6,69.282694,68.862837,69.282694,0.4198570000000075,True,cis,False,True,True,cis,False,0.0488431876606683,0.1320861678004534,0.2633252744113926,Tier_2_Validate,Liver,proximal,right_only,False,True,False,False,False,,tissue_specific,,,18.533010976455703
,,LOC681182,,,,,,,,,,,,,,,,,,,,,,,,,,,20381.0,UNCHAR_LOC681182,uncharacterized LOC681182,Chr12: 18.081409,1.146,31.6,Chr12: 18.368308,-0.871,Chr12,18.081409,Chr12,18.368308,18.081409,18.368308,0.2868989999999982,True,cis,False,True,True,cis,False,0.0745501285347043,0.105631141345427,0.2630634444580459,Tier_2_Validate,Liver,proximal,right_only,False,True,False,False,False,,tissue_specific,,,18.522537778321837
,,LOC120093136,,,,,,,,,,,,,,,,,,,,,,,,,,,13111.0,UNCHAR_LOC120093136,uncharacterized LOC120093136,Chr9: 113.691782,4.847,27.9,Chr9: 113.311047,-0.996,Chr9,113.691782,Chr9,113.311047,113.691782,113.311047,0.3807350000000014,True,cis,False,True,True,cis,False,0.050771208226221,0.1292517006802721,0.2630080181172726,Tier_2_Validate,Liver,proximal,right_only,False,True,False,False,False,,tissue_specific,,,18.520320724690905
928.0,ENSRNOG00000013358,Aqp11,aquaporin 11,Chr1: 152.056674,5.17,25.1,Chr1: 150.456476,-0.447,Chr1,152.056674,Chr1,150.456476,152.056674,150.456476,1.6001979999999776,True,cis,False,False,False,cis,False,0.0341365461847389,0.0743383883437407,0.3379662270849679,Tier_2_Validate,Adipose,distal_cis,,,,,,,,,,,,,,,,,,,,,,,,,,,,,left_only,True,False,False,False,False,,tissue_specific,,,18.518649083398714
,,LOC120100740,,,,,,,,,,,,,,,,,,,,,,,,,,,18284.0,UNCHAR_LOC120100740,uncharacterized LOC120100740,Chr2: 59.601220,0.565,31.8,Chr2: 58.827052,-0.855,Chr2,59.60122,Chr2,58.827052,59.60122,58.827052,0.774167999999996,True,cis,False,True,True,cis,False,0.0758354755784061,0.1026077097505668,0.2624551148651406,Tier_2_Validate,Liver,proximal,right_only,False,True,False,False,False,,tissue_specific,,,18.498204594605625
,,LOC120093266,,,,,,,,,,,,,,,,,,,,,,,,,,,13200.0,UNCHAR_LOC120093266,uncharacterized LOC120093266,Chr6: 117.258674,0.667,27.3,Chr6: 117.663609,0.977,Chr6,117.258674,Chr6,117.663609,117.258674,117.663609,0.4049349999999947,True,cis,False,True,True,cis,False,0.0469151670951156,0.1256613756613756,0.260401789964772,Tier_2_Validate,Liver,proximal,right_only,False,True,False,False,False,,tissue_specific,,,18.41607159859088
9222.0,UNCHAR_LOC102547647,LOC102547647,uncharacterized LOC102547647,Chr2: 112.308363,1.468,24.3,Chr2: 112.752818,0.677,Chr2,112.308363,Chr2,112.752818,112.308363,112.752818,0.4444550000000049,True,cis,False,True,True,cis,False,0.0287817938420348,0.1427297056199821,0.260029024811706,Tier_2_Validate,Adipose,proximal,,,,,,,,,,,,,,,,,,,,,,,,,,,,,left_only,True,False,False,False,False,,tissue_specific,,,18.401160992468238
10807.0,ENSRNOG00000071122,LOC102555043,uncharacterized LOC102555043,Chr13: 102.802660,2.883,48.2,Chr13: 101.534140,-0.856,Chr13,102.80266,Chr13,101.53414,102.80266,101.53414,1.2685200000000094,True,cis,False,True,True,cis,False,0.1887550200803213,0.1959559916741005,0.3346488541140476,Tier_2_Validate,Adipose,distal_cis,,,,,,,,,,,,,,,,,,,,,,,,,,,,,left_only,True,False,False,False,False,,tissue_specific,,,18.385954164561902
26650.0,ENSRNOG00000001001,Retn,resistin,Chr12: 1.710880,11.142,23.9,Chr12: 0.093589,-0.439,Chr12,1.71088,Chr12,0.093589,1.71088,0.093589,1.617291,True,cis,False,False,False,cis,False,0.0261044176706827,0.071959559916741,0.3343223921555983,Tier_2_Validate,Adipose,distal_cis,,,,,,,,,,,,,,,,,,,,,,,,,,,,,left_only,True,False,False,False,False,,tissue_specific,,,18.37289568622393
7470.0,ENSRNOG00000036758,Iqck,IQ motif containing K,Chr1: 173.199307,6.876,25.5,Chr1: 171.981360,-0.402,Chr1,173.199307,Chr1,171.98136,173.199307,171.98136,1.2179470000000094,True,cis,False,False,False,cis,False,0.036813922356091,0.0609574784418673,0.3342199902792854,Tier_2_Validate,Adipose,distal_cis,,,,,,,,,,,,,,,,,,,,,,,,,,,,,left_only,True,False,False,False,False,,tissue_specific,,,18.368799611171415
12895.0,ENSRNOG00000083207,LOC108352708,uncharacterized LOC108352708,Chr14: 8.676818,0.617,26.7,Chr14: 8.355606,0.614,Chr14,8.676818,Chr14,8.355606,8.676818,8.355606,0.3212120000000009,True,cis,False,True,True,cis,False,0.0448460508701472,0.1239964317573595,0.2590948689196274,Tier_2_Validate,Adipose,proximal,,,,,,,,,,,,,,,,,,,,,,,,,,,,,left_only,True,False,False,False,False,,tissue_specific,,,18.363794756785097
17896.0,UNCHAR_LOC120100100,LOC120100100,uncharacterized LOC120100100,Chr1: 49.223034,5.3,36.1,Chr1: 49.931211,0.395,Chr1,49.223034,Chr1,49.931211,49.223034,49.931211,0.7081769999999992,True,cis,False,True,True,cis,False,0.107764390896921,0.0588760035682426,0.2583241380628073,Tier_2_Validate,Adipose,proximal,,,,,,,,,,,,,,,,,,,,,,,,,,,,,left_only,True,False,False,False,False,,tissue_specific,,,18.332965522512293
20372.0,UNCHAR_LOC680920,LOC680920,uncharacterized LOC680920,Chr9: 12.843541,3.764,23.8,Chr9: 13.817495,0.663,Chr9,12.843541,Chr9,13.817495,12.843541,13.817495,0.9739539999999992,True,cis,False,True,True,cis,False,0.0254350736278447,0.1385667558727326,0.2574006403252021,Tier_2_Validate,Adipose,proximal,,,,,,,,,,,,,,,,,,,,,,,,,,,,,left_only,True,False,False,False,False,,tissue_specific,,,18.296025613008084
9366.0,UNCHAR_LOC102548271,LOC102548271,uncharacterized LOC102548271,Chr1: 167.901538,2.913,22.9,Chr1: 167.631608,-0.682,Chr1,167.901538,Chr1,167.631608,167.901538,167.631608,0.269929999999988,True,cis,False,True,True,cis,False,0.0194109772423025,0.1442164733868569,0.2572696077202058,Tier_2_Validate,Adipose,proximal,,,,,,,,,,,,,,,,,,,,,,,,,,,,,left_only,True,False,False,False,False,,tissue_specific,,,18.29078430880823
225.0,ENSRNOG00000042084,Acsm1,acyl-CoA synthetase medium-chain family member 1,Chr1: 173.985714,7.964,21.0,Chr1: 177.193526,0.479,Chr1,173.985714,Chr1,177.193526,173.985714,177.193526,3.20781199999999,True,cis,False,False,False,cis,False,0.0066934404283801,0.0838537020517395,0.3316914998680419,Tier_2_Validate,Adipose,distal_cis,,,,,,,,,,,,,,,,,,,,,,,,,,,,,left_only,True,False,False,False,False,,tissue_specific,,,18.267659994721676
9273.0,UNCHAR_LOC102547860,LOC102547860,uncharacterized LOC102547860,Chr14: 71.756169,1.763,20.6,Chr14: 72.131931,-0.728,Chr14,71.756169,Chr14,72.131931,71.756169,72.131931,0.3757619999999946,True,cis,False,True,True,cis,False,0.0040160642570281,0.1578947368421052,0.2566687803846966,Tier_2_Validate,Adipose,proximal,,,,,,,,,,,,,,,,,,,,,,,,,,,,,left_only,True,False,False,False,False,,tissue_specific,,,18.266751215387863
9412.0,UNCHAR_LOC102548458,LOC102548458,uncharacterized LOC102548458,Chr15: 16.527902,0.744,24.4,Chr15: 16.121154,0.64,Chr15,16.527902,Chr15,16.121154,16.527902,16.121154,0.4067480000000003,True,cis,False,True,True,cis,False,0.0294511378848728,0.1317276241451085,0.2564125667104935,Tier_2_Validate,Adipose,proximal,,,,,,,,,,,,,,,,,,,,,,,,,,,,,left_only,True,False,False,False,False,,tissue_specific,,,18.256502668419742
15773.0,UNCHAR_LOC120096929,LOC120096929,uncharacterized LOC120096929,Chr15: 16.678122,3.28,22.5,Chr15: 16.121154,0.68,Chr15,16.678122,Chr15,16.121154,16.678122,16.121154,0.5569679999999977,True,cis,False,True,True,cis,False,0.0167336010709504,0.143621766280107,0.2561243785728702,Tier_2_Validate,Adipose,proximal,,,,,,,,,,,,,,,,,,,,,,,,,,,,,left_only,True,False,False,False,False,,tissue_specific,,,18.244975142914807
12347.0,ENSRNOG00000071705,LOC108350763,uncharacterized LOC108350763,Chr4: 161.303794,1.703,25.1,Chr4: 161.826359,0.62,Chr4,161.303794,Chr4,161.826359,161.303794,161.826359,0.522564999999986,True,cis,False,True,True,cis,False,0.0341365461847389,0.1257805530776092,0.2559709847418219,Tier_2_Validate,Adipose,proximal,,,,,,,,,,,,,,,,,,,,,,,,,,,,,left_only,True,False,False,False,False,,tissue_specific,,,18.238839389672876
,,LOC120095880,,,,,,,,,,,,,,,,,,,,,,,,,,,15047.0,UNCHAR_LOC120095880,uncharacterized LOC120095880,Chr12: 5.871914,2.907,25.1,Chr12: 5.581347,-0.976,Chr12,5.871914,Chr12,5.581347,5.871914,5.581347,0.2905670000000002,True,cis,False,True,True,cis,False,0.0327763496143959,0.1254724111866968,0.2553870662803825,Tier_2_Validate,Liver,proximal,right_only,False,True,False,False,False,,tissue_specific,,,18.2154826512153
9514.0,UNCHAR_LOC102548908,LOC102548908,uncharacterized LOC102548908,Chr13: 40.335040,6.683,26.0,Chr13: 40.507666,-0.589,Chr13,40.33504,Chr13,40.507666,40.33504,40.507666,0.172626000000001,True,cis,False,True,True,cis,False,0.0401606425702811,0.1165625929229854,0.2548531324226433,Tier_2_Validate,Adipose,proximal,,,,,,,,,,,,,,,,,,,,,,,,,,,,,left_only,True,False,False,False,False,,tissue_specific,,,18.19412529690573
12071.0,UNCHAR_LOC108349479,LOC108349479,uncharacterized LOC108349479,Chr9: 114.137655,4.865,25.2,Chr9: 113.311047,-0.6,Chr9,114.137655,Chr9,113.311047,114.137655,113.311047,0.8266079999999931,True,cis,False,True,True,cis,False,0.0348058902275769,0.11983348201011,0.2541237802831905,Tier_2_Validate,Adipose,proximal,,,,,,,,,,,,,,,,,,,,,,,,,,,,,left_only,True,False,False,False,False,,tissue_specific,,,18.16495121132762
19216.0,UNCHAR_LOC120102238,LOC120102238,uncharacterized LOC120102238,Chr4: 45.365271,3.861,27.4,Chr4: 45.559864,0.548,Chr4,45.365271,Chr4,45.559864,45.365271,45.559864,0.1945929999999975,True,cis,False,True,True,cis,False,0.0495314591700133,0.1043710972346119,0.2538658947416189,Tier_2_Validate,Adipose,proximal,,,,,,,,,,,,,,,,,,,,,,,,,,,,,left_only,True,False,False,False,False,,tissue_specific,,,18.154635789664756
,,LOC498300,,,,,,,,,,,,,,,,,,,,,,,,,,,20267.0,UNCHAR_LOC498300,uncharacterized LOC498300,Chr13: 92.772653,4.73,28.3,Chr13: 93.080372,0.842,Chr13,92.772653,Chr13,93.080372,92.772653,93.080372,0.3077189999999916,True,cis,False,True,True,cis,False,0.0533419023136246,0.100151171579743,0.2537225758626786,Tier_2_Validate,Liver,proximal,right_only,False,True,False,False,False,,tissue_specific,,,18.148903034507143
11195.0,UNCHAR_LOC103690435,LOC103690435,uncharacterized LOC103690435,Chr8: 76.902527,2.464,27.8,Chr8: 76.393685,-0.531,Chr8,76.902527,Chr8,76.393685,76.902527,76.393685,0.5088420000000013,True,cis,False,True,True,cis,False,0.0522088353413654,0.0993160868272376,0.253033722759011,Tier_2_Validate,Adipose,proximal,,,,,,,,,,,,,,,,,,,,,,,,,,,,,left_only,True,False,False,False,False,,tissue_specific,,,18.12134891036044
10569.0,UNCHAR_LOC102553843,LOC102553843,uncharacterized LOC102553843,Chr10: 35.892523,4.485,30.4,Chr10: 35.142813,0.472,Chr10,35.892523,Chr10,35.142813,35.892523,35.142813,0.7497100000000003,True,cis,False,True,True,cis,False,0.0696117804551539,0.0817722271781147,0.252984402671644,Tier_2_Validate,Adipose,proximal,,,,,,,,,,,,,,,,,,,,,,,,,,,,,left_only,True,False,False,False,False,,tissue_specific,,,18.11937610686576
15089.0,UNCHAR_LOC120095939,LOC120095939,uncharacterized LOC120095939,Chr12: 27.653879,0.811,27.7,Chr12: 27.530090,0.532,Chr12,27.653879,Chr12,27.53009,27.653879,27.53009,0.1237889999999986,True,cis,False,True,True,cis,False,0.0515394912985274,0.0996134403806125,0.252903526087699,Tier_2_Validate,Adipose,proximal,,,,,,,,,,,,,,,,,,,,,,,,,,,,,left_only,True,False,False,False,False,,tissue_specific,,,18.11614104350796
440.0,ENSRNOG00000018830,Aff3,ALF transcription elongation factor 3,Chr9: 40.856715,8.185,25.2,Chr9: 39.421822,-0.346,Chr9,40.856715,Chr9,39.421822,40.856715,39.421822,1.4348930000000024,True,cis,False,False,False,cis,False,0.0348058902275769,0.0443056794528694,0.3276890493881562,Tier_2_Validate,Adipose,distal_cis,,,,,,,,,,,,,,,,,,,,,,,,,,,,,left_only,True,False,False,False,False,,tissue_specific,,,18.107561975526245
9226.0,UNCHAR_LOC102547662,LOC102547662,uncharacterized LOC102547662,Chr6: 70.687393,3.326,22.6,Chr6: 70.970136,0.644,Chr6,70.687393,Chr6,70.970136,70.687393,70.970136,0.2827429999999964,True,cis,False,True,True,cis,False,0.0174029451137884,0.1329170383586083,0.2526119942153389,Tier_2_Validate,Adipose,proximal,,,,,,,,,,,,,,,,,,,,,,,,,,,,,left_only,True,False,False,False,False,,tissue_specific,,,18.104479768613558
10698.0,UNCHAR_LOC102554479,LOC102554479,uncharacterized LOC102554479,Chr3: 163.896383,7.45,37.3,Chr3: 164.153483,-0.307,Chr3,163.896383,Chr3,164.153483,163.896383,164.153483,0.2571000000000083,True,cis,False,True,True,cis,False,0.1157965194109772,0.0327088908712459,0.251976893598778,Tier_2_Validate,Adipose,proximal,,,,,,,,,,,,,,,,,,,,,,,,,,,,,left_only,True,False,False,False,False,,tissue_specific,,,18.079075743951122
23014.0,ENSRNOG00000000546,Nt5dc1,5'-nucleotidase domain containing 1,Chr20: 38.208612,8.101,28.7,Chr20: 37.180412,-0.26,Chr20,38.208612,Chr20,37.180412,38.208612,37.180412,1.028200000000005,True,cis,False,False,False,cis,False,0.0582329317269076,0.0187332738626226,0.3269381719563356,Tier_2_Validate,Adipose,distal_cis,,,,,,,,,,,,,,,,,,,,,,,,,,,,,left_only,True,False,False,False,False,,tissue_specific,,,18.077526878253423
3078.0,ENSRNOG00000008806,Clip4,"CAP-GLY domain containing linker protein family, member 4",Chr6: 23.697624,6.448,21.2,Chr6: 24.757879,0.427,Chr6,23.697624,Chr6,24.757879,23.697624,24.757879,1.060254999999998,True,cis,False,False,False,cis,False,0.0080321285140562,0.0683913172762414,0.3267482060266042,Tier_2_Validate,Adipose,distal_cis,,,,,,,,,,,,,,,,,,,,,,,,,,,,,left_only,True,False,False,False,False,,tissue_specific,,,18.06992824106417
,,LOC102553885,,,,,,,,,,,,,,,,,,,,,,,,,,,10582.0,UNCHAR_LOC102553885,uncharacterized LOC102553885,Chr4: 83.693167,0.496,31.7,Chr4: 83.871948,0.693,Chr4,83.693167,Chr4,83.871948,83.693167,83.871948,0.1787810000000007,True,cis,False,True,True,cis,False,0.0751928020565552,0.0719954648526077,0.251515893418207,Tier_2_Validate,Liver,proximal,right_only,False,True,False,False,False,,tissue_specific,,,18.06063573672828
,,Tcaf2c,,,,,,,,,,,,,,,,,,,,,,,,,,,30190.0,ENSRNOG00000066894,TRPM8 channel associated factor 2C,Chr4: 71.567819,5.653,23.9,Chr4: 73.586885,0.576,Chr4,71.567819,Chr4,73.586885,71.567819,73.586885,2.019065999999995,True,cis,False,False,False,cis,False,0.025064267352185,0.0498866213151927,0.3262328110335822,Tier_2_Validate,Liver,distal_cis,right_only,False,True,False,False,False,,tissue_specific,,,18.04931244134329
26813.0,ENSRNOG00000030494,RGD1560263,nuclear receptor binding factor 2 like 1,Chr2: 182.256610,4.075,20.8,Chr2: 183.467150,0.426,Chr2,182.25661,Chr2,183.46715,182.25661,183.46715,1.2105400000000088,True,cis,False,False,False,cis,False,0.0053547523427041,0.0680939637228664,0.3257070506229497,Tier_2_Validate,Adipose,distal_cis,,,,,,,,,,,,,,,,,,,,,,,,,,,,,left_only,True,False,False,False,False,,tissue_specific,,,18.02828202491799
,,St3gal5,,,,,,,,,,,,,,,,,,,,,,,,,,,29663.0,ENSRNOG00000010284,"ST3 beta-galactoside alpha-2,3-sialyltransferase 5",Chr4: 104.134612,7.885,26.9,Chr4: 103.109818,0.463,Chr4,104.134612,Chr4,103.109818,104.134612,103.109818,1.024794,True,cis,False,False,False,cis,False,0.044344473007712,0.0285336356764928,0.3255073380394717,Tier_2_Validate,Liver,distal_cis,right_only,False,True,False,False,False,,tissue_specific,,,18.020293521578868
11608.0,UNCHAR_LOC103693208,LOC103693208,uncharacterized LOC103693208,Chr14: 94.674846,2.339,23.6,Chr14: 94.966000,0.599,Chr14,94.674846,Chr14,94.966,94.674846,94.966,0.2911539999999917,True,cis,False,True,True,cis,False,0.0240963855421686,0.119536128456735,0.2502713798996163,Tier_2_Validate,Adipose,proximal,,,,,,,,,,,,,,,,,,,,,,,,,,,,,left_only,True,False,False,False,False,,tissue_specific,,,18.010855195984654
20438.0,UNCHAR_LOC685275,LOC685275,uncharacterized LOC685275,Chr12: 18.651871,0.86,23.8,Chr12: 19.032032,-0.593,Chr12,18.651871,Chr12,19.032032,18.651871,19.032032,0.3801610000000011,True,cis,False,True,True,cis,False,0.0254350736278447,0.1177520071364852,0.2501154782675155,Tier_2_Validate,Adipose,proximal,,,,,,,,,,,,,,,,,,,,,,,,,,,,,left_only,True,False,False,False,False,,tissue_specific,,,18.00461913070062
1879.0,UNCHAR_C7h12orf40,C7h12orf40,uncharacterized C7h12orf40,Chr7: 122.318494,1.313,21.7,Chr7: 122.518166,-0.64,Chr7,122.318494,Chr7,122.518166,122.318494,122.518166,0.1996719999999925,True,cis,False,True,False,cis,False,0.0113788487282463,0.1317276241451085,0.2500872655056741,Tier_2_Validate,Adipose,proximal,,,,,,,,,,,,,,,,,,,,,,,,,,,,,left_only,True,False,False,False,False,,tissue_specific,,,18.003490620226962
,,LOC102547959,,,,,,,,,,,,,,,,,,,,,,,,,,,9295.0,UNCHAR_LOC102547959,uncharacterized LOC102547959,Chr6: 33.959547,2.453,21.6,Chr6: 33.759201,-1.014,Chr6,33.959547,Chr6,33.759201,33.959547,33.759201,0.2003460000000032,True,cis,False,True,True,cis,False,0.0102827763496144,0.1326530612244898,0.2500275431509364,Tier_2_Validate,Liver,proximal,right_only,False,True,False,False,False,,tissue_specific,,,18.001101726037454
8885.0,UNCHAR_LOC100912259,LOC100912259,uncharacterized LOC100912259,Chr4: 169.702734,3.122,23.7,Chr4: 169.309327,0.591,Chr4,169.702734,Chr4,169.309327,169.702734,169.309327,0.3934069999999963,True,cis,False,True,True,cis,False,0.0247657295850066,0.1171573000297353,0.2496730603651597,Tier_2_Validate,Adipose,proximal,,,,,,,,,,,,,,,,,,,,,,,,,,,,,left_only,True,False,False,False,False,,tissue_specific,,,17.98692241460639
,,LOC120102953,,,,,,,,,,,,,,,,,,,,,,,,,,,19719.0,UNCHAR_LOC120102953,uncharacterized LOC120102953,Chr5: 129.021086,16.098,30.8,Chr5: 128.754736,0.695,Chr5,129.021086,Chr5,128.754736,129.021086,128.754736,0.2663499999999885,True,cis,False,True,True,cis,False,0.0694087403598971,0.0723733938019652,0.2496237469566518,Tier_2_Validate,Liver,proximal,right_only,False,True,False,False,False,,tissue_specific,,,17.98494987826607
14927.0,UNCHAR_LOC120095700,LOC120095700,uncharacterized LOC120095700,Chr11: 81.025576,1.743,20.6,Chr11: 80.490505,0.66,Chr11,81.025576,Chr11,80.490505,81.025576,80.490505,0.5350710000000021,True,cis,False,True,True,cis,False,0.0040160642570281,0.1376746952126078,0.2495917658143726,Tier_2_Validate,Adipose,proximal,,,,,,,,,,,,,,,,,,,,,,,,,,,,,left_only,True,False,False,False,False,,tissue_specific,,,17.983670632574903
20102.0,UNCHAR_LOC120103526,LOC120103526,uncharacterized LOC120103526,Chr6: 61.275175,3.768,29.6,Chr6: 61.158879,-0.456,Chr6,61.275175,Chr6,61.158879,61.275175,61.158879,0.1162959999999984,True,cis,False,True,True,cis,False,0.0642570281124498,0.0770145703241153,0.2494450594527978,Tier_2_Validate,Adipose,proximal,,,,,,,,,,,,,,,,,,,,,,,,,,,,,left_only,True,False,False,False,False,,tissue_specific,,,17.97780237811191
27122.0,UNCHAR_RGD1566006,RGD1566006,uncharacterized RGD1566006,Chr12: 17.732680,3.926,45.8,Chr12: 19.031953,0.811,Chr12,17.73268,Chr12,19.031953,17.73268,19.031953,1.299273000000003,True,cis,False,True,False,cis,False,0.1726907630522088,0.1825750817722272,0.3243430456885526,Tier_2_Validate,Adipose,distal_cis,,,,,,,,,,,,,,,,,,,,,,,,,,,,,left_only,True,False,False,False,False,,tissue_specific,,,17.973721827542104
,,Msl3l2,,,,,,,,,,,,,,,,,,,,,,,,,,,22118.0,ENSRNOG00000000801,male-specific lethal 3-like 2,Chr20: 35.468876,4.65,22.6,Chr20: 34.008046,0.59,Chr20,35.468876,Chr20,34.008046,35.468876,34.008046,1.4608300000000014,True,cis,False,False,False,cis,False,0.0167095115681234,0.0525321239606953,0.3242345724350866,Tier_2_Validate,Liver,distal_cis,right_only,False,True,False,False,False,,tissue_specific,,,17.969382897403463
,,Shisal1,,,,,,,,,,,,,,,,,,,,,,,,,,,28412.0,UNCHAR_Shisal1,uncharacterized Shisal1,Chr7: 115.611517,2.378,26.2,Chr7: 116.128108,0.84,Chr7,115.611517,Chr7,116.128108,115.611517,116.128108,0.5165909999999911,True,cis,False,True,False,cis,False,0.0398457583547557,0.0997732426303854,0.2488666503447994,Tier_2_Validate,Liver,proximal,right_only,False,True,False,False,False,,tissue_specific,,,17.95466601379198
,,Cesl1,,,,,,,,,,,,,,,,,,,,,,,,,,,2727.0,ENSRNOG00000079343,carboxylesterase-like 1,Chr19: 23.006328,10.827,23.6,Chr19: 21.826390,-0.54,Chr19,23.006328,Chr19,21.82639,23.006328,21.82639,1.179938,True,cis,False,False,False,cis,False,0.0231362467866324,0.0430839002267573,0.3231770514546864,Tier_2_Validate,Liver,distal_cis,right_only,False,True,False,False,False,,tissue_specific,,,17.927082058187455
,,LOC100910809,,,,,,,,,,,,,,,,,,,,,,,,,,,8779.0,UNCHAR_LOC100910809,uncharacterized LOC100910809,Chr6: 9.789421,5.463,29.4,Chr6: 10.388999,-0.709,Chr6,9.789421,Chr6,10.388999,9.789421,10.388999,0.5995779999999993,True,cis,False,True,True,cis,False,0.0604113110539845,0.0750188964474678,0.2474005726255083,Tier_2_Validate,Liver,proximal,right_only,False,True,False,False,False,,tissue_specific,,,17.89602290502033
30327.0,ENSRNOG00000036670,Tex19.1,testis expressed 19.1,Chr10: 106.420244,0.253,22.2,Chr10: 103.365367,0.356,Chr10,106.420244,Chr10,103.365367,106.420244,103.365367,3.0548769999999905,True,cis,False,False,False,cis,False,0.0147255689424364,0.047279214986619,0.3217016743751694,Tier_2_Validate,Adipose,distal_cis,,,,,,,,,,,,,,,,,,,,,,,,,,,,,left_only,True,False,False,False,False,,tissue_specific,,,17.868066975006776
,,Mocos,,,,,,,,,,,,,,,,,,,,,,,,,,,21888.0,ENSRNOG00000015113,molybdenum cofactor sulfurase,Chr18: 15.931658,8.254,21.7,Chr18: 17.711447,0.58,Chr18,15.931658,Chr18,17.711447,15.931658,17.711447,1.7797889999999992,True,cis,False,False,False,cis,False,0.0109254498714652,0.0506424792139077,0.3215487751798805,Tier_2_Validate,Liver,distal_cis,right_only,False,True,False,False,False,,tissue_specific,,,17.86195100719522
,,LOC102556643,,,,,,,,,,,,,,,,,,,,,,,,,,,11107.0,UNCHAR_LOC102556643,uncharacterized LOC102556643,Chr2: 51.929152,1.189,22.8,Chr2: 52.096109,0.92,Chr2,51.929152,Chr2,52.096109,51.929152,52.096109,0.1669569999999964,True,cis,False,True,True,cis,False,0.0179948586118251,0.1148904006046863,0.246509840725779,Tier_2_Validate,Liver,proximal,right_only,False,True,False,False,False,,tissue_specific,,,17.860393629031158
,,LOC120093086,,,,,,,,,,,,,,,,,,,,,,,,,,,13082.0,UNCHAR_LOC120093086,uncharacterized LOC120093086,Chr9: 6.962603,9.61,28.1,Chr9: 7.458792,-0.731,Chr9,6.962603,Chr9,7.458792,6.962603,7.458792,0.4961890000000002,True,cis,False,True,True,cis,False,0.0520565552699228,0.0791761148904006,0.2459314345561132,Tier_2_Validate,Liver,proximal,right_only,False,True,False,False,False,,tissue_specific,,,17.837257382244527
14886.0,UNCHAR_LOC120095656,LOC120095656,uncharacterized LOC120095656,Chr11: 50.881940,2.622,22.2,Chr11: 51.061971,-0.588,Chr11,50.88194,Chr11,51.061971,50.88194,51.061971,0.1800309999999996,True,cis,False,True,True,cis,False,0.0147255689424364,0.1162652393696104,0.2458467829092164,Tier_2_Validate,Adipose,proximal,,,,,,,,,,,,,,,,,,,,,,,,,,,,,left_only,True,False,False,False,False,,tissue_specific,,,17.833871316368658
503.0,UNCHAR_Ahsp,Ahsp,alpha hemoglobin stabilizing protein,Chr1: 182.879900,3.725,34.2,Chr1: 231.862988,1.03,Chr1,182.8799,Chr1,231.862988,182.8799,231.862988,48.98308800000001,False,trans,False,False,False,trans_moderate,True,0.0950468540829986,0.247695509961344,0.31995982741552,Tier_3_FlaggedInspect,Adipose,trans,,,,,,,,,,,,,,,,,,,,,,,,,,,,,left_only,True,False,False,False,False,,tissue_specific,,,17.7983930966208
,,Cyp2c13,,,,,,,,,,,,,,,,,,,,,,,,,,,3769.0,ENSRNOG00000049464,"cytochrome P450, family 2, subfamily c, polypeptide 13",Chr1: 238.867194,15.081,23.1,Chr1: 237.090968,-0.508,Chr1,238.867194,Chr1,237.090968,238.867194,237.090968,1.7762260000000083,True,cis,False,False,False,cis,False,0.0199228791773779,0.037037037037037,0.3199359706750452,Tier_2_Validate,Liver,distal_cis,right_only,False,True,False,False,False,,tissue_specific,,,17.79743882700181
,,LOC108351021,,,,,,,,,,,,,,,,,,,,,,,,,,,12408.0,UNCHAR_LOC108351021,uncharacterized LOC108351021,Chr5: 132.717160,1.389,27.0,Chr5: 132.015366,0.752,Chr5,132.71716,Chr5,132.015366,132.71716,132.015366,0.7017940000000067,True,cis,False,True,True,cis,False,0.0449871465295629,0.0831443688586545,0.2448460303858761,Tier_2_Validate,Liver,proximal,right_only,False,True,False,False,False,,tissue_specific,,,17.793841215435044
,,Orm1,,,,,,,,,,,,,,,,,,,,,,,,,,,24520.0,ENSRNOG00000007886,orosomucoid 1,Chr5: 76.766636,14.103,24.1,Chr5: 74.320691,-0.466,Chr5,76.766636,Chr5,74.320691,76.766636,74.320691,2.445945000000009,True,cis,False,False,False,cis,False,0.0263496143958869,0.0291005291005291,0.3194075502237456,Tier_2_Validate,Liver,distal_cis,right_only,False,True,False,False,False,,tissue_specific,,,17.776302008949827
9245.0,UNCHAR_LOC102547720,LOC102547720,uncharacterized LOC102547720,Chr2: 237.932067,3.491,26.5,Chr2: 238.441787,-0.476,Chr2,237.932067,Chr2,238.441787,237.932067,238.441787,0.5097200000000157,True,cis,False,True,True,cis,False,0.0435073627844712,0.0829616413916146,0.24426415146163,Tier_2_Validate,Adipose,proximal,,,,,,,,,,,,,,,,,,,,,,,,,,,,,left_only,True,False,False,False,False,,tissue_specific,,,17.7705660584652
10307.0,UNCHAR_LOC102552527,LOC102552527,zinc finger protein 677,Chr1: 61.136682,8.095,25.3,Chr1: 58.660722,-0.262,Chr1,61.136682,Chr1,58.660722,61.136682,58.660722,2.4759600000000006,True,cis,False,False,True,cis,False,0.035475234270415,0.0193279809693725,0.3191811253339257,Tier_2_Validate,Adipose,distal_cis,,,,,,,,,,,,,,,,,,,,,,,,,,,,,left_only,True,False,False,False,False,,tissue_specific,,,17.767245013357027
9135.0,UNCHAR_LOC102547278,LOC102547278,uncharacterized LOC102547278,Chr10: 81.965283,4.4,29.7,Chr10: 81.774513,-0.403,Chr10,81.965283,Chr10,81.774513,81.965283,81.774513,0.1907700000000005,True,cis,False,True,True,cis,False,0.0649263721552878,0.0612548319952423,0.2441634214526855,Tier_2_Validate,Adipose,proximal,,,,,,,,,,,,,,,,,,,,,,,,,,,,,left_only,True,False,False,False,False,,tissue_specific,,,17.766536858107422
9895.0,UNCHAR_LOC102550678,LOC102550678,uncharacterized LOC102550678,Chr14: 2.762745,5.538,26.7,Chr14: 3.574187,0.469,Chr14,2.762745,Chr14,3.574187,2.762745,3.574187,0.811442,True,cis,False,True,True,cis,False,0.0448460508701472,0.0808801665179898,0.2440041760858479,Tier_2_Validate,Adipose,proximal,,,,,,,,,,,,,,,,,,,,,,,,,,,,,left_only,True,False,False,False,False,,tissue_specific,,,17.760167043433917
10381.0,UNCHAR_LOC102552854,LOC102552854,uncharacterized LOC102552854,Chr14: 31.255150,2.694,24.7,Chr14: 31.142847,-0.507,Chr14,31.25515,Chr14,31.142847,31.25515,31.142847,0.1123030000000007,True,cis,False,True,True,cis,False,0.0314591700133868,0.0921796015462384,0.2432735700458689,Tier_2_Validate,Adipose,proximal,,,,,,,,,,,,,,,,,,,,,,,,,,,,,left_only,True,False,False,False,False,,tissue_specific,,,17.730942801834757
30350.0,ENSRNOG00000059702,Tex9,testis expressed 9,Chr8: 73.213890,7.489,23.9,Chr8: 71.348029,-0.282,Chr8,73.21389,Chr8,71.348029,73.21389,71.348029,1.865861000000009,True,cis,False,False,False,cis,False,0.0261044176706827,0.0252750520368718,0.3179828143976441,Tier_2_Validate,Adipose,distal_cis,,,,,,,,,,,,,,,,,,,,,,,,,,,,,left_only,True,False,False,False,False,,tissue_specific,,,17.719312575905764
27288.0,ENSRNOG00000025615_1,Rnase1l1,"ribonuclease, RNase A family, 1-like 1",Chr15: 24.339933,1.727,28.5,Chr15: 28.480643,1.137,Chr15,24.339933,Chr15,28.480643,24.339933,28.480643,4.140710000000002,False,trans,False,False,False,trans_moderate,True,0.0568942436412315,0.279512340172465,0.3177423043347938,Tier_3_FlaggedInspect,Adipose,trans,,,,,,,,,,,,,,,,,,,,,,,,,,,,,left_only,True,False,False,False,False,,tissue_specific,,,17.70969217339175
12677.0,UNCHAR_LOC108351976,LOC108351976,uncharacterized LOC108351976,Chr9: 98.857960,4.184,43.3,Chr9: 97.359745,-0.803,Chr9,98.85796,Chr9,97.359745,98.85796,97.359745,1.498215000000002,True,cis,False,True,True,cis,False,0.1559571619812583,0.1801962533452275,0.31765369536427,Tier_2_Validate,Adipose,distal_cis,,,,,,,,,,,,,,,,,,,,,,,,,,,,,left_only,True,False,False,False,False,,tissue_specific,,,17.7061478145708
27556.0,ENSRNOG00000018680_2,Rpl17,ribosomal protein L17,Chr18: 68.581140,10.851,22.4,Chr18: 69.593598,-0.309,Chr18,68.58114,Chr18,69.593598,68.58114,69.593598,1.0124579999999952,True,cis,False,False,False,cis,False,0.0160642570281124,0.0333035979779958,0.3172787492521379,Tier_2_Validate,Adipose,distal_cis,,,,,,,,,,,,,,,,,,,,,,,,,,,,,left_only,True,False,False,False,False,,tissue_specific,,,17.691149970085515
,,LOC108351542,,,,,,,,,,,,,,,,,,,,,,,,,,,12563.0,UNCHAR_LOC108351542,uncharacterized LOC108351542,Chr7: 127.644634,5.612,28.3,Chr7: 127.401498,-0.665,Chr7,127.644634,Chr7,127.401498,127.644634,127.401498,0.2431359999999927,True,cis,False,True,True,cis,False,0.0533419023136246,0.0667044595616024,0.2420162266563295,Tier_2_Validate,Liver,proximal,right_only,False,True,False,False,False,,tissue_specific,,,17.68064906625318
,,LOC102553833,,,,,,,,,,,,,,,,,,,,,,,,,,,10568.0,UNCHAR_LOC102553833,uncharacterized LOC102553833,Chr8: 13.391710,6.721,21.7,Chr8: 13.603955,-0.887,Chr8,13.39171,Chr8,13.603955,13.39171,13.603955,0.2122449999999993,True,cis,False,True,True,cis,False,0.0109254498714652,0.1086545729402872,0.2418530079841133,Tier_2_Validate,Liver,proximal,right_only,False,True,False,False,False,,tissue_specific,,,17.674120319364533
12092.0,ENSRNOG00000079955,LOC108349559,uncharacterized LOC108349559,Chr1: 85.645300,1.926,21.3,Chr1: 84.965439,-0.569,Chr1,85.6453,Chr1,84.965439,85.6453,84.965439,0.6798610000000025,True,cis,False,True,True,cis,False,0.0087014725568942,0.1106155218554861,0.2417609480443331,Tier_2_Validate,Adipose,proximal,,,,,,,,,,,,,,,,,,,,,,,,,,,,,left_only,True,False,False,False,False,,tissue_specific,,,17.670437921773324
21391.0,ENSRNOG00000039858,Mfsd12,major facilitator superfamily domain containing 12,Chr7: 8.354049,8.927,23.0,Chr7: 5.080344,0.287,Chr7,8.354049,Chr7,5.080344,8.354049,5.080344,3.273705,True,cis,False,False,False,cis,False,0.0200803212851405,0.0267618198037466,0.3163947493811105,Tier_2_Validate,Adipose,distal_cis,,,,,,,,,,,,,,,,,,,,,,,,,,,,,left_only,True,False,False,False,False,,tissue_specific,,,17.65578997524442
8969.0,UNCHAR_LOC102546491,LOC102546491,uncharacterized LOC102546491,Chr1: 12.088737,4.172,26.8,Chr1: 11.644866,0.439,Chr1,12.088737,Chr1,11.644866,12.088737,11.644866,0.4438709999999997,True,cis,False,True,True,cis,False,0.0455153949129852,0.071959559916741,0.2411162341904042,Tier_2_Validate,Adipose,proximal,,,,,,,,,,,,,,,,,,,,,,,,,,,,,left_only,True,False,False,False,False,,tissue_specific,,,17.644649367616168
25343.0,ENSRNOG00000010098,Plek2,pleckstrin 2,Chr6: 97.719416,4.442,22.8,Chr6: 96.297826,-0.285,Chr6,97.719416,Chr6,96.297826,97.719416,96.297826,1.4215899999999948,True,cis,False,False,False,cis,False,0.0187416331994645,0.0261671126969967,0.3157180610637614,Tier_2_Validate,Adipose,distal_cis,,,,,,,,,,,,,,,,,,,,,,,,,,,,,left_only,True,False,False,False,False,,tissue_specific,,,17.628722442550455
,,LOC120094159,,,,,,,,,,,,,,,,,,,,,,,,,,,13804.0,UNCHAR_LOC120094159,uncharacterized LOC120094159,Chr8: 53.903024,3.165,21.6,Chr8: 53.603588,-0.873,Chr8,53.903024,Chr8,53.603588,53.903024,53.603588,0.299436,True,cis,False,True,True,cis,False,0.0102827763496144,0.1060090702947845,0.2407021463255396,Tier_2_Validate,Liver,proximal,right_only,False,True,False,False,False,,tissue_specific,,,17.628085853021584
11612.0,UNCHAR_LOC103693272,LOC103693272,uncharacterized LOC103693272,Chr10: 6.726490,4.631,24.5,Chr10: 6.423694,0.478,Chr10,6.72649,Chr10,6.423694,6.72649,6.423694,0.3027959999999998,True,cis,False,True,True,cis,False,0.0301204819277108,0.0835563484983645,0.2397868906491264,Tier_2_Validate,Adipose,proximal,,,,,,,,,,,,,,,,,,,,,,,,,,,,,left_only,True,False,False,False,False,,tissue_specific,,,17.591475625965057
33201.0,ENSRNOG00000025140,Zfat,zinc finger and AT hook domain containing,Chr7: 100.054287,10.022,22.7,Chr7: 97.690774,-0.277,Chr7,100.054287,Chr7,97.690774,100.054287,97.690774,2.363512999999997,True,cis,False,False,False,cis,False,0.0180722891566265,0.023788284269997,0.3146512006993183,Tier_2_Validate,Adipose,distal_cis,,,,,,,,,,,,,,,,,,,,,,,,,,,,,left_only,True,False,False,False,False,,tissue_specific,,,17.58604802797273
,,LOC120098834,,,,,,,,,,,,,,,,,,,,,,,,,,,17108.0,UNCHAR_LOC120098834,uncharacterized LOC120098834,Chr20: 3.367418,1.016,24.7,Chr20: 3.210100,-0.75,Chr20,3.367418,Chr20,3.2101,3.367418,3.2101,0.1573179999999996,True,cis,False,True,True,cis,False,0.0302056555269922,0.082766439909297,0.2395402334027012,Tier_2_Validate,Liver,proximal,right_only,False,True,False,False,False,,tissue_specific,,,17.58160933610805
25049.0,ENSRNOG00000006800,Pgap4,post-GPI attachment to proteins GalNAc transferase 4,Chr5: 63.947003,7.145,21.5,Chr5: 66.161254,-0.298,Chr5,63.947003,Chr5,66.161254,63.947003,66.161254,2.2142509999999973,True,cis,False,False,False,cis,False,0.0100401606425702,0.0300327088908712,0.3140255043367045,Tier_2_Validate,Adipose,distal_cis,,,,,,,,,,,,,,,,,,,,,,,,,,,,,left_only,True,False,False,False,False,,tissue_specific,,,17.56102017346818
14525.0,UNCHAR_LOC120095151,LOC120095151,uncharacterized LOC120095151,Chr10: 63.864377,4.316,70.1,Chr7: 109.093977,1.125,Chr10,63.864377,Chr7,109.093977,63.864377,109.093977,inf,False,trans,False,True,True,LOC_UNCHARACTERIZED,True,0.3353413654618473,0.2759440975319654,0.3139499120478345,Tier_3_FlaggedInspect,Adipose,trans,,,,,,,,,,,,,,,,,,,,,,,,,,,,,left_only,True,False,False,False,False,,tissue_specific,,,17.55799648191338
19016.0,UNCHAR_LOC120101877,LOC120101877,uncharacterized LOC120101877,Chr3: 5.387811,6.572,38.4,Chr3: 8.469538,0.877,Chr3,5.387811,Chr3,8.469538,5.387811,8.469538,3.081727,True,cis,False,True,True,cis,False,0.1231593038821954,0.2022004162949747,0.3138759020620095,Tier_2_Validate,Adipose,distal_cis,,,,,,,,,,,,,,,,,,,,,,,,,,,,,left_only,True,False,False,False,False,,tissue_specific,,,17.555036082480378
20356.0,UNCHAR_LOC680254,LOC680254,uncharacterized LOC680254,Chr13: 69.569484,5.576,30.8,Chr13: 69.694938,0.326,Chr13,69.569484,Chr13,69.694938,69.569484,69.694938,0.1254539999999906,True,cis,False,True,True,cis,False,0.072289156626506,0.0383586083853702,0.2387267177541567,Tier_2_Validate,Adipose,proximal,,,,,,,,,,,,,,,,,,,,,,,,,,,,,left_only,True,False,False,False,False,,tissue_specific,,,17.549068710166267
15915.0,UNCHAR_LOC120097095,LOC120097095,uncharacterized LOC120097095,Chr15: 99.552530,2.771,22.4,Chr15: 99.417966,-0.511,Chr15,99.55253,Chr15,99.417966,99.55253,99.417966,0.1345639999999974,True,cis,False,True,True,cis,False,0.0160642570281124,0.0933690157597383,0.2383016454757477,Tier_2_Validate,Adipose,proximal,,,,,,,,,,,,,,,,,,,,,,,,,,,,,left_only,True,False,False,False,False,,tissue_specific,,,17.53206581902991
2863.0,ENSRNOG00000009411,Chn2,chimerin 2,Chr4: 83.148615,8.723,21.9,Chr4: 84.321389,0.28,Chr4,83.148615,Chr4,84.321389,83.148615,84.321389,1.1727739999999898,True,cis,False,False,False,cis,False,0.0127175368139223,0.0246803449301219,0.3130892586104155,Tier_2_Validate,Adipose,distal_cis,,,,,,,,,,,,,,,,,,,,,,,,,,,,,left_only,True,False,False,False,False,,tissue_specific,,,17.52357034441662
26667.0,ENSRNOG00000027867,Rexo4,RNA exonuclease 4,Chr3: 10.291002,9.465,22.7,Chr3: 12.564220,0.258,Chr3,10.291002,Chr3,12.56422,10.291002,12.56422,2.273218,True,cis,False,False,False,cis,False,0.0180722891566265,0.0181385667558727,0.3126737995693747,Tier_2_Validate,Adipose,distal_cis,,,,,,,,,,,,,,,,,,,,,,,,,,,,,left_only,True,False,False,False,False,,tissue_specific,,,17.506951982774986
14877.0,UNCHAR_LOC120095647,LOC120095647,uncharacterized LOC120095647,Chr11: 42.129748,6.313,30.4,Chr11: 42.949805,-0.322,Chr11,42.129748,Chr11,42.949805,42.129748,42.949805,0.8200569999999985,True,cis,False,True,True,cis,False,0.0696117804551539,0.0371691941718703,0.2373733411194585,Tier_2_Validate,Adipose,proximal,,,,,,,,,,,,,,,,,,,,,,,,,,,,,left_only,True,False,False,False,False,,tissue_specific,,,17.49493364477834
19614.0,UNCHAR_LOC120102816,LOC120102816,uncharacterized LOC120102816,Chr5: 17.736385,2.838,21.7,Chr5: 18.138659,-0.508,Chr5,17.736385,Chr5,18.138659,17.736385,18.138659,0.402274000000002,True,cis,False,True,True,cis,False,0.0113788487282463,0.0924769550996134,0.2363495313397509,Tier_2_Validate,Adipose,proximal,,,,,,,,,,,,,,,,,,,,,,,,,,,,,left_only,True,False,False,False,False,,tissue_specific,,,17.453981253590037
,,Adh1,,,,,,,,,,,,,,,,,,,,,,,,,,,388.0,UNCHAR_Adh1,uncharacterized Adh1,Chr2: 226.797302,15.544,29.5,Chr2: 227.302230,-0.533,Chr2,226.797302,Chr2,227.30223,226.797302,227.30223,0.5049280000000067,True,cis,False,True,False,cis,False,0.0610539845758354,0.041761148904006,0.2359852967179445,Tier_2_Validate,Liver,proximal,right_only,False,True,False,False,False,,tissue_specific,,,17.43941186871778
7831.0,ENSRNOG00000015682,Kel,Kell metallo-endopeptidase (Kell blood group),Chr4: 70.585665,2.409,30.0,Chr1: 231.862988,1.035,Chr4,70.585665,Chr1,231.862988,70.585665,231.862988,inf,False,trans,False,False,False,trans_moderate,True,0.0669344042838018,0.2491822777282188,0.3106408387042072,Tier_3_FlaggedInspect,Adipose,trans,,,,,,,,,,,,,,,,,,,,,,,,,,,,,left_only,True,False,False,False,False,,tissue_specific,,,17.42563354816829
25648.0,ENSRNOG00000006893,Ppm1k,"protein phosphatase, Mg2+/Mn2+ dependent, 1K",Chr4: 87.612197,9.266,20.9,Chr4: 89.554729,0.274,Chr4,87.612197,Chr4,89.554729,87.612197,89.554729,1.942532,True,cis,False,False,False,cis,False,0.0060240963855421,0.0228962236098721,0.310122111998395,Tier_2_Validate,Adipose,distal_cis,,,,,,,,,,,,,,,,,,,,,,,,,,,,,left_only,True,False,False,False,False,,tissue_specific,,,17.404884479935802
91.0,ENSRNOG00000069246,Abcg3l3,"ATP-binding cassette, subfamily G (WHITE), member 3-like 3",Chr14: 4.844160,8.622,22.4,Chr14: 3.829000,-0.236,Chr14,4.84416,Chr14,3.829,4.84416,3.829,1.0151599999999994,True,cis,False,False,False,cis,False,0.0160642570281124,0.0115967885816235,0.3096813659634076,Tier_2_Validate,Adipose,distal_cis,,,,,,,,,,,,,,,,,,,,,,,,,,,,,left_only,True,False,False,False,False,,tissue_specific,,,17.387254638536305
18457.0,ENSRNOG00000089505,LOC120100951,uncharacterized LOC120100951,Chr2: 226.485593,2.602,21.3,Chr2: 226.754365,0.491,Chr2,226.485593,Chr2,226.754365,226.485593,226.754365,0.2687720000000126,True,cis,False,True,True,cis,False,0.0087014725568942,0.087421944692239,0.2336431960371966,Tier_2_Validate,Adipose,proximal,,,,,,,,,,,,,,,,,,,,,,,,,,,,,left_only,True,False,False,False,False,,tissue_specific,,,17.345727841487864
,,LOC120103580,,,,,,,,,,,,,,,,,,,,,,,,,,,20146.0,UNCHAR_LOC120103580,uncharacterized LOC120103580,Chr6: 106.285262,1.015,23.9,Chr6: 106.792796,0.688,Chr6,106.285262,Chr6,106.792796,106.285262,106.792796,0.5075339999999926,True,cis,False,True,True,cis,False,0.025064267352185,0.0710506424792139,0.2336402184409896,Tier_2_Validate,Liver,proximal,right_only,False,True,False,False,False,,tissue_specific,,,17.345608737639584
10700.0,UNCHAR_LOC102554492,LOC102554492,uncharacterized LOC102554492,Chr17: 18.734681,5.649,24.8,Chr17: 18.890124,0.411,Chr17,18.734681,Chr17,18.890124,18.734681,18.890124,0.1554430000000017,True,cis,False,True,True,cis,False,0.0321285140562249,0.063633660422242,0.2335167610674634,Tier_2_Validate,Adipose,proximal,,,,,,,,,,,,,,,,,,,,,,,,,,,,,left_only,True,False,False,False,False,,tissue_specific,,,17.34067044269854
5914.0,ENSRNOG00000045795,Gatd1,glutamine amidotransferase class 1 domain containing 1,Chr1: 196.512560,8.458,21.1,Chr1: 195.021178,0.25,Chr1,196.51256,Chr1,195.021178,196.51256,195.021178,1.4913820000000158,True,cis,False,False,False,cis,False,0.0073627844712182,0.015759738328873,0.3080928829800319,Tier_2_Validate,Adipose,distal_cis,,,,,,,,,,,,,,,,,,,,,,,,,,,,,left_only,True,False,False,False,False,,tissue_specific,,,17.323715319201277
,,LOC102550746,,,,,,,,,,,,,,,,,,,,,,,,,,,9911.0,UNCHAR_LOC102550746,uncharacterized LOC102550746,Chr4: 84.310593,0.697,25.3,Chr4: 83.872142,-0.632,Chr4,84.310593,Chr4,83.872142,84.310593,83.872142,0.4384510000000006,True,cis,False,True,True,cis,False,0.0340616966580976,0.0604686318972033,0.2330856149943553,Tier_2_Validate,Liver,proximal,right_only,False,True,False,False,False,,tissue_specific,,,17.323424599774214
,,LOC120101609,,,,,,,,,,,,,,,,,,,,,,,,,,,18835.0,UNCHAR_LOC120101609,uncharacterized LOC120101609,Chr3: 89.874680,4.915,23.8,Chr3: 89.610550,-0.682,Chr3,89.87468,Chr3,89.61055,89.87468,89.61055,0.2641299999999944,True,cis,False,True,True,cis,False,0.0244215938303341,0.0699168556311413,0.2330184573115164,Tier_2_Validate,Liver,proximal,right_only,False,True,False,False,False,,tissue_specific,,,17.320738292460657
4829.0,ENSRNOG00000015560,Emsy,"EMSY transcriptional repressor, BRCA2 interacting",Chr1: 152.960419,9.791,20.6,Chr1: 151.169800,0.253,Chr1,152.960419,Chr1,151.1698,152.960419,151.1698,1.7906189999999924,True,cis,False,False,False,cis,False,0.0040160642570281,0.0166517989889979,0.3072337521361091,Tier_2_Validate,Adipose,distal_cis,,,,,,,,,,,,,,,,,,,,,,,,,,,,,left_only,True,False,False,False,False,,tissue_specific,,,17.28935008544436
8901.0,UNCHAR_LOC100912427,LOC100912427,Y box binding protein 1 like 1,Chr1: 171.306091,7.897,55.3,Chr5: 133.068819,0.428,Chr1,171.306091,Chr5,133.068819,171.306091,133.068819,inf,False,trans,False,False,True,trans_moderate,True,0.2362784471218205,0.0686886708296164,0.3067384912830029,Tier_3_FlaggedInspect,Adipose,trans,,,,,,,,,,,,,,,,,,,,,,,,,,,,,left_only,True,False,False,False,False,,tissue_specific,,,17.269539651320116
11546.0,UNCHAR_LOC103692782,LOC103692782,uncharacterized LOC103692782,Chr7: 11.960790,3.059,20.0,Chr7: 11.404448,0.498,Chr7,11.96079,Chr7,11.404448,11.96079,11.404448,0.556341999999999,True,cis,False,True,True,cis,False,0.0,0.0895034195658638,0.2313261968480523,Tier_2_Validate,Adipose,proximal,,,,,,,,,,,,,,,,,,,,,,,,,,,,,left_only,True,False,False,False,False,,tissue_specific,,,17.253047873922092
,,Rpl30l2,,,,,,,,,,,,,,,,,,,,,,,,,,,27579.0,ENSRNOG00000032825,ribosomal protein L30-like 2,Chr10: 36.831984,8.046,36.3,Chr7: 68.207211,1.36,Chr10,36.831984,Chr7,68.207211,36.831984,68.207211,inf,False,trans,False,False,False,trans_moderate,True,0.1047557840616966,0.1980347694633409,0.3059766937337631,Tier_3_FlaggedInspect,Liver,trans,right_only,False,True,False,False,False,,tissue_specific,,,17.239067749350525
,,LOC102553445,,,,,,,,,,,,,,,,,,,,,,,,,,,10485.0,UNCHAR_LOC102553445,uncharacterized LOC102553445,Chr20: 2.953611,4.361,20.7,Chr20: 2.611182,-0.751,Chr20,2.953611,Chr20,2.611182,2.953611,2.611182,0.3424290000000001,True,cis,False,True,True,cis,False,0.0044987146529562,0.0829554043839758,0.2306089416629262,Tier_2_Validate,Liver,proximal,right_only,False,True,False,False,False,,tissue_specific,,,17.224357666517047
,,LOC108350210,,,,,,,,,,,,,,,,,,,,,,,,,,,12211.0,UNCHAR_LOC108350210,uncharacterized LOC108350210,Chr2: 41.032957,3.929,21.0,Chr2: 41.213503,0.738,Chr2,41.032957,Chr2,41.213503,41.032957,41.213503,0.1805459999999996,True,cis,False,True,True,cis,False,0.0064267352185089,0.0804988662131519,0.2304239605010813,Tier_2_Validate,Liver,proximal,right_only,False,True,False,False,False,,tissue_specific,,,17.21695842004325
16106.0,UNCHAR_LOC120097392,LOC120097392,uncharacterized LOC120097392,Chr16: 0.949193,4.581,24.4,Chr16: 1.089479,0.39,Chr16,0.949193,Chr16,1.089479,0.949193,1.089479,0.1402860000000001,True,cis,False,True,True,cis,False,0.0294511378848728,0.0573892358013678,0.2303941307901842,Tier_2_Validate,Adipose,proximal,,,,,,,,,,,,,,,,,,,,,,,,,,,,,left_only,True,False,False,False,False,,tissue_specific,,,17.215765231607367
,,Acot5-ps1,,,,,,,,,,,,,,,,,,,,,,,,,,,196.0,UNCHAR_Acot5-ps1,uncharacterized Acot5-ps1,Chr6: 103.729655,1.764,21.3,Chr6: 104.221203,-0.708,Chr6,103.729655,Chr6,104.221203,103.729655,104.221203,0.4915480000000087,True,cis,False,True,False,cis,False,0.0083547557840617,0.0748299319727891,0.2291146407148978,Tier_2_Validate,Liver,proximal,right_only,False,True,False,False,False,,tissue_specific,,,17.164585628595912
,,LOC120097448,,,,,,,,,,,,,,,,,,,,,,,,,,,16150.0,UNCHAR_LOC120097448,uncharacterized LOC120097448,Chr16: 55.695939,3.131,21.5,Chr16: 56.494473,-0.687,Chr16,55.695939,Chr16,56.494473,55.695939,56.494473,0.7985339999999965,True,cis,False,True,True,cis,False,0.0096401028277634,0.0708616780045351,0.2281756232913045,Tier_2_Validate,Liver,proximal,right_only,False,True,False,False,False,,tissue_specific,,,17.12702493165218
15606.0,UNCHAR_LOC120096689,LOC120096689,uncharacterized LOC120096689,Chr14: 95.114521,5.685,23.0,Chr14: 94.990282,0.394,Chr14,95.114521,Chr14,94.990282,95.114521,94.990282,0.1242390000000028,True,cis,False,True,True,cis,False,0.0200803212851405,0.0585786500148676,0.2275306399550029,Tier_2_Validate,Adipose,proximal,,,,,,,,,,,,,,,,,,,,,,,,,,,,,left_only,True,False,False,False,False,,tissue_specific,,,17.101225598200116
,,LOC120097510,,,,,,,,,,,,,,,,,,,,,,,,,,,16202.0,ENSRNOG00000089199,spindlin-1-like,Chr16: 0.218038,3.879,39.0,Chr17: 14.426630,1.207,Chr16,0.218038,Chr17,14.42663,0.218038,14.42663,inf,False,trans,False,False,True,trans_moderate,True,0.1221079691516709,0.1691232048374905,0.3019309108962065,Tier_3_FlaggedInspect,Liver,trans,right_only,False,True,False,False,False,,tissue_specific,,,17.07723643584826
9872.0,UNCHAR_LOC102550575,LOC102550575,uncharacterized LOC102550575,Chr2: 185.284309,5.005,22.2,Chr2: 185.553302,-0.401,Chr2,185.284309,Chr2,185.553302,185.284309,185.553302,0.2689929999999947,True,cis,False,True,True,cis,False,0.0147255689424364,0.0606601248884924,0.2263849928408251,Tier_2_Validate,Adipose,proximal,,,,,,,,,,,,,,,,,,,,,,,,,,,,,left_only,True,False,False,False,False,,tissue_specific,,,17.055399713633005
,,LOC102553902,,,,,,,,,,,,,,,,,,,,,,,,,,,10585.0,UNCHAR_LOC102553902,uncharacterized LOC102553902,Chr16: 78.020943,3.377,20.6,Chr16: 77.866921,0.675,Chr16,78.020943,Chr16,77.866921,78.020943,77.866921,0.1540219999999976,True,cis,False,True,True,cis,False,0.0038560411311054,0.06859410430839,0.2253575509038234,Tier_2_Validate,Liver,proximal,right_only,False,True,False,False,False,,tissue_specific,,,17.014302036152934
,,LOC102550314,,,,,,,,,,,,,,,,,,,,,,,,,,,9807.0,UNCHAR_LOC102550314,uncharacterized LOC102550314,Chr15: 17.733790,1.459,23.2,Chr15: 16.723033,-1.71,Chr15,17.73379,Chr15,16.723033,17.73379,16.723033,1.010756999999998,True,cis,False,True,True,cis,False,0.0205655526992287,0.264172335600907,0.2996582609050475,Tier_2_Validate,Liver,distal_cis,right_only,False,True,False,False,False,,tissue_specific,,,16.9863304362019
11275.0,UNCHAR_LOC103691053,LOC103691053,uncharacterized LOC103691053,Chr1: 79.879722,4.236,20.8,Chr1: 79.715297,-0.408,Chr1,79.879722,Chr1,79.715297,79.879722,79.715297,0.1644249999999942,True,cis,False,True,True,cis,False,0.0053547523427041,0.0627415997621171,0.2238337232366874,Tier_2_Validate,Adipose,proximal,,,,,,,,,,,,,,,,,,,,,,,,,,,,,left_only,True,False,False,False,False,,tissue_specific,,,16.953348929467495
17212.0,UNCHAR_LOC120098953,LOC120098953,uncharacterized LOC120098953,Chr20: 30.728614,6.058,22.6,Chr20: 31.291910,-0.367,Chr20,30.728614,Chr20,31.29191,30.728614,31.29191,0.5632960000000011,True,cis,False,True,True,cis,False,0.0174029451137884,0.0505501040737436,0.2237835672156362,Tier_2_Validate,Adipose,proximal,,,,,,,,,,,,,,,,,,,,,,,,,,,,,left_only,True,False,False,False,False,,tissue_specific,,,16.95134268862545
8526.0,UNCHAR_LOC100360821,LOC100360821,uncharacterized LOC100360821,Chr5: 57.199979,4.054,20.0,Chr5: 56.981038,-0.425,Chr5,57.199979,Chr5,56.981038,57.199979,56.981038,0.2189410000000009,True,cis,False,True,True,cis,False,0.0,0.0677966101694915,0.223728813559322,Tier_2_Validate,Adipose,proximal,,,,,,,,,,,,,,,,,,,,,,,,,,,,,left_only,True,False,False,False,False,,tissue_specific,,,16.94915254237288
9481.0,UNCHAR_LOC102548752,LOC102548752,uncharacterized LOC102548752,Chr16: 17.836162,5.429,27.1,Chr16: 18.201895,-0.264,Chr16,17.836162,Chr16,18.201895,17.836162,18.201895,0.3657329999999987,True,cis,False,True,True,cis,False,0.0475234270414993,0.0199226880761225,0.2236061402911676,Tier_2_Validate,Adipose,proximal,,,,,,,,,,,,,,,,,,,,,,,,,,,,,left_only,True,False,False,False,False,,tissue_specific,,,16.944245611646704
11585.0,UNCHAR_LOC103693092,LOC103693092,uncharacterized LOC103693092,Chr8: 51.602797,6.382,23.8,Chr8: 51.101184,0.33,Chr8,51.602797,Chr8,51.101184,51.602797,51.101184,0.501612999999999,True,cis,False,True,True,cis,False,0.0254350736278447,0.03954802259887,0.2227440836793501,Tier_2_Validate,Adipose,proximal,,,,,,,,,,,,,,,,,,,,,,,,,,,,,left_only,True,False,False,False,False,,tissue_specific,,,16.909763347174007
18416.0,UNCHAR_LOC120100903,LOC120100903,uncharacterized LOC120100903,Chr2: 191.537600,7.532,26.8,Chr2: 192.173900,0.262,Chr2,191.5376,Chr2,192.1739,191.5376,192.1739,0.6363000000000056,True,cis,False,True,True,cis,False,0.0455153949129852,0.0193279809693725,0.2226951815588252,Tier_2_Validate,Adipose,proximal,,,,,,,,,,,,,,,,,,,,,,,,,,,,,left_only,True,False,False,False,False,,tissue_specific,,,16.90780726235301
18986.0,UNCHAR_LOC120101815,LOC120101815,uncharacterized LOC120101815,Chr3: 161.487215,0.348,20.7,Chr3: 160.807216,0.396,Chr3,161.487215,Chr3,160.807216,161.487215,160.807216,0.6799989999999809,True,cis,False,True,True,cis,False,0.0046854082998661,0.0591733571216176,0.2223505678975193,Tier_2_Validate,Adipose,proximal,,,,,,,,,,,,,,,,,,,,,,,,,,,,,left_only,True,False,False,False,False,,tissue_specific,,,16.894022715900775
31122.0,UNCHAR_Trim15,Trim15,"tripartite motif-containing 15, pseudogene 1",Chr20: 1.700904,5.513,24.9,Chr20: 2.050222,-0.294,Chr20,1.700904,Chr20,2.050222,1.700904,2.050222,0.3493180000000002,True,cis,True,False,False,cis,False,0.0327978580990629,0.0288432946773713,0.221574403471752,Tier_2_Validate,Adipose,proximal,,,,,,,,,,,,,,,,,,,,,,,,,,,,,left_only,True,False,False,False,False,,tissue_specific,,,16.86297613887008
15546.0,UNCHAR_LOC120096621,LOC120096621,uncharacterized LOC120096621,Chr14: 66.760973,5.392,21.9,Chr14: 67.625451,-0.358,Chr14,66.760973,Chr14,67.625451,66.760973,67.625451,0.8644779999999912,True,cis,False,True,True,cis,False,0.0127175368139223,0.047873922093369,0.221207010617552,Tier_2_Validate,Adipose,proximal,,,,,,,,,,,,,,,,,,,,,,,,,,,,,left_only,True,False,False,False,False,,tissue_specific,,,16.84828042470208
13053.0,UNCHAR_LOC108353429,LOC108353429,endogenous retrovirus group K member 10 Gag polyprotein-like,Chr13: 25.625687,1.362,28.6,Chr4: 148.389881,-0.924,Chr13,25.625687,Chr4,148.389881,25.625687,148.389881,inf,False,trans,False,False,True,trans_moderate,True,0.0575635876840696,0.216176033303598,0.2958088673456837,Tier_3_FlaggedInspect,Adipose,trans,,,,,,,,,,,,,,,,,,,,,,,,,,,,,left_only,True,False,False,False,False,,tissue_specific,,,16.832354693827348
11623.0,UNCHAR_LOC103693391,LOC103693391,uncharacterized LOC103693391,Chr10: 61.038699,5.937,21.9,Chr10: 61.152571,0.343,Chr10,61.038699,Chr10,61.152571,61.038699,61.152571,0.1138720000000006,True,cis,False,True,True,cis,False,0.0127175368139223,0.0434136187927445,0.2196459044623334,Tier_2_Validate,Adipose,proximal,,,,,,,,,,,,,,,,,,,,,,,,,,,,,left_only,True,False,False,False,False,,tissue_specific,,,16.785836178493334
19007.0,UNCHAR_LOC120101849,LOC120101849,uncharacterized LOC120101849,Chr3: 5.375105,6.759,29.5,Chr3: 9.132890,0.889,Chr3,5.375105,Chr3,9.13289,5.375105,9.13289,3.757785,True,cis,False,True,True,cis,False,0.0635876840696117,0.2057686589354742,0.2942747200517801,Tier_2_Validate,Adipose,distal_cis,,,,,,,,,,,,,,,,,,,,,,,,,,,,,left_only,True,False,False,False,False,,tissue_specific,,,16.770988802071205
,,LOC120102855,,,,,,,,,,,,,,,,,,,,,,,,,,,19645.0,UNCHAR_LOC120102855,uncharacterized LOC120102855,Chr5: 55.369680,6.713,24.2,Chr5: 55.748606,-0.455,Chr5,55.36968,Chr5,55.748606,55.36968,55.748606,0.3789259999999999,True,cis,False,True,True,cis,False,0.0269922879177377,0.0270219198790627,0.2189049727288802,Tier_2_Validate,Liver,proximal,right_only,False,True,False,False,False,,tissue_specific,,,16.75619890915521
14550.0,UNCHAR_LOC120095179,LOC120095179,uncharacterized LOC120095179,Chr10: 80.649435,4.731,21.6,Chr10: 80.874886,0.341,Chr10,80.649435,Chr10,80.874886,80.649435,80.874886,0.2254510000000067,True,cis,False,True,True,cis,False,0.0107095046854083,0.0428189116859946,0.218734945729991,Tier_2_Validate,Adipose,proximal,,,,,,,,,,,,,,,,,,,,,,,,,,,,,left_only,True,False,False,False,False,,tissue_specific,,,16.74939782919964
10182.0,UNCHAR_LOC102551940,LOC102551940,uncharacterized LOC102551940,Chr10: 11.754201,5.35,22.0,Chr10: 12.170043,0.321,Chr10,11.754201,Chr10,12.170043,11.754201,12.170043,0.4158419999999996,True,cis,False,True,True,cis,False,0.0133868808567603,0.0368718406184953,0.2175905525163395,Tier_2_Validate,Adipose,proximal,,,,,,,,,,,,,,,,,,,,,,,,,,,,,left_only,True,False,False,False,False,,tissue_specific,,,16.70362210065358
,,Slc25a34,,,,,,,,,,,,,,,,,,,,,,,,,,,28639.0,UNCHAR_Slc25a34,uncharacterized Slc25a34,Chr5: 153.936853,5.749,21.4,Chr5: 154.490878,0.53,Chr5,153.936853,Chr5,154.490878,153.936853,154.490878,0.5540249999999958,True,cis,False,True,False,cis,False,0.0089974293059125,0.0411942554799697,0.2175670896750588,Tier_2_Validate,Liver,proximal,right_only,False,True,False,False,False,,tissue_specific,,,16.702683587002355
33028.0,UNCHAR_Ybx1-ps20,Ybx1-ps20,"Y box binding protein 1, pseudogene 20",Chr10: 39.162721,8.726,86.2,Chr5: 133.068819,0.55,Chr10,39.162721,Chr5,133.068819,39.162721,133.068819,inf,False,trans,True,False,False,MEGA_EFFECT;PSEUDOGENE_TRANS,True,0.4431057563587684,0.1049658043413618,0.2918250462450455,Tier_3_FlaggedInspect,Adipose,trans,,,,,,,,,,,,,,,,,,,,,,,,,,,,,left_only,True,False,False,False,False,,tissue_specific,,,16.67300184980182
9239.0,UNCHAR_LOC102547700,LOC102547700,uncharacterized LOC102547700,Chr14: 81.408846,5.61,22.2,Chr14: 81.750431,0.292,Chr14,81.408846,Chr14,81.750431,81.408846,81.750431,0.3415850000000091,True,cis,False,True,True,cis,False,0.0147255689424364,0.0282485875706214,0.2150409547795702,Tier_2_Validate,Adipose,proximal,,,,,,,,,,,,,,,,,,,,,,,,,,,,,left_only,True,False,False,False,False,,tissue_specific,,,16.601638191182808
16617.0,UNCHAR_LOC120098139,LOC120098139,ELMO domain-containing protein 2-like,Chr18: 37.762105,5.352,21.2,Chr19: 24.293787,1.006,Chr18,37.762105,Chr19,24.293787,37.762105,24.293787,inf,False,trans,False,False,True,trans_moderate,True,0.0080321285140562,0.2405590246803449,0.2870069036180404,Tier_3_FlaggedInspect,Adipose,trans,,,,,,,,,,,,,,,,,,,,,,,,,,,,,left_only,True,False,False,False,False,,tissue_specific,,,16.480276144721614
9262.0,UNCHAR_LOC102547830,LOC102547830,uncharacterized LOC102547830,Chr17: 21.530707,5.508,20.6,Chr17: 21.654827,-0.298,Chr17,21.530707,Chr17,21.654827,21.530707,21.654827,0.1241200000000013,True,cis,False,True,True,cis,False,0.0040160642570281,0.0300327088908712,0.2119170706017648,Tier_2_Validate,Adipose,proximal,,,,,,,,,,,,,,,,,,,,,,,,,,,,,left_only,True,False,False,False,False,,tissue_specific,,,16.476682824070593
20245.0,UNCHAR_LOC361346,LOC361346,uncharacterized LOC361346,Chr18: 64.090141,7.88,23.4,Chr18: 63.698544,0.234,Chr18,64.090141,Chr18,63.698544,64.090141,63.698544,0.3915970000000044,True,cis,False,True,True,cis,False,0.0227576974564926,0.0110020814748736,0.2118159226259782,Tier_2_Validate,Adipose,proximal,,,,,,,,,,,,,,,,,,,,,,,,,,,,,left_only,True,False,False,False,False,,tissue_specific,,,16.472636905039128
12141.0,UNCHAR_LOC108349848,LOC108349848,thymosin beta 10 like 5,Chr1: 121.498137,3.696,35.5,Chr4: 105.344429,-0.665,Chr1,121.498137,Chr4,105.344429,121.498137,105.344429,inf,False,trans,False,False,True,trans_moderate,True,0.1037483266398929,0.1391614629794826,0.2850184263667814,Tier_3_FlaggedInspect,Adipose,trans,,,,,,,,,,,,,,,,,,,,,,,,,,,,,left_only,True,False,False,False,False,,tissue_specific,,,16.400737054671254
14660.0,UNCHAR_LOC120095319,LOC120095319,uncharacterized LOC120095319,Chr10: 34.860304,1.071,25.8,Chr10: 36.874929,0.838,Chr10,34.860304,Chr10,36.874929,34.860304,36.874929,2.0146250000000023,True,cis,False,True,True,cis,False,0.038821954484605,0.1906036277133511,0.2802989537692847,Tier_2_Validate,Adipose,distal_cis,,,,,,,,,,,,,,,,,,,,,,,,,,,,,left_only,True,False,False,False,False,,tissue_specific,,,16.211958150771387
,,LOC102546403,,,,,,,,,,,,,,,,,,,,,,,,,,,8950.0,UNCHAR_LOC102546403,uncharacterized LOC102546403,Chr10: 6.793512,2.722,29.8,Chr10: 8.602467,-1.141,Chr10,6.793512,Chr10,8.602467,6.793512,8.602467,1.808955000000001,True,cis,False,True,True,cis,False,0.0629820051413881,0.1566515495086923,0.2768717441275282,Tier_2_Validate,Liver,distal_cis,right_only,False,True,False,False,False,,tissue_specific,,,16.074869765101127
3692.0,ENSRNOG00000011984,Cxcl14,C-X-C motif chemokine ligand 14,Chr17: 8.317929,7.521,29.6,Chr20: 8.246703,0.689,Chr17,8.317929,Chr20,8.246703,8.317929,8.246703,inf,False,trans,False,False,False,trans_moderate,True,0.0642570281124498,0.1462979482604817,0.273694241730526,Tier_3_FlaggedInspect,Adipose,trans,,,,,,,,,,,,,,,,,,,,,,,,,,,,,left_only,True,False,False,False,False,,tissue_specific,,,15.947769669221039
,,LOC685989,,,,,,,,,,,,,,,,,,,,,,,,,,,20462.0,UNCHAR_LOC685989,uncharacterized LOC685989,Chr19: 21.937395,2.849,50.8,Chr19: 13.144002,-1.886,Chr19,21.937395,Chr19,13.144002,21.937395,13.144002,8.793392999999998,False,trans,False,True,True,trans_moderate,True,0.1979434447300771,0.2974300831443688,0.273380734756056,Tier_3_FlaggedInspect,Liver,trans,right_only,False,True,False,False,False,,tissue_specific,,,15.93522939024224
27111.0,UNCHAR_RGD1565766,RGD1565766,uncharacterized RGD1565766,Chr6: 26.923604,6.919,69.3,Chr6: 20.949751,-0.743,Chr6,26.923604,Chr6,20.949751,26.923604,20.949751,5.973853000000002,False,trans,False,True,False,trans_moderate,True,0.3299866131191432,0.1623550401427297,0.2723195786416555,Tier_3_FlaggedInspect,Adipose,trans,,,,,,,,,,,,,,,,,,,,,,,,,,,,,left_only,True,False,False,False,False,,tissue_specific,,,15.89278314566622
30569.0,ENSRNOG00000086479,Tma7b,translation machinery associated 7B,Chr4: 78.331162,5.436,35.2,Chr8: 110.715683,0.524,Chr4,78.331162,Chr8,110.715683,78.331162,110.715683,inf,False,trans,False,False,False,trans_moderate,True,0.1017402945113788,0.0972346119536128,0.2696412172627471,Tier_3_FlaggedInspect,Adipose,trans,,,,,,,,,,,,,,,,,,,,,,,,,,,,,left_only,True,False,False,False,False,,tissue_specific,,,15.785648690509884
11148.0,UNCHAR_LOC102557393,LOC102557393,uncharacterized LOC102557393,Chr2: 31.742113,1.482,27.0,Chr2: 33.241530,-0.688,Chr2,31.742113,Chr2,33.24153,31.742113,33.24153,1.4994169999999976,True,cis,False,True,True,cis,False,0.0468540829986613,0.1460005947071067,0.2674991371970188,Tier_2_Validate,Adipose,distal_cis,,,,,,,,,,,,,,,,,,,,,,,,,,,,,left_only,True,False,False,False,False,,tissue_specific,,,15.699965487880752
,,LOC102548590,,,,,,,,,,,,,,,,,,,,,,,,,,,9448.0,UNCHAR_LOC102548590,uncharacterized LOC102548590,Chr7: 82.247334,1.585,29.0,Chr7: 79.391659,-0.994,Chr7,82.247334,Chr7,79.391659,82.247334,79.391659,2.855674999999991,True,cis,False,True,True,cis,False,0.0578406169665809,0.1288737717309145,0.2653500360441234,Tier_2_Validate,Liver,distal_cis,right_only,False,True,False,False,False,,tissue_specific,,,15.614001441764936
,,LOC689268,,,,,,,,,,,,,,,,,,,,,,,,,,,20520.0,UNCHAR_LOC689268,uncharacterized LOC689268,Chr9: 2.889693,0.737,24.3,Chr9: 5.014860,-1.086,Chr9,2.889693,Chr9,5.01486,2.889693,5.01486,2.125167,True,cis,False,True,True,cis,False,0.0276349614395886,0.1462585034013605,0.2608627126943322,Tier_2_Validate,Liver,distal_cis,right_only,False,True,False,False,False,,tissue_specific,,,15.434508507773288
4769.0,ENSRNOG00000007934,Elfn2,extracellular leucine-rich repeat and fibronectin type III domain containing 2,Chr7: 110.272769,3.01,27.3,Chr2: 194.986507,0.614,Chr7,110.272769,Chr2,194.986507,110.272769,194.986507,inf,False,trans,False,False,False,trans_moderate,True,0.0488621151271753,0.1239964317573595,0.2605004914095872,Tier_3_FlaggedInspect,Adipose,trans,,,,,,,,,,,,,,,,,,,,,,,,,,,,,left_only,True,False,False,False,False,,tissue_specific,,,15.420019656383488
27289.0,ENSRNOG00000069584,Rnase1l2,"ribonuclease, RNase A family, 1-like 2",Chr15: 24.421824,4.44,21.9,Chr15: 28.480643,0.693,Chr15,24.421824,Chr15,28.480643,24.421824,28.480643,4.058819,False,trans,False,False,False,trans_moderate,True,0.0127175368139223,0.1474873624739815,0.2560717147507664,Tier_3_FlaggedInspect,Adipose,trans,,,,,,,,,,,,,,,,,,,,,,,,,,,,,left_only,True,False,False,False,False,,tissue_specific,,,15.242868590030657
,,LOC120095308,,,,,,,,,,,,,,,,,,,,,,,,,,,14652.0,UNCHAR_LOC120095308,uncharacterized LOC120095308,Chr10: 105.526307,3.631,27.0,Chr10: 103.928376,0.914,Chr10,105.526307,Chr10,103.928376,105.526307,103.928376,1.5979310000000029,True,cis,False,True,True,cis,False,0.0449871465295629,0.1137566137566137,0.2555603161001618,Tier_2_Validate,Liver,distal_cis,right_only,False,True,False,False,False,,tissue_specific,,,15.222412644006472
,,Cyp7b1,,,,,,,,,,,,,,,,,,,,,,,,,,,3823.0,ENSRNOG00000009730,cytochrome P450 family 7 subfamily B member 1,Chr2: 100.669712,8.178,21.0,Chr2: 113.158471,1.11,Chr2,100.669712,Chr2,113.158471,100.669712,113.158471,12.488759000000002,False,trans,False,False,False,trans_moderate,True,0.0064267352185089,0.1507936507936508,0.2550271351042559,Tier_3_FlaggedInspect,Liver,trans,right_only,False,True,False,False,False,,tissue_specific,,,15.201085404170236
9455.0,UNCHAR_LOC102548633,LOC102548633,Zinc finger protein 431 like,Chr1: 0.454561,2.57,21.2,Chr9: 113.311047,0.686,Chr1,0.454561,Chr9,113.311047,0.454561,113.311047,inf,False,trans,False,False,True,trans_moderate,True,0.0080321285140562,0.1454058876003568,0.2537033056400446,Tier_3_FlaggedInspect,Adipose,trans,,,,,,,,,,,,,,,,,,,,,,,,,,,,,left_only,True,False,False,False,False,,tissue_specific,,,15.148132225601785
,,Chodl,,,,,,,,,,,,,,,,,,,,,,,,,,,2865.0,ENSRNOG00000001915,chondrolectin,Chr11: 17.654136,3.282,25.9,Chr19: 20.064558,0.916,Chr11,17.654136,Chr19,20.064558,17.654136,20.064558,inf,False,trans,False,False,False,trans_moderate,True,0.037917737789203,0.1141345427059713,0.253218298173311,Tier_3_FlaggedInspect,Liver,trans,right_only,False,True,False,False,False,,tissue_specific,,,15.128731926932439
5956.0,ENSRNOG00000064612,Gcnt4,glucosaminyl (N-acetyl) transferase 4,Chr2: 28.253324,5.165,26.9,Chr3: 28.169815,-0.536,Chr2,28.253324,Chr3,28.169815,28.253324,28.169815,inf,False,trans,False,False,False,trans_moderate,True,0.0461847389558232,0.1008028545941124,0.2514456577424775,Tier_3_FlaggedInspect,Adipose,trans,,,,,,,,,,,,,,,,,,,,,,,,,,,,,left_only,True,False,False,False,False,,tissue_specific,,,15.0578263096991
,,Abcb1b,,,,,,,,,,,,,,,,,,,,,,,,,,,60.0,ENSRNOG00000066042,"ATP-binding cassette, sub-family B member 1B",Chr4: 25.325193,9.332,20.5,Chr7: 120.551699,-1.07,Chr4,25.325193,Chr7,120.551699,25.325193,120.551699,inf,False,trans,False,False,False,trans_moderate,True,0.0032133676092544,0.1432350718065003,0.2512569537955142,Tier_3_FlaggedInspect,Liver,trans,right_only,False,True,False,False,False,,tissue_specific,,,15.050278151820569
20322.0,UNCHAR_LOC502907,LOC502907,uncharacterized LOC502907,Chr4: 163.825354,3.332,21.7,Chr4: 165.205943,0.648,Chr4,163.825354,Chr4,165.205943,163.825354,165.205943,1.3805889999999863,True,cis,False,True,True,cis,False,0.0113788487282463,0.1341064525721082,0.2509198554551241,Tier_2_Validate,Adipose,distal_cis,,,,,,,,,,,,,,,,,,,,,,,,,,,,,left_only,True,False,False,False,False,,tissue_specific,,,15.036794218204964
27578.0,ENSRNOG00000057677,Rpl30l1,ribosomal protein L30-like 1,Chr13: 89.281686,1.256,20.6,Chr7: 68.339536,0.667,Chr13,89.281686,Chr7,68.339536,89.281686,68.339536,inf,False,trans,False,False,False,trans_moderate,True,0.0040160642570281,0.1397561700862325,0.2503202820201412,Tier_3_FlaggedInspect,Adipose,trans,,,,,,,,,,,,,,,,,,,,,,,,,,,,,left_only,True,False,False,False,False,,tissue_specific,,,15.01281128080565
3681.0,ENSRNOG00000024372,Cwf19l2,CWF19 like cell cycle control factor 2,Chr6: 0.356635,8.946,31.4,Chr6: 5.685173,0.419,Chr6,0.356635,Chr6,5.685173,0.356635,5.685173,5.328538,False,trans,False,False,False,trans_moderate,True,0.0763052208835341,0.0660124888492417,0.2498111984064715,Tier_3_FlaggedInspect,Adipose,trans,,,,,,,,,,,,,,,,,,,,,,,,,,,,,left_only,True,False,False,False,False,,tissue_specific,,,14.992447936258861
632.0,ENSRNOG00000024525,Alkbh8,"alkB homolog 8, tRNA methyltransferase",Chr6: 0.449381,7.399,31.3,Chr6: 5.685173,0.419,Chr6,0.449381,Chr6,5.685173,0.449381,5.685173,5.235792,False,trans,False,False,False,trans_moderate,True,0.0756358768406961,0.0660124888492417,0.2495769279914782,Tier_3_FlaggedInspect,Adipose,trans,,,,,,,,,,,,,,,,,,,,,,,,,,,,,left_only,True,False,False,False,False,,tissue_specific,,,14.983077119659129
,,LOC498369,,,,,,,,,,,,,,,,,,,,,,,,,,,20269.0,UNCHAR_LOC498369,uncharacterized LOC498369,Chr14: 44.791252,1.664,52.1,Chr10: 86.167301,1.456,Chr14,44.791252,Chr10,86.167301,44.791252,86.167301,inf,False,trans,False,True,True,trans_moderate,True,0.2062982005141388,0.2161753590325018,0.2478657458413242,Tier_3_FlaggedInspect,Liver,trans,right_only,False,True,False,False,False,,tissue_specific,,,14.914629833652969
19681.0,UNCHAR_LOC120102902,LOC120102902,protein PRRC2C-like,Chr5: 95.553146,7.423,32.8,Chr13: 75.013561,0.367,Chr5,95.553146,Chr13,75.013561,95.553146,75.013561,inf,False,trans,False,False,True,trans_moderate,True,0.0856760374832663,0.0505501040737436,0.2476791495449535,Tier_3_FlaggedInspect,Adipose,trans,,,,,,,,,,,,,,,,,,,,,,,,,,,,,left_only,True,False,False,False,False,,tissue_specific,,,14.907165981798139
11997.0,ENSRNOG00000030351,LOC108348989,high mobility group box 1 like 1,Chr1: 79.815175,3.579,27.5,Chr12: 6.044027,0.463,Chr1,79.815175,Chr12,6.044027,79.815175,6.044027,inf,False,trans,False,False,True,trans_moderate,True,0.0502008032128514,0.0790960451977401,0.245253896943707,Tier_3_FlaggedInspect,Adipose,trans,,,,,,,,,,,,,,,,,,,,,,,,,,,,,left_only,True,False,False,False,False,,tissue_specific,,,14.81015587774828
,,LOC102546488,,,,,,,,,,,,,,,,,,,,,,,,,,,8967.0,UNCHAR_LOC102546488,uncharacterized LOC102546488,Chr12: 33.548396,1.007,27.2,Chr12: 34.958628,-0.679,Chr12,33.548396,Chr12,34.958628,33.548396,34.958628,1.4102320000000006,True,cis,False,True,True,cis,False,0.0462724935732647,0.069349962207105,0.2404678595231294,Tier_2_Validate,Liver,distal_cis,right_only,False,True,False,False,False,,tissue_specific,,,14.618714380925176
11640.0,UNCHAR_LOC103693496,LOC103693496,Zinc finger protein 431 like 11,Chr1: 0.192444,3.619,23.1,Chr9: 112.810766,0.512,Chr1,0.192444,Chr9,112.810766,0.192444,112.810766,inf,False,trans,False,False,True,trans_moderate,True,0.0207496653279785,0.0936663693131133,0.2400456121243821,Tier_3_FlaggedInspect,Adipose,trans,,,,,,,,,,,,,,,,,,,,,,,,,,,,,left_only,True,False,False,False,False,,tissue_specific,,,14.601824484975284
8959.0,UNCHAR_LOC102546462,LOC102546462,uncharacterized LOC102546462,Chr15: 52.177810,4.131,23.0,Chr15: 53.519327,-0.5,Chr15,52.17781,Chr15,53.519327,52.17781,53.519327,1.341516999999996,True,cis,False,True,True,cis,False,0.0200803212851405,0.0900981266726137,0.238562456785214,Tier_2_Validate,Adipose,distal_cis,,,,,,,,,,,,,,,,,,,,,,,,,,,,,left_only,True,False,False,False,False,,tissue_specific,,,14.54249827140856
14097.0,UNCHAR_LOC120094596,LOC120094596,uncharacterized LOC120094596,Chr9: 0.413569,1.993,46.5,Chr7: 0.194932,0.929,Chr9,0.413569,Chr7,0.194932,0.413569,0.194932,inf,False,trans,False,True,True,trans_moderate,True,0.1773761713520749,0.2176628010704727,0.2382636403478917,Tier_3_FlaggedInspect,Adipose,trans,,,,,,,,,,,,,,,,,,,,,,,,,,,,,left_only,True,False,False,False,False,,tissue_specific,,,14.530545613915667
9902.0,UNCHAR_LOC102550711,LOC102550711,uncharacterized LOC102550711,Chr9: 113.501632,8.244,30.6,Chr9: 112.444670,0.326,Chr9,113.501632,Chr9,112.44467,113.501632,112.44467,1.0569619999999986,True,cis,False,True,True,cis,False,0.07095046854083,0.0383586083853702,0.2382581769241701,Tier_2_Validate,Adipose,distal_cis,,,,,,,,,,,,,,,,,,,,,,,,,,,,,left_only,True,False,False,False,False,,tissue_specific,,,14.530327076966804
,,Nrcam,,,,,,,,,,,,,,,,,,,,,,,,,,,22956.0,ENSRNOG00000004067,neuronal cell adhesion molecule,Chr6: 61.402812,5.311,20.0,Chr7: 120.551699,-0.886,Chr6,61.402812,Chr7,120.551699,61.402812,120.551699,inf,False,trans,False,False,False,trans_moderate,True,0.0,0.1084656084656084,0.237962962962963,Tier_3_FlaggedInspect,Liver,trans,right_only,False,True,False,False,False,,tissue_specific,,,14.518518518518519
32576.0,ENSRNOG00000064083,Vom1r17,vomeronasal 1 receptor 17,Chr1: 60.770205,0.335,25.6,Chr1: 56.653675,-0.435,Chr1,60.770205,Chr1,56.653675,60.770205,56.653675,4.116529999999997,False,trans,False,False,False,trans_moderate,True,0.037483266398929,0.0707701457032411,0.2378886942357596,Tier_3_FlaggedInspect,Adipose,trans,,,,,,,,,,,,,,,,,,,,,,,,,,,,,left_only,True,False,False,False,False,,tissue_specific,,,14.515547769430384
11008.0,UNCHAR_LOC102556004,LOC102556004,uncharacterized LOC102556004,Chr5: 9.296083,7.62,30.3,Chr5: 11.539025,-0.318,Chr5,9.296083,Chr5,11.539025,9.296083,11.539025,2.242942000000001,True,cis,False,True,True,cis,False,0.0689424364123159,0.0359797799583705,0.2367227757297402,Tier_2_Validate,Adipose,distal_cis,,,,,,,,,,,,,,,,,,,,,,,,,,,,,left_only,True,False,False,False,False,,tissue_specific,,,14.46891102918961
12695.0,UNCHAR_LOC108352035,LOC108352035,uncharacterized LOC108352035,Chr9: 98.932825,1.063,20.9,Chr9: 97.359745,-0.516,Chr9,98.932825,Chr9,97.359745,98.932825,97.359745,1.5730799999999905,True,cis,False,True,True,cis,False,0.0060240963855421,0.0948557835266131,0.2353079579692543,Tier_2_Validate,Adipose,distal_cis,,,,,,,,,,,,,,,,,,,,,,,,,,,,,left_only,True,False,False,False,False,,tissue_specific,,,14.412318318770172
20331.0,UNCHAR_LOC678756,LOC678756,uncharacterized LOC678756,Chr16: 35.983015,2.613,35.7,Chr3: 9.132890,1.119,Chr16,35.983015,Chr3,9.13289,35.983015,9.13289,inf,False,trans,False,True,True,trans_moderate,True,0.1050870147255689,0.2741599762117157,0.2327364468280496,Tier_3_FlaggedInspect,Adipose,trans,,,,,,,,,,,,,,,,,,,,,,,,,,,,,left_only,True,False,False,False,False,,tissue_specific,,,14.309457873121984
18725.0,UNCHAR_LOC120101456,LOC120101456,uncharacterized LOC120101456,Chr3: 110.284853,3.518,46.5,Chr2: 122.277665,0.869,Chr3,110.284853,Chr2,122.277665,110.284853,122.277665,inf,False,trans,False,True,True,trans_moderate,True,0.1773761713520749,0.199821587867975,0.2320192157270174,Tier_3_FlaggedInspect,Adipose,trans,,,,,,,,,,,,,,,,,,,,,,,,,,,,,left_only,True,False,False,False,False,,tissue_specific,,,14.280768629080695
22179.0,ENSRNOG00000002516,Mtm1,myotubularin 1,Chr6: 0.506881,9.194,25.0,Chr6: 5.685173,0.386,Chr6,0.506881,Chr6,5.685173,0.506881,5.685173,5.178292,False,trans,False,False,False,trans_moderate,True,0.0334672021419009,0.0561998215878679,0.2313834583054191,Tier_3_FlaggedInspect,Adipose,trans,,,,,,,,,,,,,,,,,,,,,,,,,,,,,left_only,True,False,False,False,False,,tissue_specific,,,14.255338332216764
,,RGD1564597,,,,,,,,,,,,,,,,,,,,,,,,,,,27039.0,UNCHAR_RGD1564597,uncharacterized RGD1564597,Chr8: 100.576989,2.388,51.7,Chr8: 44.681539,-1.215,Chr8,100.576989,Chr8,44.681539,100.576989,44.681539,55.89545,False,trans,False,True,False,trans_moderate,True,0.2037275064267352,0.1706349206349206,0.2310268494715795,Tier_3_FlaggedInspect,Liver,trans,right_only,False,True,False,False,False,,tissue_specific,,,14.24107397886318
13092.0,UNCHAR_LOC120093104,LOC120093104,uncharacterized LOC120093104,Chr4: 163.643090,8.973,21.2,Chr4: 165.066174,0.454,Chr4,163.64309,Chr4,165.066174,163.64309,165.066174,1.4230839999999887,True,cis,False,True,True,cis,False,0.0080321285140562,0.0764198632173654,0.2295581971059976,Tier_2_Validate,Adipose,distal_cis,,,,,,,,,,,,,,,,,,,,,,,,,,,,,left_only,True,False,False,False,False,,tissue_specific,,,14.182327884239903
,,LOC108348833,,,,,,,,,,,,,,,,,,,,,,,,,,,11958.0,UNCHAR_LOC108348833,uncharacterized LOC108348833,Chr18: 75.959367,7.274,23.6,Chr18: 77.007959,0.627,Chr18,75.959367,Chr18,77.007959,75.959367,77.007959,1.0485919999999993,True,cis,False,True,True,cis,False,0.0231362467866324,0.0595238095238095,0.2289310197086546,Tier_2_Validate,Liver,distal_cis,right_only,False,True,False,False,False,,tissue_specific,,,14.157240788346183
27984.0,ENSRNOG00000014398,Scara5,"scavenger receptor class A, member 5",Chr15: 39.880016,12.413,25.1,Chr15: 46.426824,-0.336,Chr15,39.880016,Chr15,46.426824,39.880016,46.426824,6.546808000000006,False,trans,False,False,False,trans_moderate,True,0.0341365461847389,0.0413321439191198,0.2264140415363505,Tier_3_FlaggedInspect,Adipose,trans,,,,,,,,,,,,,,,,,,,,,,,,,,,,,left_only,True,False,False,False,False,,tissue_specific,,,14.05656166145402
,,Frzb,,,,,,,,,,,,,,,,,,,,,,,,,,,5707.0,ENSRNOG00000007765,frizzled-related protein,Chr3: 65.365207,5.225,21.4,Chr3: 164.153483,0.627,Chr3,65.365207,Chr3,164.153483,65.365207,164.153483,98.788276,False,trans,False,False,False,trans_moderate,True,0.0089974293059125,0.0595238095238095,0.2239824335904027,Tier_3_FlaggedInspect,Liver,trans,right_only,False,True,False,False,False,,tissue_specific,,,13.959297343616107
32314.0,UNCHAR_Ugt1a7c,Ugt1a7c,uncharacterized Ugt1a7c,Chr9: 88.739576,9.056,20.1,Chr9: 86.919449,0.414,Chr9,88.739576,Chr9,86.919449,88.739576,86.919449,1.8201269999999996,True,cis,False,True,False,cis,False,0.000669344042838,0.0645257210823669,0.2228182727938217,Tier_2_Validate,Adipose,distal_cis,,,,,,,,,,,,,,,,,,,,,,,,,,,,,left_only,True,False,False,False,False,,tissue_specific,,,13.912730911752867
11228.0,UNCHAR_LOC103690742,LOC103690742,uncharacterized LOC103690742,Chr9: 10.002935,6.676,21.0,Chr9: 7.985735,-0.384,Chr9,10.002935,Chr9,7.985735,10.002935,7.985735,2.0172000000000008,True,cis,False,True,True,cis,False,0.0066934404283801,0.055605114481118,0.2218044942183243,Tier_2_Validate,Adipose,distal_cis,,,,,,,,,,,,,,,,,,,,,,,,,,,,,left_only,True,False,False,False,False,,tissue_specific,,,13.872179768732972
,,LOC100910577,,,,,,,,,,,,,,,,,,,,,,,,,,,8767.0,UNCHAR_LOC100910577,uncharacterized LOC100910577,Chr7: 7.269878,6.035,20.6,Chr7: 5.080344,-0.608,Chr7,7.269878,Chr7,5.080344,7.269878,5.080344,2.189534,True,cis,False,True,True,cis,False,0.0038560411311054,0.055933484504913,0.2209263339726064,Tier_2_Validate,Liver,distal_cis,right_only,False,True,False,False,False,,tissue_specific,,,13.837053358904255
26699.0,UNCHAR_RGD1304624,RGD1304624,uncharacterized RGD1304624,Chr6: 72.587510,5.857,21.0,Chr6: 76.527425,-0.332,Chr6,72.58751,Chr6,76.527425,72.58751,76.527425,3.939914999999999,True,cis,False,True,False,cis,False,0.0066934404283801,0.0401427297056199,0.2163926595469,Tier_2_Validate,Adipose,distal_cis,,,,,,,,,,,,,,,,,,,,,,,,,,,,,left_only,True,False,False,False,False,,tissue_specific,,,13.655706381876001
14032.0,UNCHAR_LOC120094466,LOC120094466,uncharacterized LOC120094466,Chr8: 73.623017,1.347,38.4,Chr4: 119.127967,0.887,Chr8,73.623017,Chr4,119.127967,73.623017,119.127967,inf,False,trans,False,True,True,trans_moderate,True,0.1231593038821954,0.2051739518287243,0.2149166394988219,Tier_3_FlaggedInspect,Adipose,trans,,,,,,,,,,,,,,,,,,,,,,,,,,,,,left_only,True,False,False,False,False,,tissue_specific,,,13.596665579952877
11629.0,UNCHAR_LOC103693420,LOC103693420,uncharacterized LOC103693420,Chr10: 78.711665,8.405,40.2,Chr4: 105.344429,-0.797,Chr10,78.711665,Chr4,105.344429,78.711665,105.344429,inf,False,trans,False,True,True,trans_moderate,True,0.1352074966532798,0.1784121320249777,0.2097668700373901,Tier_3_FlaggedInspect,Adipose,trans,,,,,,,,,,,,,,,,,,,,,,,,,,,,,left_only,True,False,False,False,False,,tissue_specific,,,13.390674801495605
8868.0,UNCHAR_LOC100912041,LOC100912041,uncharacterized LOC100912041,Chr1: 205.619201,7.625,20.5,Chr1: 202.433592,0.251,Chr1,205.619201,Chr1,202.433592,205.619201,202.433592,3.1856089999999995,True,cis,False,True,True,cis,False,0.00334672021419,0.0160570918822479,0.2067913342337533,Tier_2_Validate,Adipose,distal_cis,,,,,,,,,,,,,,,,,,,,,,,,,,,,,left_only,True,False,False,False,False,,tissue_specific,,,13.271653369350132
,,LOC501467,,,,,,,,,,,,,,,,,,,,,,,,,,,20309.0,UNCHAR_LOC501467,uncharacterized LOC501467,Chr19: 0.018788,1.655,35.3,Chr19: 13.144002,-1.404,Chr19,0.018788,Chr19,13.144002,0.018788,13.144002,13.125214,False,trans,False,True,True,trans_moderate,True,0.0983290488431876,0.2063492063492063,0.2066373893173378,Tier_3_FlaggedInspect,Liver,trans,right_only,False,True,False,False,False,,tissue_specific,,,13.265495572693512
11360.0,UNCHAR_LOC103691580,LOC103691580,uncharacterized LOC103691580,Chr9: 0.366431,2.606,37.5,Chr7: 0.798459,0.759,Chr9,0.366431,Chr7,0.798459,0.366431,0.798459,inf,False,trans,False,True,True,trans_moderate,True,0.1171352074966532,0.1671126969967291,0.1994867665726838,Tier_3_FlaggedInspect,Adipose,trans,,,,,,,,,,,,,,,,,,,,,,,,,,,,,left_only,True,False,False,False,False,,tissue_specific,,,12.979470662907353
20373.0,UNCHAR_LOC680933,LOC680933,uncharacterized LOC680933,Chr6: 0.192191,7.455,50.0,Chr7: 0.798459,-0.454,Chr6,0.192191,Chr7,0.798459,0.192191,0.798459,inf,False,trans,False,True,True,trans_moderate,True,0.2008032128514056,0.0764198632173654,0.1970280766240698,Tier_3_FlaggedInspect,Adipose,trans,,,,,,,,,,,,,,,,,,,,,,,,,,,,,left_only,True,False,False,False,False,,tissue_specific,,,12.881123064962791
,,LOC120094351,,,,,,,,,,,,,,,,,,,,,,,,,,,13959.0,UNCHAR_LOC120094351,uncharacterized LOC120094351,Chr8: 117.510060,1.298,23.2,Chr1: 81.358613,1.649,Chr8,117.51006,Chr1,81.358613,117.51006,81.358613,inf,False,trans,False,True,True,trans_moderate,True,0.0205655526992287,0.2526455026455027,0.195623869370656,Tier_3_FlaggedInspect,Liver,trans,right_only,False,True,False,False,False,,tissue_specific,,,12.82495477482624
19014.0,UNCHAR_LOC120101875,LOC120101875,uncharacterized LOC120101875,Chr3: 4.361354,4.032,32.5,Chr3: 9.132890,0.802,Chr3,4.361354,Chr3,9.13289,4.361354,9.13289,4.771535999999999,False,trans,False,True,True,trans_moderate,True,0.0836680053547523,0.1798988997918525,0.1922484168013117,Tier_3_FlaggedInspect,Adipose,trans,,,,,,,,,,,,,,,,,,,,,,,,,,,,,left_only,True,False,False,False,False,,tissue_specific,,,12.689936672052468
,,LOC120098812,,,,,,,,,,,,,,,,,,,,,,,,,,,17090.0,ENSRNOG00000070630,uncharacterized LOC120098812,Chr20: 7.149116,3.41,29.9,Chr7: 120.551699,-1.341,Chr20,7.149116,Chr7,120.551699,7.149116,120.551699,inf,False,trans,False,True,True,trans_moderate,True,0.063624678663239,0.1944444444444444,0.1903241930876892,Tier_3_FlaggedInspect,Liver,trans,right_only,False,True,False,False,False,,tissue_specific,,,12.612967723507568
12582.0,UNCHAR_LOC108351646,LOC108351646,uncharacterized LOC108351646,Chr8: 2.508579,0.533,35.8,Chr1: 178.794376,0.676,Chr8,2.508579,Chr1,178.794376,2.508579,178.794376,inf,False,trans,False,True,True,trans_moderate,True,0.1057563587684069,0.1424323520666072,0.1868660487922549,Tier_3_FlaggedInspect,Adipose,trans,,,,,,,,,,,,,,,,,,,,,,,,,,,,,left_only,True,False,False,False,False,,tissue_specific,,,12.474641951690195
15123.0,UNCHAR_LOC120095980,LOC120095980,uncharacterized LOC120095980,Chr12: 36.144502,0.941,34.2,Chr7: 133.200936,-0.683,Chr12,36.144502,Chr7,133.200936,36.144502,133.200936,inf,False,trans,False,True,True,trans_moderate,True,0.0950468540829986,0.1445138269402319,0.1838462383581307,Tier_3_FlaggedInspect,Adipose,trans,,,,,,,,,,,,,,,,,,,,,,,,,,,,,left_only,True,False,False,False,False,,tissue_specific,,,12.353849534325228
8503.0,UNCHAR_LOC100360260,LOC100360260,uncharacterized LOC100360260,Chr16: 29.188608,4.682,37.0,Chr4: 80.894921,0.613,Chr16,29.188608,Chr4,80.894921,29.188608,80.894921,inf,False,trans,False,True,True,trans_moderate,True,0.1137884872824631,0.1236990782039845,0.1831206479202567,Tier_3_FlaggedInspect,Adipose,trans,,,,,,,,,,,,,,,,,,,,,,,,,,,,,left_only,True,False,False,False,False,,tissue_specific,,,12.32482591681027
17588.0,UNCHAR_LOC120099587,LOC120099587,uncharacterized LOC120099587,ChrY: 12.161298,4.983,40.3,Chr1: 143.735958,-0.506,ChrY,12.161298,Chr1,143.735958,12.161298,143.735958,inf,False,trans,False,True,True,trans_moderate,True,0.1358768406961177,0.0918822479928635,0.1797156810411434,Tier_3_FlaggedInspect,Adipose,trans,,,,,,,,,,,,,,,,,,,,,,,,,,,,,left_only,True,False,False,False,False,,tissue_specific,,,12.188627241645737
4628.0,UNCHAR_Eef1e1-ps4,Eef1e1-ps4,uncharacterized Eef1e1-ps4,Chr11: 20.494650,1.115,27.9,Chr17: 25.548833,0.753,Chr11,20.49465,Chr17,25.548833,20.49465,25.548833,inf,False,trans,False,True,False,trans_moderate,True,0.0528781793842034,0.1653285756764793,0.1763723642712389,Tier_3_FlaggedInspect,Adipose,trans,,,,,,,,,,,,,,,,,,,,,,,,,,,,,left_only,True,False,False,False,False,,tissue_specific,,,12.054894570849555
,,RGD1565987,,,,,,,,,,,,,,,,,,,,,,,,,,,27120.0,UNCHAR_RGD1565987,uncharacterized RGD1565987,Chr5: 95.464872,2.802,25.5,Chr12: 11.169909,1.265,Chr5,95.464872,Chr12,11.169909,95.464872,11.169909,inf,False,trans,False,True,False,trans_moderate,True,0.0353470437017994,0.1800831443688586,0.1754005658247303,Tier_3_FlaggedInspect,Liver,trans,right_only,False,True,False,False,False,,tissue_specific,,,12.016022632989213
4619.0,UNCHAR_Eef1a1-ps15,Eef1a1-ps15,"eukaryotic translation elongation factor 1 alpha 1, pseudogene 15",Chr13: 68.389827,4.26,35.3,Chr8: 79.364511,0.575,Chr13,68.389827,Chr8,79.364511,68.389827,79.364511,inf,False,trans,True,False,False,PSEUDOGENE_TRANS,True,0.1024096385542168,0.1123996431757359,0.1751832486054834,Tier_3_FlaggedInspect,Adipose,trans,,,,,,,,,,,,,,,,,,,,,,,,,,,,,left_only,True,False,False,False,False,,tissue_specific,,,12.007329944219336
13574.0,UNCHAR_LOC120093807,LOC120093807,uncharacterized LOC120093807,Chr7: 63.682556,1.082,28.5,Chr2: 31.925135,-0.716,Chr7,63.682556,Chr2,31.925135,63.682556,31.925135,inf,False,trans,False,True,True,trans_moderate,True,0.0568942436412315,0.1543264942016056,0.173927258244993,Tier_3_FlaggedInspect,Adipose,trans,,,,,,,,,,,,,,,,,,,,,,,,,,,,,left_only,True,False,False,False,False,,tissue_specific,,,11.957090329799719
20426.0,UNCHAR_LOC685085,LOC685085,uncharacterized LOC685085,Chr4: 120.934258,6.431,35.7,Chr8: 44.681539,-0.455,Chr4,120.934258,Chr8,44.681539,120.934258,44.681539,inf,False,trans,False,True,True,trans_moderate,True,0.1050870147255689,0.0767172167707404,0.1636314810237082,Tier_3_FlaggedInspect,Adipose,trans,,,,,,,,,,,,,,,,,,,,,,,,,,,,,left_only,True,False,False,False,False,,tissue_specific,,,11.545259240948328
,,LOC120101061,,,,,,,,,,,,,,,,,,,,,,,,,,,18503.0,UNCHAR_LOC120101061,uncharacterized LOC120101061,Chr2: 0.061944,1.969,24.7,Chr7: 0.194932,1.113,Chr2,0.061944,Chr7,0.194932,0.061944,0.194932,inf,False,trans,False,True,True,trans_moderate,True,0.0302056555269922,0.151360544217687,0.1635481699106377,Tier_3_FlaggedInspect,Liver,trans,right_only,False,True,False,False,False,,tissue_specific,,,11.541926796425507
8508.0,UNCHAR_LOC100360413,LOC100360413,uncharacterized LOC100360413,ChrX: 148.480779,13.168,32.4,Chr8: 79.366724,-0.447,ChrX,148.480779,Chr8,79.366724,148.480779,79.366724,inf,False,trans,False,True,True,trans_moderate,True,0.0829986613119143,0.0743383883437407,0.1550679673794792,Tier_3_FlaggedInspect,Adipose,trans,,,,,,,,,,,,,,,,,,,,,,,,,,,,,left_only,True,False,False,False,False,,tissue_specific,,,11.202718695179168
13380.0,UNCHAR_LOC120093567,LOC120093567,uncharacterized LOC120093567,Chr7: 32.737506,0.873,25.8,Chr2: 153.918888,0.575,Chr7,32.737506,Chr2,153.918888,32.737506,153.918888,inf,False,trans,False,True,True,trans_moderate,True,0.038821954484605,0.1123996431757359,0.1529275591811193,Tier_3_FlaggedInspect,Adipose,trans,,,,,,,,,,,,,,,,,,,,,,,,,,,,,left_only,True,False,False,False,False,,tissue_specific,,,11.117102367244772
,,LOC102554611,,,,,,,,,,,,,,,,,,,,,,,,,,,10725.0,UNCHAR_LOC102554611,uncharacterized LOC102554611,Chr15: 47.588472,0.446,33.1,Chr15: 38.397019,0.647,Chr15,47.588472,Chr15,38.397019,47.588472,38.397019,9.191453000000005,False,trans,False,True,True,trans_moderate,True,0.0841902313624678,0.0633030990173847,0.1516226656329484,Tier_3_FlaggedInspect,Liver,trans,right_only,False,True,False,False,False,,tissue_specific,,,11.064906625317937
,,Eda2r,,,,,,,,,,,,,,,,,,,,,,,,,,,4598.0,UNCHAR_Eda2r,uncharacterized Eda2r,ChrX: 62.269332,4.348,20.6,Chr7: 120.551699,-1.063,ChrX,62.269332,Chr7,120.551699,62.269332,120.551699,inf,False,trans,False,True,False,trans_moderate,True,0.0038560411311054,0.141912320483749,0.151018926565199,Tier_3_FlaggedInspect,Liver,trans,right_only,False,True,False,False,False,,tissue_specific,,,11.040757062607959
18864.0,UNCHAR_LOC120101646,LOC120101646,uncharacterized LOC120101646,Chr3: 109.917152,1.617,20.2,Chr3: 105.063132,-0.677,Chr3,109.917152,Chr3,105.063132,109.917152,105.063132,4.8540200000000056,False,trans,False,True,True,trans_moderate,True,0.001338688085676,0.1427297056199821,0.1504239377969803,Tier_3_FlaggedInspect,Adipose,trans,,,,,,,,,,,,,,,,,,,,,,,,,,,,,left_only,True,False,False,False,False,,tissue_specific,,,11.016957511879212
19185.0,UNCHAR_LOC120102195,LOC120102195,uncharacterized LOC120102195,Chr4: 0.767055,3.45,22.9,Chr7: 0.194932,0.608,Chr4,0.767055,Chr7,0.194932,0.767055,0.194932,inf,False,trans,False,True,True,trans_moderate,True,0.0194109772423025,0.1222123104371097,0.1495681506877942,Tier_3_FlaggedInspect,Adipose,trans,,,,,,,,,,,,,,,,,,,,,,,,,,,,,left_only,True,False,False,False,False,,tissue_specific,,,10.982726027511767
,,LOC678760,,,,,,,,,,,,,,,,,,,,,,,,,,,20332.0,UNCHAR_LOC678760,uncharacterized LOC678760,Chr3: 136.920236,7.286,32.5,Chr1: 203.288832,0.549,Chr3,136.920236,Chr1,203.288832,136.920236,203.288832,inf,False,trans,False,True,True,trans_moderate,True,0.0803341902313624,0.0447845804988662,0.14379156975558,Tier_3_FlaggedInspect,Liver,trans,right_only,False,True,False,False,False,,tissue_specific,,,10.7516627902232
12656.0,UNCHAR_LOC108351926,LOC108351926,uncharacterized LOC108351926,Chr9: 49.975500,2.47,20.0,Chr4: 105.344429,-0.606,Chr9,49.9755,Chr4,105.344429,49.9755,105.344429,inf,False,trans,False,True,True,trans_moderate,True,0.0,0.1216176033303597,0.1425661611656259,Tier_3_FlaggedInspect,Adipose,trans,,,,,,,,,,,,,,,,,,,,,,,,,,,,,left_only,True,False,False,False,False,,tissue_specific,,,10.702646446625035
20229.0,UNCHAR_LOC301444,LOC301444,uncharacterized LOC301444,Chr9: 61.336926,1.175,21.0,Chr13: 32.378736,-0.566,Chr9,61.336926,Chr13,32.378736,61.336926,32.378736,inf,False,trans,False,True,True,trans_moderate,True,0.0066934404283801,0.1097234611953612,0.1407459155683095,Tier_3_FlaggedInspect,Adipose,trans,,,,,,,,,,,,,,,,,,,,,,,,,,,,,left_only,True,False,False,False,False,,tissue_specific,,,10.62983662273238
,,LOC685291,,,,,,,,,,,,,,,,,,,,,,,,,,,20439.0,UNCHAR_LOC685291,uncharacterized LOC685291,Chr19: 22.439431,0.461,23.8,Chr19: 14.059434,-0.619,Chr19,22.439431,Chr19,14.059434,22.439431,14.059434,8.379997,False,trans,False,True,True,trans_moderate,True,0.0244215938303341,0.0580120937263794,0.1288517906448497,Tier_3_FlaggedInspect,Liver,trans,right_only,False,True,False,False,False,,tissue_specific,,,10.154071625793987
19181.0,UNCHAR_LOC120102190,LOC120102190,uncharacterized LOC120102190,Chr4: 0.509876,4.905,22.9,Chr7: 0.194932,0.396,Chr4,0.509876,Chr7,0.194932,0.509876,0.194932,inf,False,trans,False,True,True,trans_moderate,True,0.0194109772423025,0.0591733571216176,0.127504517027372,Tier_3_FlaggedInspect,Adipose,trans,,,,,,,,,,,,,,,,,,,,,,,,,,,,,left_only,True,False,False,False,False,,tissue_specific,,,10.10018068109488
20231.0,UNCHAR_LOC302022,LOC302022,uncharacterized LOC302022,Chr3: 4.086902,4.987,22.7,Chr3: 8.469538,-0.399,Chr3,4.086902,Chr3,8.469538,4.086902,8.469538,4.382636,False,trans,False,True,True,trans_moderate,True,0.0180722891566265,0.0600654177817424,0.1273481974284291,Tier_3_FlaggedInspect,Adipose,trans,,,,,,,,,,,,,,,,,,,,,,,,,,,,,left_only,True,False,False,False,False,,tissue_specific,,,10.093927897137164
,,LOC108350502,,,,,,,,,,,,,,,,,,,,,,,,,,,12279.0,UNCHAR_LOC108350502,uncharacterized LOC108350502,Chr3: 141.273637,5.461,20.5,Chr10: 13.286123,0.611,Chr3,141.273637,Chr10,13.286123,141.273637,13.286123,inf,False,trans,False,True,True,trans_moderate,True,0.0032133676092544,0.0565003779289493,0.1208998109383713,Tier_3_FlaggedInspect,Liver,trans,right_only,False,True,False,False,False,,tissue_specific,,,9.835992437534852
9465.0,UNCHAR_LOC102548673,LOC102548673,uncharacterized LOC102548673,Chr10: 76.093222,0.157,23.1,Chr2: 81.446771,-0.312,Chr10,76.093222,Chr2,81.446771,76.093222,81.446771,inf,False,trans,False,True,True,trans_moderate,True,0.0207496653279785,0.0341956586381207,0.1192308633881347,Tier_3_FlaggedInspect,Adipose,trans,,,,,,,,,,,,,,,,,,,,,,,,,,,,,left_only,True,False,False,False,False,,tissue_specific,,,9.769234535525388
27722.0,UNCHAR_Rrs1-ps9,Rrs1-ps9,"ribosome biogenesis regulator 1 homolog, pseudogene 9",Chr2: 102.363613,6.299,20.6,Chr2: 96.993538,0.339,Chr2,102.363613,Chr2,96.993538,102.363613,96.993538,5.370075,False,trans,True,False,False,PSEUDOGENE_TRANS,True,0.0040160642570281,0.0422242045792447,0.1161840940926955,Tier_3_FlaggedInspect,Adipose,trans,,,,,,,,,,,,,,,,,,,,,,,,,,,,,left_only,True,False,False,False,False,,tissue_specific,,,9.64736376370782
8907.0,UNCHAR_LOC100912582,LOC100912582,uncharacterized LOC100912582,Chr7: 11.929492,6.243,20.4,Chr7: 1.298442,0.327,Chr7,11.929492,Chr7,1.298442,11.929492,1.298442,10.63105,False,trans,False,True,True,trans_moderate,True,0.002677376171352,0.0386559619387451,0.114466668338534,Tier_3_FlaggedInspect,Adipose,trans,,,,,,,,,,,,,,,,,,,,,,,,,,,,,left_only,True,False,False,False,False,,tissue_specific,,,9.578666733541361
26730.0,UNCHAR_RGD1308750,RGD1308750,uncharacterized RGD1308750,ChrX: 149.572961,6.023,21.0,Chr1: 225.082636,0.304,ChrX,149.572961,Chr1,225.082636,149.572961,225.082636,inf,False,trans,False,True,False,trans_moderate,True,0.0066934404283801,0.031816830211121,0.1134785947238254,Tier_3_FlaggedInspect,Adipose,trans,,,,,,,,,,,,,,,,,,,,,,,,,,,,,left_only,True,False,False,False,False,,tissue_specific,,,9.539143788953016
