Index,Record,Symbol,Description,Location,Mean,Peak -logP,Peak Location,Effect Size,Gene_Chr,Gene_Pos_Str,Peak_Chr,Peak_Pos_Str,Gene_Pos,Peak_Pos,Distance_Mb,is_cis,cis_trans,is_pseudogene,is_uncharacterized,is_loc,trans_flag,flag_artifact,norm_logp,norm_es,biol_score,tier,tissue
17771,UNCHAR_LOC120099939,LOC120099939,uncharacterized LOC120099939,Chr1: 182.637159,2.582,175.6,Chr1: 181.810195,4.164,Chr1, 182.637159,Chr1, 181.810195,182.637159,181.810195,0.8269640000000038,True,cis,False,True,True,cis,False,1.0,0.7278911564625851,0.8047619047619047,Tier_2_Validate,Liver
4848,UNCHAR_Eno1-ps20,Eno1-ps20,"enolase 1, pseudogene 20",Chr4: 150.929142,6.779,160.6,Chr5: 160.724189,4.484,Chr4, 150.929142,Chr5, 160.724189,150.929142,160.724189,inf,False,trans,True,False,False,MEGA_EFFECT;PSEUDOGENE_TRANS,True,0.903598971722365,0.7883597883597884,0.6921855660287536,Tier_3_FlaggedInspect,Liver
9533,ENSRNOG00000076275,LOC102549024,uncharacterized LOC102549024,Chr4: 175.285951,4.97,157.8,Chr4: 175.154923,-5.604,Chr4, 175.285951,Chr4, 175.154923,175.285951,175.154923,0.1310280000000148,True,cis,False,True,True,cis,False,0.88560411311054,1.0,0.859961439588689,Tier_2_Validate,Liver
26677,ENSRNOG00000004381,Rfk-ps3,"riboflavin kinase, pseudogene 3",Chr3: 86.512352,2.01,150.6,Chr1: 214.758666,3.355,Chr3, 86.512352,Chr1, 214.758666,86.512352,214.758666,inf,False,trans,True,False,False,MEGA_EFFECT;PSEUDOGENE_TRANS,True,0.8393316195372751,0.575018896447468,0.59502268059466,Tier_3_FlaggedInspect,Liver
9548,ENSRNOG00000066208,LOC102549099,uncharacterized LOC102549099,Chr15: 51.192637,5.191,149.9,Chr15: 50.896269,-4.676,Chr15, 51.192637,Chr15, 50.896269,51.192637,50.896269,0.2963680000000011,True,cis,False,True,True,cis,False,0.8348329048843188,0.8246409674981103,0.7808158553338501,Tier_2_Validate,Liver
24601,ENSRNOG00000019208,P2rx5,purinergic receptor P2X 5,Chr10: 57.777736,2.808,144.7,Chr10: 56.935705,-3.735,Chr10, 57.777736,Chr10, 56.935705,57.777736,56.935705,0.8420309999999986,True,cis,False,False,False,cis,False,0.8014138817480719,0.6468253968253969,0.806883747500714,Tier_1_HighConfidence,Liver
20631,UNCHAR_LOC691532,LOC691532,uncharacterized LOC691532,Chr3: 107.280024,5.98,144.0,Chr8: 44.681539,4.115,Chr3, 107.280024,Chr8, 44.681539,107.280024,44.681539,inf,False,trans,False,True,True,MEGA_EFFECT;LOC_UNCHARACTERIZED,True,0.7969151670951157,0.7186318972033259,0.6304414725044545,Tier_3_FlaggedInspect,Liver
10998,UNCHAR_LOC102555965,LOC102555965,uncharacterized LOC102555965,Chr1: 184.499295,5.007,142.9,Chr1: 184.570953,-4.917,Chr1, 184.499295,Chr1, 184.570953,184.499295,184.570953,0.07165800000001354,True,cis,False,True,True,cis,False,0.7898457583547559,0.8701814058956916,0.7810095074876565,Tier_2_Validate,Liver
20430,UNCHAR_LOC685157,LOC685157,uncharacterized LOC685157,Chr12: 18.799390,2.156,134.2,Chr12: 19.032032,-2.929,Chr12, 18.799390,Chr12, 19.032032,18.79939,19.032032,0.232642000000002,True,cis,False,True,True,cis,False,0.7339331619537275,0.49452003023431595,0.6299586172658151,Tier_2_Validate,Liver
5147,ENSRNOG00000012067,Fam111a,FAM111 trypsin like peptidase A,Chr1: 209.640864,5.134,133.9,Chr1: 209.858238,3.869,Chr1, 209.640864,Chr1, 209.858238,209.640864,209.858238,0.21737400000000662,True,cis,False,False,False,cis,False,0.7320051413881749,0.6721466364323508,0.7914531222371839,Tier_1_HighConfidence,Liver
26952,UNCHAR_RGD1562844,RGD1562844,uncharacterized RGD1562844,Chr17: 31.386217,2.517,133.7,Chr17: 31.438420,-3.514,Chr17, 31.386217,Chr17, 31.438420,31.386217,31.43842,0.05220300000000222,True,cis,False,True,False,cis,False,0.730719794344473,0.6050642479213908,0.6675244147930522,Tier_2_Validate,Liver
27787,ENSRNOG00000029386,RT1-N2,"RT1 class Ib, locus N2",Chr20: 2.641156,4.918,133.4,Chr20: 2.687516,-3.817,Chr20, 2.641156,Chr20, 2.687516,2.641156,2.687516,0.04635999999999996,True,cis,False,False,False,cis,False,0.7287917737789203,0.6623204837490553,0.7868892901347914,Tier_1_HighConfidence,Liver
11611,UNCHAR_LOC103693260,LOC103693260,uncharacterized LOC103693260,Chr10: 2.221334,3.475,129.8,Chr10: 1.082663,3.282,Chr10, 2.221334,Chr10, 1.082663,2.221334,1.082663,1.1386710000000002,True,cis,False,True,True,cis,False,0.7056555269922881,0.5612244897959184,0.6434080058758722,Tier_2_Validate,Liver
7166,ENSRNOG00000019050,Ifit1,interferon-induced protein with tetratricopeptide repeats 1,Chr1: 232.152037,2.711,129.2,Chr1: 231.862988,3.204,Chr1, 232.152037,Chr1, 231.862988,232.152037,231.862988,0.28904900000000566,True,cis,False,False,False,cis,False,0.7017994858611825,0.5464852607709751,0.7368996613212551,Tier_1_HighConfidence,Liver
184,ENSRNOG00000051912,Acnat2,acyl-coenzyme A amino acid N-acyltransferase 2,Chr5: 63.757520,11.525,128.0,Chr5: 63.700422,-1.972,Chr5, 63.757520,Chr5, 63.700422,63.75752,63.700422,0.05709799999999632,True,cis,False,False,False,cis,False,0.6940874035989717,0.31368102796674224,0.6527189510479998,Tier_1_HighConfidence,Liver
28053,ENSRNOG00000009636,Scrn1,secernin 1,Chr4: 83.694224,4.56,125.7,Chr4: 83.871948,3.174,Chr4, 83.694224,Chr4, 83.871948,83.694224,83.871948,0.17772399999999777,True,cis,False,False,False,cis,False,0.679305912596401,0.5408163265306123,0.7270427836944546,Tier_1_HighConfidence,Liver
10409,UNCHAR_LOC102553008,LOC102553008,uncharacterized LOC102553008,Chr16: 45.901941,7.408,125.3,Chr16: 45.587763,-2.889,Chr16, 45.901941,Chr16, 45.587763,45.901941,45.587763,0.3141779999999983,True,cis,False,True,True,cis,False,0.6767352185089974,0.48696145124716556,0.607293834414657,Tier_2_Validate,Liver
13106,UNCHAR_LOC120093125,LOC120093125,uncharacterized LOC120093125,Chr20: 2.624072,6.972,123.2,Chr20: 3.210100,2.892,Chr20, 2.624072,Chr20, 3.210100,2.624072,3.2101,0.5860280000000002,True,cis,False,True,True,cis,False,0.6632390745501285,0.4875283446712018,0.6027685967274656,Tier_2_Validate,Liver
12088,UNCHAR_LOC108349532,LOC108349532,high mobility group protein B1 pseudogene,Chr1: 163.050053,2.99,122.4,Chr12: 5.976284,2.332,Chr1, 163.050053,Chr12, 5.976284,163.050053,5.976284,inf,False,trans,True,False,True,MEGA_EFFECT;PSEUDOGENE_TRANS;LOC_UNCHARACTERIZED,True,0.6580976863753214,0.381708238851096,0.46393207382924606,Tier_3_FlaggedInspect,Liver
21945,ENSRNOG00000010834,Mpped1,metallophosphoesterase domain containing 1,Chr7: 114.932220,1.938,122.3,Chr7: 114.967349,-2.242,Chr7, 114.932220,Chr7, 114.967349,114.93222,114.967349,0.035128999999997745,True,cis,False,False,False,cis,False,0.6574550128534704,0.36470143613000755,0.6577547571442173,Tier_1_HighConfidence,Liver
1515,ENSRNOG00000012027,Bco1,beta-carotene oxygenase 1,Chr19: 45.149249,6.979,121.7,Chr19: 45.316201,-1.555,Chr19, 45.149249,Chr19, 45.316201,45.149249,45.316201,0.166952000000002,True,cis,False,False,False,cis,False,0.653598971722365,0.23488284202569915,0.6109686348118224,Tier_1_HighConfidence,Liver
4128,ENSRNOG00000082925,Dhfr,dihydrofolate reductase,Chr2: 23.585875,8.515,121.0,Chr2: 23.477875,1.478,Chr2, 23.585875,Chr2, 23.477875,23.585875,23.477875,0.10800000000000054,True,cis,False,False,False,cis,False,0.6491002570694088,0.2203325774754346,0.6043014920906951,Tier_1_HighConfidence,Liver
20908,ENSRNOG00000034139,Lyc2,lysozyme C type 2,Chr7: 52.887103,8.651,120.9,Chr7: 53.139710,-2.09,Chr7, 52.887103,Chr7, 53.139710,52.887103,53.13971,0.2526069999999976,True,cis,False,False,False,cis,False,0.6484575835475579,0.33597883597883593,0.6445527468342378,Tier_1_HighConfidence,Liver
27758,UNCHAR_RT1-CE12,RT1-CE12,"RT1 class I, locus CE12",Chr20: 3.342546,6.78,119.9,Chr20: 3.601132,2.6,Chr20, 3.342546,Chr20, 3.601132,3.342546,3.601132,0.2585860000000002,True,cis,False,False,False,cis,False,0.6420308483290489,0.43235071806500386,0.6760335482379184,Tier_1_HighConfidence,Liver
2985,ENSRNOG00000013334_2,Clca2,chloride channel accessory 5,Chr2: 234.022690,5.97,118.8,Chr2: 234.106103,3.703,Chr2, 234.022690,Chr2, 234.106103,234.02269,234.106103,0.08341299999997887,True,cis,False,False,False,cis,False,0.634961439588689,0.6407785336356765,0.7465089906285278,Tier_1_HighConfidence,Liver
27762,ENSRNOG00000071225,RT1-CE16,"RT1 class I, locus CE16",Chr20: 3.260695,10.169,115.0,Chr20: 3.601132,-2.264,Chr20, 3.260695,Chr20, 3.601132,3.260695,3.601132,0.3404370000000001,True,cis,False,False,False,cis,False,0.6105398457583547,0.36885865457294026,0.6427894751159532,Tier_1_HighConfidence,Liver
21791,ENSRNOG00000021555,Mis18a,MIS18 kinetochore protein A,Chr11: 29.981057,3.768,113.8,Chr11: 29.858552,2.362,Chr11, 29.981057,Chr11, 29.858552,29.981057,29.858552,0.12250500000000031,True,cis,False,False,False,cis,False,0.602827763496144,0.38737717309145886,0.6465717278056609,Tier_1_HighConfidence,Liver
3813,ENSRNOG00000042496,Cyp4f37,"cytochrome P450, family 4, subfamily f, polypeptide 37",Chr7: 11.572572,2.384,113.6,Chr7: 11.496541,-2.347,Chr7, 11.572572,Chr7, 11.496541,11.572572,11.496541,0.07603099999999863,True,cis,False,False,False,cis,False,0.6015424164524421,0.38454270597127743,0.6451297928483017,Tier_1_HighConfidence,Liver
11329,UNCHAR_LOC103691422,LOC103691422,uncharacterized LOC103691422,Chr2: 24.481553,4.467,111.6,Chr2: 24.478320,2.623,Chr2, 24.481553,Chr2, 24.478320,24.481553,24.47832,0.0032330000000015957,True,cis,False,True,True,cis,False,0.5886889460154241,0.4366969009826154,0.5588850464493138,Tier_2_Validate,Liver
26657,ENSRNOG00000014090,Retsat,retinol saturase,Chr4: 104.653305,13.674,109.7,Chr4: 104.785882,-1.267,Chr4, 104.653305,Chr4, 104.785882,104.653305,104.785882,0.13257699999999772,True,cis,False,False,False,cis,False,0.5764781491002571,0.18046107331821615,0.5649287278464655,Tier_1_HighConfidence,Liver
32319,ENSRNOG00000069670,Ugt2b,UDP-glucuronosyltransferase 2B2,Chr14: 20.630571,13.311,109.5,Chr14: 19.903596,-4.76,Chr14, 20.630571,Chr14, 19.903596,20.630571,19.903596,0.7269749999999995,True,cis,False,False,False,cis,False,0.5751928020565553,0.8405139833711261,0.7954973748996884,Tier_1_HighConfidence,Liver
10540,UNCHAR_LOC102553702,LOC102553702,uncharacterized LOC102553702,Chr1: 234.506901,4.824,106.7,Chr1: 234.254973,-2.928,Chr1, 234.506901,Chr1, 234.254973,234.506901,234.254973,0.2519279999999924,True,cis,False,True,True,cis,False,0.5571979434447302,0.4943310657596372,0.5680351532215285,Tier_2_Validate,Liver
818,ENSRNOG00000014453,Anxa5,annexin A5,Chr2: 119.344702,9.429,104.9,Chr2: 118.817402,-1.323,Chr2, 119.344702,Chr2, 118.817402,119.344702,118.817402,0.5272999999999968,True,cis,False,False,False,cis,False,0.5456298200514139,0.19104308390022676,0.5578355163830742,Tier_1_HighConfidence,Liver
7003,ENSRNOG00000000605,Hs3st5,heparan sulfate-glucosamine 3-sulfotransferase 5,Chr20: 40.106875,1.345,103.7,Chr20: 38.978291,2.784,Chr20, 40.106875,Chr20, 38.978291,40.106875,38.978291,1.1285840000000036,True,cis,False,False,False,cis,False,0.5379177377892032,0.46712018140589573,0.6517632717182845,Tier_1_HighConfidence,Liver
27752,ENSRNOG00000071249,RT1-A3,"RT1 class I, locus A3",Chr20: 4.847572,8.68,103.4,Chr20: 5.002150,-3.372,Chr20, 4.847572,Chr20, 5.002150,4.847572,5.00215,0.15457799999999988,True,cis,False,False,False,cis,False,0.5359897172236504,0.5782312925170068,0.6899773534092299,Tier_1_HighConfidence,Liver
8534,ENSRNOG00000022490,LOC100361008,"Cytochrome c oxidase subunit 5A, mitochondrial-like",Chr3: 13.804502,6.348,102.2,Chr8: 58.034773,2.411,Chr3, 13.804502,Chr8, 58.034773,13.804502,58.034773,inf,False,trans,False,False,True,MEGA_EFFECT;LOC_UNCHARACTERIZED,True,0.5282776349614396,0.3966364323507181,0.5237199235592551,Tier_3_FlaggedInspect,Liver
12715,UNCHAR_LOC108352105,LOC108352105,uncharacterized LOC108352105,Chr10: 57.777689,2.619,101.8,Chr10: 56.935705,-2.76,Chr10, 57.777689,Chr10, 56.935705,57.777689,56.935705,0.8419840000000036,True,cis,False,True,True,cis,False,0.525706940874036,0.46258503401360546,0.5459021912106745,Tier_2_Validate,Liver
18886,UNCHAR_LOC120101677,LOC120101677,uncharacterized LOC120101677,Chr3: 122.794642,6.824,101.0,Chr15: 51.790676,2.373,Chr3, 122.794642,Chr15, 51.790676,122.794642,51.790676,inf,False,trans,False,True,True,MEGA_EFFECT;LOC_UNCHARACTERIZED,True,0.5205655526992288,0.38945578231292527,0.4185074672542539,Tier_3_FlaggedInspect,Liver
25301,ENSRNOG00000001711,Plaat1,phospholipase A and acyltransferase 1,Chr11: 71.537141,5.108,100.4,Chr11: 71.659727,-2.284,Chr11, 71.537141,Chr11, 71.659727,71.537141,71.659727,0.12258599999999831,True,cis,False,False,False,cis,False,0.5167095115681235,0.37263794406651546,0.6112716094721236,Tier_1_HighConfidence,Liver
2204,ENSRNOG00000010412,Ccdc180,coiled-coil domain containing 180,Chr5: 60.154882,2.28,99.2,Chr7: 59.856327,1.675,Chr5, 60.154882,Chr7, 59.856327,60.154882,59.856327,inf,False,trans,False,False,False,MEGA_EFFECT,True,0.5089974293059126,0.2575585789871504,0.46829460290257197,Tier_3_FlaggedInspect,Liver
6666,ENSRNOG00000047321,Hba-a3,"hemoglobin alpha, adult chain 3",Chr10: 15.312393,4.244,99.0,Chr10: 15.438463,-2.475,Chr10, 15.312393,Chr10, 15.438463,15.312393,15.438463,0.12607000000000035,True,cis,False,False,False,cis,False,0.5077120822622108,0.4087301587301588,0.6207547843473292,Tier_1_HighConfidence,Liver
21812,ENSRNOG00000032871,Mlc1,modulator of VRAC current 1,Chr7: 120.067048,8.928,98.3,Chr7: 120.051699,-3.077,Chr7, 120.067048,Chr7, 120.051699,120.067048,120.051699,0.015349000000000501,True,cis,False,False,False,cis,False,0.5032133676092545,0.5224867724867726,0.6589950490336094,Tier_1_HighConfidence,Liver
6589,UNCHAR_H2ac18,H2ac18,histone cluster 2 H2A family member A2,Chr2: 183.808397,4.599,98.2,Chr2: 183.798575,-3.491,Chr2, 183.808397,Chr2, 183.798575,183.808397,183.798575,0.009822000000013986,True,cis,False,False,False,cis,False,0.5025706940874036,0.6007180650037793,0.686151065681914,Tier_1_HighConfidence,Liver
13125,UNCHAR_LOC120093158,LOC120093158,uncharacterized LOC120093158,Chr2: 91.501917,7.144,97.8,Chr2: 90.622770,1.244,Chr2, 91.501917,Chr2, 90.622770,91.501917,90.62277,0.8791470000000032,True,cis,False,True,True,cis,False,0.5,0.17611489040060468,0.4366402116402116,Tier_2_Validate,Liver
6260,ENSRNOG00000016336,Gpbp1l2,GC-rich promoter binding protein 1-like 2,Chr2: 221.964035,4.931,97.7,Chr5: 130.042292,-2.443,Chr2, 221.964035,Chr5, 130.042292,221.964035,130.042292,inf,False,trans,False,False,False,MEGA_EFFECT,True,0.4993573264781491,0.40268329554043847,0.5157142177065056,Tier_3_FlaggedInspect,Liver
32203,ENSRNOG00000000767,Ubd,ubiquitin like modifier D,Chr20: 1.387437,6.756,96.3,Chr20: 1.568617,2.921,Chr20, 1.387437,Chr20, 1.568617,1.387437,1.568617,0.1811799999999999,True,cis,False,False,False,cis,False,0.4903598971722365,0.49300831443688586,0.6441788740631927,Tier_1_HighConfidence,Liver
8525,ENSRNOG00000033517,LOC100360791,"tumor protein, translationally-controlled 1 like 3",Chr1: 19.107388,11.177,95.3,Chr15: 50.896269,2.124,Chr1, 19.107388,Chr15, 50.896269,19.107388,50.896269,inf,False,trans,False,False,True,MEGA_EFFECT;LOC_UNCHARACTERIZED,True,0.4839331619537275,0.34240362811791386,0.4892178765250744,Tier_3_FlaggedInspect,Liver
30894,ENSRNOG00000002882_1,Tnfrsf11a,zinc finger CCHC-type containing 2,Chr13: 21.928369,3.846,94.3,Chr13: 21.879457,-2.089,Chr13, 21.928369,Chr13, 21.879457,21.928369,21.879457,0.0489120000000014,True,cis,False,False,False,cis,False,0.4775064267352185,0.33578987150415723,0.5846537043837814,Tier_1_HighConfidence,Liver
26944,UNCHAR_RGD1562690,RGD1562690,uncharacterized RGD1562690,Chr8: 30.363219,10.368,94.2,Chr1: 97.168285,1.641,Chr8, 30.363219,Chr1, 97.168285,30.363219,97.168285,inf,False,trans,False,True,False,MEGA_EFFECT,True,0.47686375321336766,0.2511337868480726,0.35479913902150406,Tier_3_FlaggedInspect,Liver
15516,UNCHAR_LOC120096589,LOC120096589,uncharacterized LOC120096589,Chr14: 20.675110,2.562,93.7,Chr14: 19.903596,-1.792,Chr14, 20.675110,Chr14, 19.903596,20.67511,19.903596,0.7715139999999998,True,cis,False,True,True,cis,False,0.47365038560411316,0.2796674225245654,0.46366123284503746,Tier_2_Validate,Liver
22921,ENSRNOG00000012772,Nqo1,NAD(P)H quinone dehydrogenase 1,Chr19: 35.310527,8.403,93.4,Chr19: 35.245044,1.405,Chr19, 35.310527,Chr19, 35.245044,35.310527,35.245044,0.0654830000000004,True,cis,False,False,False,cis,False,0.47172236503856046,0.20653817082388512,0.5373911875518559,Tier_1_HighConfidence,Liver
7236,ENSRNOG00000026087,Igfn1,immunoglobulin-like and fibronectin type III domain containing 1,Chr13: 47.427505,3.315,92.6,Chr13: 47.430013,3.601,Chr13, 47.427505,Chr13, 47.430013,47.427505,47.430013,0.00250800000000595,True,cis,False,False,False,cis,False,0.4665809768637532,0.621504157218443,0.6808297969287685,Tier_1_HighConfidence,Liver
28892,ENSRNOG00000086993,Slco1a5,"solute carrier organic anion transporter family, member 1A5",Chr4: 175.254597,1.771,92.5,Chr4: 175.154923,-1.874,Chr4, 175.254597,Chr4, 175.154923,175.254597,175.154923,0.09967399999999316,True,cis,False,False,False,cis,False,0.46593830334190234,0.29516250944822375,0.5663852844765441,Tier_1_HighConfidence,Liver
183,ENSRNOG00000065119,Acnat1,acyl-coenzyme A amino acid N-acyltransferase 1,Chr5: 63.801600,8.639,90.5,Chr5: 63.700422,3.022,Chr5, 63.801600,Chr5, 63.700422,63.8016,63.700422,0.10117799999999733,True,cis,False,False,False,cis,False,0.4530848329048843,0.5120937263794407,0.6378124957495137,Tier_1_HighConfidence,Liver
8253,ENSRNOG00000013973,Lcn2,lipocalin 2,Chr3: 15.684032,1.93,89.9,Chr3: 15.375341,-2.438,Chr3, 15.684032,Chr3, 15.375341,15.684032,15.375341,0.3086909999999996,True,cis,False,False,False,cis,False,0.44922879177377895,0.4017384731670447,0.5978385427292882,Tier_1_HighConfidence,Liver
26979,UNCHAR_RGD1563400,RGD1563400,uncharacterized RGD1563400,Chr12: 18.580285,4.56,89.3,Chr12: 19.031953,-1.986,Chr12, 18.580285,Chr12, 19.031953,18.580285,19.031953,0.4516680000000015,True,cis,False,True,False,cis,False,0.4453727506426735,0.3163265306122449,0.46659474843922144,Tier_2_Validate,Liver
10660,UNCHAR_LOC102554288,LOC102554288,uncharacterized LOC102554288,Chr3: 145.466044,4.284,86.2,Chr3: 145.050063,-2.409,Chr3, 145.466044,Chr3, 145.050063,145.466044,145.050063,0.41598100000001637,True,cis,False,True,True,cis,False,0.42544987146529567,0.39625850340136054,0.4875979312033296,Tier_2_Validate,Liver
20216,ENSRNOG00000054438,LOC292543,solute carrier family 7 member 3 like 1,Chr1: 66.053134,2.271,84.0,Chr1: 66.378703,2.077,Chr1, 66.053134,Chr1, 66.378703,66.053134,66.378703,0.32556900000000155,True,cis,False,False,True,cis,False,0.41131105398457585,0.33352229780801207,0.5606916731274058,Tier_2_Validate,Liver
28532,ENSRNOG00000010337,Slc13a2,solute carrier family 13 member 2,Chr10: 63.319126,7.0,83.5,Chr10: 63.165362,1.265,Chr10, 63.319126,Chr10, 63.165362,63.319126,63.165362,0.15376399999999535,True,cis,False,False,False,cis,False,0.40809768637532134,0.18008314436885864,0.505863290760463,Tier_1_HighConfidence,Liver
13470,UNCHAR_LOC120093670,LOC120093670,uncharacterized LOC120093670,Chr7: 92.999436,4.062,82.8,Chr7: 93.103623,-1.999,Chr7, 92.999436,Chr7, 93.103623,92.999436,93.103623,0.10418699999999603,True,cis,False,True,True,cis,False,0.40359897172236503,0.3187830687830688,0.45283371417690177,Tier_2_Validate,Liver
15514,UNCHAR_LOC120096585,LOC120096585,uncharacterized LOC120096585,Chr14: 20.406945,6.882,81.8,Chr14: 19.903596,1.901,Chr14, 20.406945,Chr14, 19.903596,20.406945,19.903596,0.503349,True,cis,False,True,True,cis,False,0.397172236503856,0.3002645502645503,0.4441028753689422,Tier_2_Validate,Liver
29012,ENSRNOG00000087561,Smim40,small integral membrane protein 40,Chr20: 4.989049,6.138,81.6,Chr20: 5.002150,-1.796,Chr20, 4.989049,Chr20, 5.002150,4.989049,5.00215,0.013101000000000695,True,cis,False,False,False,cis,False,0.3958868894601542,0.2804232804232804,0.536708559459202,Tier_1_HighConfidence,Liver
20215,UNCHAR_LOC291863,LOC291863,uncharacterized LOC291863,Chr19: 22.560684,8.056,81.0,Chr19: 14.059434,2.286,Chr19, 22.560684,Chr19, 14.059434,22.560684,14.059434,8.501249999999999,False,trans,False,True,True,MEGA_EFFECT;LOC_UNCHARACTERIZED,True,0.39203084832904883,0.373015873015873,0.36776635247072265,Tier_3_FlaggedInspect,Liver
392,ENSRNOG00000069176,Adh6,alcohol dehydrogenase 6 (class V),Chr2: 226.903207,10.578,80.4,Chr2: 227.302230,-3.378,Chr2, 226.903207,Chr2, 227.302230,226.903207,227.30223,0.3990229999999997,True,cis,False,False,False,cis,False,0.3881748071979435,0.5793650793650794,0.6386389602970579,Tier_1_HighConfidence,Liver
3049,ENSRNOG00000029644,Clec2l,"C-type lectin domain family 2, member L",Chr4: 67.392117,4.079,79.6,Chr4: 67.575059,1.268,Chr4, 67.392117,Chr4, 67.575059,67.392117,67.575059,0.18294199999999705,True,cis,False,False,False,cis,False,0.3830334190231362,0.18065003779289493,0.49728920988561087,Tier_1_HighConfidence,Liver
1308,ENSRNOG00000006926,Atp6v0d2,ATPase H+ transporting V0 subunit D2,Chr5: 33.385353,4.712,77.9,Chr5: 33.461794,1.824,Chr5, 33.385353,Chr5, 33.461794,33.385353,33.461794,0.07644099999999554,True,cis,False,False,False,cis,False,0.372107969151671,0.28571428571428575,0.5302377892030848,Tier_1_HighConfidence,Liver
4451,ENSRNOG00000016853,Dsg1,desmoglein 1,Chr18: 11.674686,3.094,77.5,Chr18: 12.192688,-2.199,Chr18, 11.674686,Chr18, 12.192688,11.674686,12.192688,0.518002000000001,True,cis,False,False,False,cis,False,0.36953727506426737,0.35657596371882083,0.5541396335740808,Tier_1_HighConfidence,Liver
9710,UNCHAR_LOC102549876,LOC102549876,uncharacterized LOC102549876,Chr5: 49.583549,5.907,76.8,Chr5: 49.404396,-1.638,Chr5, 49.583549,Chr5, 49.404396,49.583549,49.404396,0.17915299999999945,True,cis,False,True,True,cis,False,0.36503856041131105,0.25056689342403626,0.41546190884237155,Tier_2_Validate,Liver
26856,UNCHAR_RGD1561231,RGD1561231,uncharacterized RGD1561231,Chr17: 85.807841,3.439,76.8,Chr17: 85.401930,-1.804,Chr17, 85.807841,Chr17, 85.401930,85.807841,85.40193,0.40591100000000324,True,cis,False,True,False,cis,False,0.36503856041131105,0.2819349962207105,0.42644074482120753,Tier_2_Validate,Liver
32084,ENSRNOG00000008596,Ttll9,tubulin tyrosine ligase like 9,Chr3: 141.429350,3.668,76.7,Chr3: 141.406009,-1.673,Chr3, 141.429350,Chr3, 141.406009,141.42935,141.406009,0.023340999999987844,True,cis,False,False,False,cis,False,0.3643958868894602,0.2571806500377929,0.5175517879245385,Tier_1_HighConfidence,Liver
28689,ENSRNOG00000011161,Slc2a12,solute carrier family 2 member 12,Chr1: 22.862203,6.988,76.0,Chr1: 22.842323,-1.027,Chr1, 22.862203,Chr1, 22.842323,22.862203,22.842323,0.019880000000000564,True,cis,False,False,False,cis,False,0.35989717223650386,0.13510959939531367,0.4732523700711361,Tier_1_HighConfidence,Liver
9899,UNCHAR_LOC102550701,LOC102550701,uncharacterized LOC102550701,Chr8: 122.360139,3.888,75.6,Chr8: 123.157499,1.671,Chr8, 122.360139,Chr8, 123.157499,122.360139,123.157499,0.7973599999999976,True,cis,False,True,True,cis,False,0.35732647814910024,0.2568027210884354,0.41494521973313747,Tier_2_Validate,Liver
26762,UNCHAR_RGD1559482,RGD1559482,uncharacterized RGD1559482,Chr10: 100.174954,3.46,75.4,Chr10: 99.846935,-1.638,Chr10, 100.174954,Chr10, 99.846935,100.174954,99.846935,0.3280189999999976,True,cis,False,True,False,cis,False,0.35604113110539853,0.25056689342403626,0.41231280858530217,Tier_2_Validate,Liver
26194,ENSRNOG00000032656,Ptprt,"protein tyrosine phosphatase, receptor type, T",Chr3: 151.288144,2.786,75.3,Chr3: 151.311512,2.561,Chr3, 151.288144,Chr3, 151.311512,151.288144,151.311512,0.02336800000000494,True,cis,False,False,False,cis,False,0.35539845758354754,0.42498110355253216,0.5731328463976278,Tier_1_HighConfidence,Liver
8980,UNCHAR_LOC102546541,LOC102546541,uncharacterized LOC102546541,Chr1: 155.718309,4.486,74.9,Chr1: 157.103012,1.688,Chr1, 155.718309,Chr1, 157.103012,155.718309,157.103012,1.3847030000000018,True,cis,False,True,True,cis,False,0.35282776349614403,0.26001511715797426,0.41449500822894136,Tier_2_Validate,Liver
12902,UNCHAR_LOC108352728,LOC108352728,uncharacterized LOC108352728,Chr14: 20.404390,7.596,73.7,Chr14: 19.903596,1.851,Chr14, 20.404390,Chr14, 19.903596,20.40439,19.903596,0.5007939999999991,True,cis,False,True,True,cis,False,0.3451156812339332,0.29081632653061223,0.4225762027175909,Tier_2_Validate,Liver
27763,UNCHAR_RT1-CE2,RT1-CE2,"RT1 class I, locus CE2",Chr20: 3.541840,5.646,73.7,Chr20: 4.602213,2.235,Chr20, 3.541840,Chr20, 4.602213,3.54184,4.602213,1.0603729999999998,True,cis,False,False,False,cis,False,0.3451156812339332,0.3633786848072562,0.5479730281144163,Tier_1_HighConfidence,Liver
17104,UNCHAR_LOC120098830,LOC120098830,uncharacterized LOC120098830,Chr20: 3.371221,2.023,73.0,Chr20: 3.601132,1.493,Chr20, 3.371221,Chr20, 3.601132,3.371221,3.601132,0.22991100000000042,True,cis,False,True,True,cis,False,0.3406169665809769,0.22316704459561604,0.39732440391180746,Tier_2_Validate,Liver
4477,ENSRNOG00000018005,Duoxa1,dual oxidase maturation factor 1,Chr3: 109.260510,3.961,72.9,Chr3: 109.271062,-1.548,Chr3, 109.260510,Chr3, 109.271062,109.26051,109.271062,0.010552000000004114,True,cis,False,False,False,cis,False,0.339974293059126,0.23356009070294786,0.5007370343167258,Tier_1_HighConfidence,Liver
20454,UNCHAR_LOC685767,LOC685767,uncharacterized LOC685767,Chr11: 55.350432,2.94,72.1,Chr11: 55.372546,-1.894,Chr11, 55.350432,Chr11, 55.372546,55.350432,55.372546,0.022114000000001965,True,cis,False,True,True,cis,False,0.3348329048843187,0.2989417989417989,0.42182114633914114,Tier_2_Validate,Liver
5801,UNCHAR_Gabpb1l,Gabpb1l,"GA binding protein transcription factor, beta subunit 1-like",Chr17: 50.356829,3.47,70.6,Chr3: 113.885548,1.602,Chr17, 50.356829,Chr3, 113.885548,50.356829,113.885548,inf,False,trans,False,False,False,trans_moderate,True,0.32519280205655526,0.2437641723356009,0.39913494103725466,Tier_3_FlaggedInspect,Liver
29908,ENSRNOG00000024073,Syce1,synaptonemal complex central element protein 1,Chr1: 195.863173,1.284,70.3,Chr1: 196.097163,-1.713,Chr1, 195.863173,Chr1, 196.097163,195.863173,196.097163,0.2339900000000057,True,cis,False,False,False,cis,False,0.3232647814910026,0.26473922902494335,0.505801403680581,Tier_1_HighConfidence,Liver
22436,ENSRNOG00000074135,Nat3,N-acetyltransferase 3,Chr16: 22.175961,1.613,70.1,Chr16: 22.295536,-1.795,Chr16, 22.175961,Chr16, 22.295536,22.175961,22.295536,0.11957499999999754,True,cis,False,False,False,cis,False,0.32197943444730076,0.28023431594860165,0.5107748126385658,Tier_1_HighConfidence,Liver
11281,ENSRNOG00000075943,LOC103691076,uncharacterized LOC103691076,Chr1: 85.183194,2.146,70.0,Chr1: 85.901814,-1.34,Chr1, 85.183194,Chr1, 85.901814,85.183194,85.901814,0.7186200000000014,True,cis,False,True,True,cis,False,0.3213367609254499,0.1942554799697657,0.3804572843133255,Tier_2_Validate,Liver
9778,UNCHAR_LOC102550180,LOC102550180,uncharacterized LOC102550180,Chr15: 27.915135,8.191,69.4,Chr15: 27.974218,1.021,Chr15, 27.915135,Chr15, 27.974218,27.915135,27.974218,0.05908300000000111,True,cis,False,True,True,cis,False,0.3174807197943445,0.13397581254724109,0.35800978631955493,Tier_2_Validate,Liver
27767,UNCHAR_RT1-CE6,RT1-CE6,"RT1 class I, locus CE6",Chr20: 3.461855,1.517,69.0,Chr20: 3.601132,1.373,Chr20, 3.461855,Chr20, 3.601132,3.461855,3.601132,0.13927700000000032,True,cis,False,False,False,cis,False,0.3149100257069409,0.20049130763416478,0.4803904666693869,Tier_1_HighConfidence,Liver
4760,ENSRNOG00000006853,Elavl2,ELAV like RNA binding protein 2,Chr5: 106.086462,2.626,68.6,Chr5: 106.507856,1.587,Chr5, 106.086462,Chr5, 106.507856,106.086462,106.507856,0.4213940000000065,True,cis,False,False,False,cis,False,0.31233933161953725,0.24092970521541948,0.4936441628922348,Tier_1_HighConfidence,Liver
20573,UNCHAR_LOC690319,LOC690319,uncharacterized LOC690319,Chr6: 122.858813,1.566,68.4,Chr6: 123.067730,1.469,Chr6, 122.858813,Chr6, 123.067730,122.858813,123.06773,0.20891699999999958,True,cis,False,True,True,cis,False,0.3110539845758355,0.2186318972033258,0.3853900586227065,Tier_2_Validate,Liver
4571,ENSRNOG00000007408,Ebf4,EBF family member 4,Chr3: 117.498185,3.433,68.3,Chr3: 117.823761,-1.386,Chr3, 117.498185,Chr3, 117.823761,117.498185,117.823761,0.3255759999999981,True,cis,False,False,False,cis,False,0.31041131105398456,0.20294784580498865,0.4796757049006406,Tier_1_HighConfidence,Liver
12492,UNCHAR_LOC108351291,LOC108351291,uncharacterized LOC108351291,Chr6: 122.172033,1.665,67.8,Chr5: 161.224488,1.332,Chr6, 122.172033,Chr5, 161.224488,122.172033,161.224488,inf,False,trans,False,True,True,LOC_UNCHARACTERIZED,True,0.30719794344473006,0.1927437641723356,0.274979597665973,Tier_3_FlaggedInspect,Liver
27759,UNCHAR_RT1-CE13,RT1-CE13,"RT1 class I, locus CE13",Chr20: 3.318049,4.42,67.6,Chr20: 4.680142,2.232,Chr20, 3.318049,Chr20, 4.680142,3.318049,4.680142,1.3620930000000002,True,cis,False,False,False,cis,False,0.30591259640102825,0.36281179138322,0.5340535357244869,Tier_1_HighConfidence,Liver
7375,ENSRNOG00000025948,Inava,innate immunity activator,Chr13: 47.687382,3.969,66.9,Chr13: 47.930266,-1.376,Chr13, 47.687382,Chr13, 47.930266,47.687382,47.930266,0.24288400000000365,True,cis,False,False,False,cis,False,0.30141388174807204,0.20105820105820105,0.4758652289821955,Tier_1_HighConfidence,Liver
16959,UNCHAR_LOC120098616,LOC120098616,uncharacterized LOC120098616,Chr19: 19.942671,1.379,66.8,Chr19: 20.064558,-1.281,Chr19, 19.942671,Chr19, 20.064558,19.942671,20.064558,0.12188700000000097,True,cis,False,True,True,cis,False,0.30077120822622105,0.1831065759637188,0.3693572244664789,Tier_2_Validate,Liver
8155,ENSRNOG00000047941,Krtcap3,keratinocyte associated protein 3,Chr6: 25.122521,4.733,66.6,Chr6: 25.131442,1.348,Chr6, 25.122521,Chr6, 25.131442,25.122521,25.131442,0.008921000000000845,True,cis,False,False,False,cis,False,0.29948586118251924,0.19576719576719578,0.4733385699324002,Tier_1_HighConfidence,Liver
17768,UNCHAR_LOC120099936,LOC120099936,uncharacterized LOC120099936,Chr1: 182.090610,5.087,66.2,Chr1: 182.323560,1.067,Chr1, 182.090610,Chr1, 182.323560,182.09061,182.32356,0.23294999999998822,True,cis,False,True,True,cis,False,0.29691516709511573,0.1426681783824641,0.3538541709171529,Tier_2_Validate,Liver
28659,ENSRNOG00000033251,Slc25a52,"solute carrier family 25, member 52",Chr14: 45.398336,2.686,65.8,Chr5: 59.115211,1.334,Chr14, 45.398336,Chr5, 59.115211,45.398336,59.115211,inf,False,trans,False,False,False,trans_moderate,True,0.29434447300771205,0.19312169312169314,0.37061315814529183,Tier_3_FlaggedInspect,Liver
6279,ENSRNOG00000010731,Gpm6a,glycoprotein m6a,Chr16: 36.973376,8.128,65.2,Chr16: 37.066228,1.17,Chr16, 36.973376,Chr16, 37.066228,36.973376,37.066228,0.0928520000000006,True,cis,False,False,False,cis,False,0.2904884318766067,0.1621315192743764,0.45841698290284405,Tier_2_Validate,Liver
10648,UNCHAR_LOC102554231,LOC102554231,uncharacterized LOC102554231,Chr12: 17.828029,4.57,65.2,Chr12: 17.789478,1.482,Chr12, 17.828029,Chr12, 17.789478,17.828029,17.789478,0.03855100000000178,True,cis,False,True,True,cis,False,0.2904884318766067,0.22108843537414966,0.37905190353776474,Tier_2_Validate,Liver
10934,UNCHAR_LOC102555623,LOC102555623,uncharacterized LOC102555623,Chr2: 226.558531,2.864,65.1,Chr2: 226.735033,-1.591,Chr2, 226.558531,Chr2, 226.735033,226.558531,226.735033,0.17650199999999927,True,cis,False,True,True,cis,False,0.28984575835475573,0.24168556311413453,0.38603596251411154,Tier_2_Validate,Liver
9000,UNCHAR_LOC102546604,LOC102546604,uncharacterized LOC102546604,Chr1: 12.073611,2.56,65.0,Chr1: 11.644866,1.528,Chr1, 12.073611,Chr1, 11.644866,12.073611,11.644866,0.42874499999999927,True,cis,False,True,True,cis,False,0.2892030848329049,0.22978080120937264,0.3816443601147971,Tier_2_Validate,Liver
15515,UNCHAR_LOC120096588,LOC120096588,uncharacterized LOC120096588,Chr14: 20.650774,2.877,65.0,Chr14: 19.903596,-1.781,Chr14, 20.650774,Chr14, 19.903596,20.650774,19.903596,0.7471779999999981,True,cis,False,True,True,cis,False,0.2892030848329049,0.277588813303099,0.3983771643476013,Tier_2_Validate,Liver
18272,UNCHAR_LOC120100724,LOC120100724,uncharacterized LOC120100724,Chr2: 51.952729,2.824,64.9,Chr2: 52.627302,-1.64,Chr2, 51.952729,Chr2, 52.627302,51.952729,52.627302,0.6745730000000023,True,cis,False,True,True,cis,False,0.28856041131105403,0.25094482237339377,0.3888268317895567,Tier_2_Validate,Liver
11177,ENSRNOG00000016217,LOC103690178,nucleolar GTP-binding protein 1-like,Chr17: 61.404560,6.312,64.7,Chr17: 61.901363,1.461,Chr17, 61.404560,Chr17, 61.901363,61.40456,61.901363,0.496803000000007,True,cis,False,False,True,cis,False,0.2872750642673522,0.2171201814058957,0.4765383359856368,Tier_2_Validate,Liver
272,ENSRNOG00000017901,Acy3,aminoacylase 3,Chr1: 201.279750,10.149,64.6,Chr1: 201.177465,-0.773,Chr1, 201.279750,Chr1, 201.177465,201.27975,201.177465,0.10228499999999485,True,cis,False,False,False,cis,False,0.2866323907455013,0.08711262282690854,0.43081075475034347,Tier_2_Validate,Liver
6977,ENSRNOG00000045838,Hps1,"HPS1, biogenesis of lysosomal organelles complex 3 subunit 1",Chr1: 241.577256,7.499,64.5,Chr1: 241.553485,0.851,Chr1, 241.577256,Chr1, 241.553485,241.577256,241.553485,0.023771000000010645,True,cis,False,False,False,cis,False,0.2859897172236504,0.10185185185185185,0.4357445491764258,Tier_2_Validate,Liver
3817,UNCHAR_Cyp4f5,Cyp4f5,uncharacterized Cyp4f5,Chr7: 11.544039,4.923,64.2,Chr7: 11.496541,-1.047,Chr7, 11.544039,Chr7, 11.496541,11.544039,11.496541,0.04749799999999915,True,cis,False,True,False,cis,False,0.2840616966580977,0.13888888888888887,0.34803270494144534,Tier_2_Validate,Liver
5760,ENSRNOG00000016469,Fxyd2,FXYD domain-containing ion transport regulator 2,Chr8: 45.712900,4.686,64.2,Chr8: 45.814875,-1.216,Chr8, 45.712900,Chr8, 45.814875,45.7129,45.814875,0.10197500000000304,True,cis,False,False,False,cis,False,0.2840616966580977,0.1708238851095994,0.459209953618694,Tier_2_Validate,Liver
6668,UNCHAR_Hbb-b1,Hbb-b1,"hemoglobin, beta adult major chain",Chr1: 158.231674,8.034,64.2,Chr1: 158.468568,1.22,Chr1, 158.231674,Chr1, 158.468568,158.231674,158.468568,0.2368940000000066,True,cis,False,False,False,cis,False,0.2840616966580977,0.17157974300831444,0.4594745038832442,Tier_2_Validate,Liver
19329,UNCHAR_LOC120102367,LOC120102367,endogenous retrovirus group K member 21 Env polyprotein-like,Chr4: 147.708406,1.841,64.2,Chr4: 148.389881,-1.429,Chr4, 147.708406,Chr4, 148.389881,147.708406,148.389881,0.681475000000006,True,cis,False,False,True,cis,False,0.2840616966580977,0.21107331821617537,0.4732972552059955,Tier_2_Validate,Liver
22233,UNCHAR_Mup4,Mup4,major urinary protein 4,Chr5: 74.964685,7.519,64.1,Chr5: 77.453923,-4.647,Chr5, 74.964685,Chr5, 77.453923,74.964685,77.453923,2.4892380000000003,True,cis,False,False,False,cis,False,0.2834190231362468,0.8191609977324263,0.6859030073040355,Tier_1_HighConfidence,Liver
14915,UNCHAR_LOC120095687,LOC120095687,uncharacterized LOC120095687,Chr11: 76.630584,4.94,63.8,Chr11: 77.035984,-2.196,Chr11, 76.630584,Chr11, 77.035984,76.630584,77.035984,0.4054000000000002,True,cis,False,True,True,cis,False,0.2814910025706941,0.3560090702947846,0.42312502550291753,Tier_2_Validate,Liver
21486,ENSRNOG00000008694,Miox,myo-inositol oxygenase,Chr7: 120.405030,7.024,63.8,Chr7: 120.551699,1.524,Chr7, 120.405030,Chr7, 120.551699,120.40503,120.551699,0.14666900000000282,True,cis,False,False,False,cis,False,0.2814910025706941,0.2290249433106576,0.478680581058473,Tier_1_HighConfidence,Liver
8254,ENSRNOG00000074882,Lcn3,lipocalin 3,Chr3: 8.542791,2.171,63.3,Chr3: 9.132259,2.164,Chr3, 8.542791,Chr3, 9.132259,8.542791,9.132259,0.5894680000000001,True,cis,False,False,False,cis,False,0.2782776349614396,0.34996220710506426,0.5198839447232763,Tier_1_HighConfidence,Liver
27765,ENSRNOG00000071228,RT1-CE4,"RT1 class I, locus CE4",Chr20: 3.504534,8.054,63.1,Chr20: 5.002150,1.144,Chr20, 3.504534,Chr20, 5.002150,3.504534,5.00215,1.4976160000000003,True,cis,False,False,False,cis,False,0.27699228791773783,0.15721844293272863,0.4519737557976632,Tier_2_Validate,Liver
829,ENSRNOG00000033923,Aox2,aldehyde oxidase 2,Chr9: 59.828402,7.067,63.0,Chr9: 59.678566,1.965,Chr9, 59.828402,Chr9, 59.678566,59.828402,59.678566,0.14983600000000052,True,cis,False,False,False,cis,False,0.2763496143958869,0.31235827664399096,0.5060477618639572,Tier_1_HighConfidence,Liver
9804,UNCHAR_LOC102550304,LOC102550304,uncharacterized LOC102550304,Chr3: 131.526273,3.713,63.0,Chr3: 132.076729,-1.203,Chr3, 131.526273,Chr3, 132.076729,131.526273,132.076729,0.550455999999997,True,cis,False,True,True,cis,False,0.2763496143958869,0.16836734693877553,0.35565093646713186,Tier_2_Validate,Liver
10959,UNCHAR_LOC102555770,LOC102555770,uncharacterized LOC102555770,Chr1: 87.811245,5.184,62.9,Chr1: 87.967736,1.119,Chr1, 87.811245,Chr1, 87.967736,87.811245,87.967736,0.1564910000000026,True,cis,False,True,True,cis,False,0.27570694087403597,0.15249433106575963,0.34987044517892846,Tier_2_Validate,Liver
20206,UNCHAR_LOC259244,LOC259244,uncharacterized LOC259244,Chr5: 74.912889,6.81,62.1,Chr5: 74.310359,1.625,Chr5, 74.912889,Chr5, 74.310359,74.912889,74.310359,0.6025300000000016,True,cis,False,True,True,cis,False,0.27056555269922883,0.2481103552532124,0.38153656778335443,Tier_2_Validate,Liver
5117,ENSRNOG00000038825,Fabp12,fatty acid binding protein 12,Chr2: 91.539567,4.723,61.9,Chr2: 90.622770,-1.272,Chr2, 91.539567,Chr2, 90.622770,91.539567,90.62277,0.9167970000000025,True,cis,False,False,False,cis,False,0.269280205655527,0.18140589569160998,0.45774013547149794,Tier_2_Validate,Liver
22597,ENSRNOG00000008716,Nefh,neurofilament heavy chain,Chr14: 79.840346,3.656,61.2,Chr14: 79.465350,1.485,Chr14, 79.840346,Chr14, 79.465350,79.840346,79.46535,0.3749959999999959,True,cis,False,False,False,cis,False,0.2647814910025707,0.22165532879818595,0.4702528869302648,Tier_1_HighConfidence,Liver
1187,ENSRNOG00000020202,Asrgl1,asparaginase and isoaspartyl peptidase 1,Chr1: 206.027114,9.203,60.2,Chr1: 205.159275,-0.773,Chr1, 206.027114,Chr1, 205.159275,206.027114,205.159275,0.8678390000000036,True,cis,False,False,False,cis,False,0.25835475578406175,0.08711262282690854,0.4209135825138396,Tier_2_Validate,Liver
9561,UNCHAR_LOC102549163,LOC102549163,uncharacterized LOC102549163,Chr13: 101.814039,3.591,60.2,Chr13: 101.487789,-1.197,Chr13, 101.814039,Chr13, 101.487789,101.814039,101.487789,0.3262499999999875,True,cis,False,True,True,cis,False,0.25835475578406175,0.16723356009070295,0.34895591055616765,Tier_2_Validate,Liver
31151,ENSRNOG00000015347,Trim45,tripartite motif-containing 45,Chr2: 188.349978,5.427,60.0,Chr2: 187.994697,-0.928,Chr2, 188.349978,Chr2, 187.994697,188.349978,187.994697,0.35528099999999085,True,cis,False,False,False,cis,False,0.2570694087403599,0.11640211640211642,0.43071503379986675,Tier_2_Validate,Liver
4129,ENSRNOG00000053675,Dhh,desert hedgehog signaling molecule,Chr7: 130.056405,1.7,59.5,Chr7: 129.645702,-1.298,Chr7, 130.056405,Chr7, 129.645702,130.056405,129.645702,0.41070300000001225,True,cis,False,False,False,cis,False,0.2538560411311054,0.18631897203325776,0.454061254607527,Tier_2_Validate,Liver
21318,ENSRNOG00000014711,Meiob,meiosis specific with OB-fold,Chr10: 13.833169,4.204,59.4,Chr10: 13.810068,-1.446,Chr10, 13.833169,Chr10, 13.810068,13.833169,13.810068,0.023101000000000482,True,cis,False,False,False,cis,False,0.2532133676092545,0.21428571428571427,0.4636246786632391,Tier_1_HighConfidence,Liver
26934,UNCHAR_RGD1562525,RGD1562525,uncharacterized RGD1562525,Chr12: 17.682714,0.459,59.4,Chr12: 19.031953,0.891,Chr12, 17.682714,Chr12, 19.031953,17.682714,19.031953,1.3492390000000007,True,cis,False,True,False,cis,False,0.2532133676092545,0.10941043083900226,0.32691832945688987,Tier_2_Validate,Liver
11560,UNCHAR_LOC103692950,LOC103692950,uncharacterized LOC103692950,Chr7: 113.513046,2.609,59.3,Chr7: 113.404775,-1.407,Chr7, 113.513046,Chr7, 113.404775,113.513046,113.404775,0.108271000000002,True,cis,False,True,True,cis,False,0.25257069408740357,0.20691609977324263,0.3608203778512261,Tier_2_Validate,Liver
8912,ENSRNOG00000042224_1,LOC100912642,cytochrome P450 2J3-like,Chr5: 110.930401,1.632,59.2,Chr5: 111.023453,-1.17,Chr5, 110.930401,Chr5, 111.023453,110.930401,111.023453,0.09305200000000013,True,cis,False,False,True,cis,False,0.25192802056555275,0.1621315192743764,0.44492083894397516,Tier_2_Validate,Liver
18995,UNCHAR_LOC120101826,LOC120101826,zinc finger protein 431-like,Chr3: 164.541156,2.009,59.2,Chr3: 164.153483,-1.414,Chr3, 164.541156,Chr3, 164.153483,164.541156,164.153483,0.3876730000000066,True,cis,False,False,True,cis,False,0.25192802056555275,0.20823885109599394,0.4610584050815413,Tier_2_Validate,Liver
12201,UNCHAR_LOC108350123,LOC108350123,uncharacterized LOC108350123,Chr2: 226.881248,2.871,58.9,Chr2: 227.454883,-2.212,Chr2, 226.881248,Chr2, 227.454883,226.881248,227.454883,0.5736349999999959,True,cis,False,True,True,cis,False,0.25,0.3590325018896448,0.4131613756613757,Tier_2_Validate,Liver
229,ENSRNOG00000031211,Acsm5,acyl-CoA synthetase medium-chain family member 5,Chr1: 173.870872,11.034,58.7,Chr1: 172.059761,1.398,Chr1, 173.870872,Chr1, 172.059761,173.870872,172.059761,1.8111109999999826,True,cis,False,False,False,cis,False,0.24871465295629822,0.20521541950113376,0.4588755253601011,Tier_2_Validate,Liver
26947,UNCHAR_RGD1562739,RGD1562739,uncharacterized RGD1562739,Chr7: 90.404316,1.371,58.6,Chr7: 90.263240,-1.468,Chr7, 90.404316,Chr7, 90.263240,90.404316,90.26324,0.1410759999999982,True,cis,False,True,False,cis,False,0.2480719794344473,0.218442932728647,0.363280219257083,Tier_2_Validate,Liver
9916,UNCHAR_LOC102550769,LOC102550769,uncharacterized LOC102550769,Chr8: 48.226957,3.126,58.2,Chr8: 48.321392,2.064,Chr8, 48.226957,Chr8, 48.321392,48.226957,48.321392,0.09443500000000427,True,cis,False,True,True,cis,False,0.24550128534704374,0.3310657596371882,0.4017984657444812,Tier_2_Validate,Liver
32181,UNCHAR_Uap1l2,Uap1l2,uncharacterized Uap1l2,Chr6: 1.741395,1.596,58.0,Chr13: 83.183593,1.536,Chr6, 1.741395,Chr13, 83.183593,1.741395,83.183593,inf,False,trans,False,True,False,trans_moderate,True,0.2442159383033419,0.23129251700680273,0.2664279593585506,Tier_3_FlaggedInspect,Liver
10609,UNCHAR_LOC102554057,LOC102554057,uncharacterized LOC102554057,Chr2: 43.504403,5.653,57.4,Chr2: 43.477907,1.462,Chr2, 43.504403,Chr2, 43.477907,43.504403,43.477907,0.02649600000000163,True,cis,False,True,True,cis,False,0.2403598971722365,0.21730914588057446,0.36018416506848383,Tier_2_Validate,Liver
18232,UNCHAR_LOC120100677,LOC120100677,uncharacterized LOC120100677,Chr2: 28.733014,1.871,57.4,Chr2: 28.799556,1.241,Chr2, 28.733014,Chr2, 28.799556,28.733014,28.799556,0.06654199999999832,True,cis,False,True,True,cis,False,0.2403598971722365,0.17554799697656842,0.3455677629520817,Tier_2_Validate,Liver
11212,UNCHAR_LOC103690538,LOC103690538,uncharacterized LOC103690538,Chr9: 59.901998,4.34,57.3,Chr9: 59.678566,1.299,Chr9, 59.901998,Chr9, 59.678566,59.901998,59.678566,0.22343200000000252,True,cis,False,True,True,cis,False,0.23971722365038559,0.18650793650793648,0.34917880605541274,Tier_2_Validate,Liver
10291,UNCHAR_LOC102552452,LOC102552452,uncharacterized LOC102552452,Chr12: 2.688004,1.622,57.1,Chr12: 2.754668,1.344,Chr12, 2.688004,Chr12, 2.754668,2.688004,2.754668,0.06666400000000028,True,cis,False,True,True,cis,False,0.23843187660668383,0.19501133786848074,0.3517051250663076,Tier_2_Validate,Liver
2124,UNCHAR_Cbr1l1,Cbr1l1,carbonyl reductase 1 like 1,Chr11: 32.876562,2.168,56.9,Chr11: 32.836831,2.322,Chr11, 32.876562,Chr11, 32.836831,32.876562,32.836831,0.03973100000000329,True,cis,False,False,False,cis,False,0.23714652956298202,0.37981859410430846,0.5159377932835516,Tier_1_HighConfidence,Liver
7854,ENSRNOG00000060356,Kif15,kinesin family member 15,Chr8: 122.601887,2.894,56.5,Chr8: 123.157499,-1.237,Chr8, 122.601887,Chr8, 123.157499,122.601887,123.157499,0.5556119999999964,True,cis,False,False,False,cis,False,0.23457583547557842,0.17479213907785338,0.44327879109370116,Tier_2_Validate,Liver
3118,ENSRNOG00000014075,Clybl,citramalyl-CoA lyase,Chr15: 99.283643,7.92,56.1,Chr15: 99.417966,-0.837,Chr15, 99.283643,Chr15, 99.417966,99.283643,99.417966,0.13432300000000907,True,cis,False,False,False,cis,False,0.23200514138817482,0.09920634920634919,0.4159240217080834,Tier_2_Validate,Liver
30619,ENSRNOG00000027480,Tmem116,transmembrane protein 116,Chr12: 35.089408,2.576,56.0,Chr12: 34.960575,-1.357,Chr12, 35.089408,Chr12, 34.960575,35.089408,34.960575,0.1288330000000002,True,cis,False,False,False,cis,False,0.23136246786632392,0.1974678760393046,0.4500906203669699,Tier_2_Validate,Liver
1907,ENSRNOG00000014787,Cabp5,calcium binding protein 5,Chr1: 74.350810,1.547,55.8,Chr1: 76.986665,1.325,Chr1, 74.350810,Chr1, 76.986665,74.35081,76.986665,2.6358550000000065,True,cis,False,False,False,cis,False,0.2300771208226221,0.19142101284958427,0.4475243467852722,Tier_2_Validate,Liver
29554,ENSRNOG00000000172,Sqor,sulfide quinone oxidoreductase,Chr3: 109.841224,10.162,55.8,Chr3: 111.605111,0.762,Chr3, 109.841224,Chr3, 111.605111,109.841224,111.605111,1.7638869999999969,True,cis,False,False,False,cis,False,0.2300771208226221,0.08503401360544219,0.4102888970498225,Tier_2_Validate,Liver
26707,UNCHAR_RGD1306271,RGD1306271,uncharacterized RGD1306271,Chr4: 66.968406,4.682,55.5,Chr4: 67.075063,1.328,Chr4, 66.968406,Chr4, 67.075063,66.968406,67.075063,0.10665699999999845,True,cis,False,True,False,cis,False,0.22814910025706941,0.19198790627362056,0.3470479522857415,Tier_2_Validate,Liver
28790,ENSRNOG00000042332,Slc44a5,"solute carrier family 44, member 5",Chr2: 242.911049,1.127,55.4,Chr2: 242.342321,-1.314,Chr2, 242.911049,Chr2, 242.342321,242.911049,242.342321,0.568727999999993,True,cis,False,False,False,cis,False,0.2275064267352185,0.1893424036281179,0.44589709062716776,Tier_2_Validate,Liver
12804,UNCHAR_LOC108352416,LOC108352416,uncharacterized LOC108352416,Chr12: 6.233760,5.209,55.3,Chr12: 6.543668,-0.93,Chr12, 6.233760,Chr12, 6.543668,6.23376,6.543668,0.3099080000000001,True,cis,False,True,True,cis,False,0.2268637532133676,0.11678004535147395,0.32027532949769455,Tier_2_Validate,Liver
8536,UNCHAR_LOC100361025,LOC100361025,uncharacterized LOC100361025,Chr14: 87.552304,3.697,55.2,Chr1: 95.146648,1.172,Chr14, 87.552304,Chr1, 95.146648,87.552304,95.146648,inf,False,trans,False,True,True,trans_moderate,True,0.22622107969151672,0.16250944822373392,0.23605568477033773,Tier_3_FlaggedInspect,Liver
9526,UNCHAR_LOC102548951,LOC102548951,uncharacterized LOC102548951,Chr18: 53.494663,1.872,55.1,Chr18: 54.066542,1.396,Chr18, 53.494663,Chr18, 54.066542,53.494663,54.066542,0.5718789999999956,True,cis,False,True,True,cis,False,0.22557840616966582,0.20483749055177625,0.35064556385250467,Tier_2_Validate,Liver
5038,ENSRNOG00000007118,Eva1a,"eva-1 homolog A, regulator of programmed cell death",Chr4: 114.593772,9.564,54.9,Chr4: 114.802024,0.644,Chr4, 114.593772,Chr4, 114.802024,114.593772,114.802024,0.20825200000000166,True,cis,False,False,False,cis,False,0.224293059125964,0.06273620559334846,0.4004602426517594,Tier_2_Validate,Liver
23170,ENSRNOG00000014465,Oca2,OCA2 melanosomal transmembrane protein,Chr1: 107.116277,2.513,54.9,Chr1: 106.636582,-1.415,Chr1, 107.116277,Chr1, 106.636582,107.116277,106.636582,0.47969499999999243,True,cis,False,False,False,cis,False,0.224293059125964,0.20842781557067272,0.4514523061438228,Tier_2_Validate,Liver
29647,ENSRNOG00000007332,Sstr3,somatostatin receptor 3,Chr7: 110.108921,2.995,54.5,Chr7: 110.115189,-1.52,Chr7, 110.108921,Chr7, 110.115189,110.108921,110.115189,0.0062680000000057134,True,cis,False,False,False,cis,False,0.2217223650385604,0.22826908541194255,0.457497007657676,Tier_2_Validate,Liver
4577,ENSRNOG00000042253,Ecd,ecdysoneless cell cycle regulator,Chr15: 3.967208,7.242,54.1,Chr15: 3.520668,-0.673,Chr15, 3.967208,Chr15, 3.520668,3.967208,3.520668,0.4465399999999997,True,cis,False,False,False,cis,False,0.21915167095115684,0.06821617535903252,0.40057874620856626,Tier_2_Validate,Liver
908,ENSRNOG00000062320,Apof,apolipoprotein F,Chr7: 0.701020,11.386,53.9,Chr7: 1.964338,0.994,Chr7, 0.701020,Chr7, 1.964338,0.70102,1.964338,1.263318,True,cis,False,False,False,cis,False,0.217866323907455,0.12887377173091458,0.4213590334734294,Tier_2_Validate,Liver
27751,ENSRNOG00000069480,RT1-A2,"RT1 class Ia, locus A2",Chr20: 4.870938,11.181,53.8,Chr20: 3.210100,-1.373,Chr20, 4.870938,Chr20, 3.210100,4.870938,3.2101,1.6608379999999996,True,cis,False,False,False,cis,False,0.2172236503856041,0.20049130763416478,0.4462002353069191,Tier_2_Validate,Liver
30473,ENSRNOG00000038894,Timd4,T-cell immunoglobulin and mucin domain containing 4,Chr10: 31.185750,3.52,53.7,Chr10: 31.088556,-1.547,Chr10, 31.185750,Chr10, 31.088556,31.18575,31.088556,0.09719399999999823,True,cis,False,False,False,cis,False,0.21658097686375324,0.23337112622826908,0.45748323608220776,Tier_2_Validate,Liver
7951,ENSRNOG00000010959,Klhl25,kelch-like family member 25,Chr1: 129.724893,9.698,52.9,Chr1: 129.545323,-0.667,Chr1, 129.724893,Chr1, 129.545323,129.724893,129.545323,0.17957000000001244,True,cis,False,False,False,cis,False,0.21143958868894602,0.06708238851095995,0.3974826920199671,Tier_2_Validate,Liver
9217,UNCHAR_LOC102547621,LOC102547621,uncharacterized LOC102547621,Chr5: 56.952976,1.512,52.7,Chr5: 56.984189,1.056,Chr5, 56.952976,Chr5, 56.984189,56.952976,56.984189,0.031213000000001045,True,cis,False,True,True,cis,False,0.21015424164524424,0.14058956916099774,0.3227603337821847,Tier_2_Validate,Liver
5844,ENSRNOG00000008099,Galnt12,polypeptide N-acetylgalactosaminyltransferase 12,Chr5: 61.384574,1.466,52.5,Chr5: 61.077310,-1.085,Chr5, 61.384574,Chr5, 61.077310,61.384574,61.07731,0.30726400000000353,True,cis,False,False,False,cis,False,0.20886889460154243,0.14606953892668179,0.42422845173487844,Tier_2_Validate,Liver
17103,UNCHAR_LOC120098829,LOC120098829,uncharacterized LOC120098829,Chr20: 3.318106,4.457,52.4,Chr20: 4.679209,1.554,Chr20, 3.318106,Chr20, 4.679209,3.318106,4.679209,1.361103,True,cis,False,True,True,cis,False,0.20822622107969152,0.23469387755102042,0.3550220345207492,Tier_2_Validate,Liver
20269,UNCHAR_LOC498369,LOC498369,uncharacterized LOC498369,Chr14: 44.791252,1.664,52.1,Chr10: 86.167301,1.456,Chr14, 44.791252,Chr10, 86.167301,44.791252,86.167301,inf,False,trans,False,True,True,trans_moderate,True,0.20629820051413883,0.21617535903250187,0.24786574584132423,Tier_3_FlaggedInspect,Liver
20384,UNCHAR_LOC681224,LOC681224,uncharacterized LOC681224,Chr18: 11.227028,4.514,52.1,Chr4: 25.286827,1.529,Chr18, 11.227028,Chr4, 25.286827,11.227028,25.286827,inf,False,trans,False,True,True,trans_moderate,True,0.20629820051413883,0.2299697656840514,0.2526937881693666,Tier_3_FlaggedInspect,Liver
26756,UNCHAR_RGD1359290,RGD1359290,uncharacterized RGD1359290,Chr10: 92.373734,9.019,52.1,Chr18: 68.328736,2.04,Chr10, 92.373734,Chr18, 68.328736,92.373734,68.328736,inf,False,trans,False,True,False,MEGA_EFFECT,True,0.20629820051413883,0.326530612244898,0.2864900844656629,Tier_3_FlaggedInspect,Liver
5149,ENSRNOG00000002110,Fam114a1l1,"family with sequence similarity 114, member A1-like 1",Chr9: 111.659570,1.328,51.9,Chr14: 43.285791,1.243,Chr9, 111.659570,Chr14, 43.285791,111.65957,43.285791,inf,False,trans,False,False,False,trans_moderate,True,0.20501285347043702,0.17592592592592593,0.333328572788727,Tier_3_FlaggedInspect,Liver
27039,UNCHAR_RGD1564597,RGD1564597,uncharacterized RGD1564597,Chr8: 100.576989,2.388,51.7,Chr8: 44.681539,-1.215,Chr8, 100.576989,Chr8, 44.681539,100.576989,44.681539,55.89545,False,trans,False,True,False,trans_moderate,True,0.20372750642673523,0.17063492063492064,0.23102684947157956,Tier_3_FlaggedInspect,Liver
30651,ENSRNOG00000013238,Tmem14a,transmembrane protein 14A,Chr9: 23.640593,3.141,51.7,Chr9: 21.934821,-1.827,Chr9, 23.640593,Chr9, 21.934821,23.640593,21.934821,1.7057719999999996,True,cis,False,False,False,cis,False,0.20372750642673523,0.28628117913832196,0.47150303994777,Tier_1_HighConfidence,Liver
7254,ENSRNOG00000046216,Igsf7,"immunoglobulin superfamily, member 7",Chr10: 100.153766,2.704,51.6,Chr10: 99.574645,1.623,Chr10, 100.153766,Chr10, 99.574645,100.153766,99.574645,0.5791210000000007,True,cis,False,False,False,cis,False,0.20308483290488433,0.24773242630385486,0.45778604072305873,Tier_2_Validate,Liver
5185,ENSRNOG00000022822,Fam169b,"family with sequence similarity 169, member B",Chr1: 121.878669,5.961,51.5,Chr1: 121.226637,1.599,Chr1, 121.878669,Chr1, 121.226637,121.878669,121.226637,0.6520320000000055,True,cis,False,False,False,cis,False,0.20244215938303342,0.24319727891156462,0.4559738034031092,Tier_2_Validate,Liver
22406,ENSRNOG00000033693,Naip6,"NLR family, apoptosis inhibitory protein 6",Chr2: 31.548479,5.474,51.3,Chr2: 31.327083,1.156,Chr2, 31.548479,Chr2, 31.327083,31.548479,31.327083,0.22139600000000215,True,cis,False,False,False,cis,False,0.2011568123393316,0.15948601662887374,0.42622499013887183,Tier_2_Validate,Liver
20462,UNCHAR_LOC685989,LOC685989,uncharacterized LOC685989,Chr19: 21.937395,2.849,50.8,Chr19: 13.144002,-1.886,Chr19, 21.937395,Chr19, 13.144002,21.937395,13.144002,8.793392999999998,False,trans,False,True,True,trans_moderate,True,0.1979434447300771,0.29743008314436886,0.27338073475605607,Tier_3_FlaggedInspect,Liver
22459,ENSRNOG00000042978,Ncald,neurocalcin delta,Chr7: 68.964739,5.918,50.5,Chr7: 68.665848,1.111,Chr7, 68.964739,Chr7, 68.665848,68.964739,68.665848,0.2988909999999976,True,cis,False,False,False,cis,False,0.19601542416452442,0.15098261526832954,0.42144931380149886,Tier_2_Validate,Liver
25128,ENSRNOG00000005569,Phospho1,phosphoethanolamine/phosphocholine phosphatase 1,Chr10: 80.762061,6.501,50.2,Chr10: 80.874886,0.706,Chr10, 80.762061,Chr10, 80.874886,80.762061,80.874886,0.11282500000000084,True,cis,False,False,False,cis,False,0.19408740359897175,0.07445200302343159,0.3939887923178411,Tier_2_Validate,Liver
29351,ENSRNOG00000008232,Spaca1,sperm acrosome associated 1,Chr5: 48.540675,0.374,50.0,Chr5: 48.237537,0.748,Chr5, 48.540675,Chr5, 48.237537,48.540675,48.237537,0.303137999999997,True,cis,False,False,False,cis,False,0.19280205655526994,0.08238851095993953,0.39631669863032326,Tier_2_Validate,Liver
9163,UNCHAR_LOC102547398,LOC102547398,uncharacterized LOC102547398,Chr11: 80.468552,0.794,49.9,Chr11: 80.485948,0.83,Chr11, 80.468552,Chr11, 80.485948,80.468552,80.485948,0.017395999999990863,True,cis,False,True,True,cis,False,0.19215938303341903,0.09788359788359789,0.3015150433209559,Tier_2_Validate,Liver
28545,ENSRNOG00000018748,Slc16a11,"solute carrier family 16, member 11",Chr10: 54.929128,6.473,49.9,Chr10: 55.177413,1.237,Chr10, 54.929128,Chr10, 55.177413,54.929128,55.177413,0.24828500000000275,True,cis,False,False,False,cis,False,0.19215938303341903,0.17479213907785338,0.4284330327389454,Tier_2_Validate,Liver
2517,ENSRNOG00000029841,Cdh19,cadherin 19,Chr13: 28.047489,1.657,49.8,Chr13: 24.309117,1.302,Chr13, 28.047489,Chr13, 24.309117,28.047489,24.309117,3.7383719999999983,True,cis,False,False,False,cis,False,0.1915167095115681,0.1870748299319728,0.43250703880523933,Tier_2_Validate,Liver
11424,UNCHAR_LOC103691939,LOC103691939,uncharacterized LOC103691939,Chr3: 143.139772,9.359,49.7,Chr8: 79.366724,0.765,Chr3, 143.139772,Chr8, 79.366724,143.139772,79.366724,inf,False,trans,False,True,True,trans_moderate,True,0.19087403598971725,0.08560090702947847,0.1967662300567185,Tier_3_FlaggedInspect,Liver
18862,ENSRNOG00000068036,LOC120101644,sodium/nucleoside cotransporter 2-like,Chr3: 109.577555,7.844,49.6,Chr3: 109.271062,0.924,Chr3, 109.577555,Chr3, 109.271062,109.577555,109.271062,0.30649300000000324,True,cis,False,False,True,cis,False,0.19023136246786634,0.11564625850340138,0.4070571673399437,Tier_2_Validate,Liver
10352,UNCHAR_LOC102552752,LOC102552752,uncharacterized LOC102552752,Chr11: 77.335761,6.216,49.4,Chr11: 77.181196,-0.857,Chr11, 77.335761,Chr11, 77.181196,77.335761,77.181196,0.15456500000000517,True,cis,False,True,True,cis,False,0.18894601542416453,0.1029856386999244,0.3021760789434311,Tier_2_Validate,Liver
20522,UNCHAR_LOC689303,LOC689303,uncharacterized LOC689303,Chr17: 14.423634,4.592,49.3,Chr17: 14.426630,-0.929,Chr17, 14.423634,Chr17, 14.426630,14.423634,14.42663,0.0029959999999995546,True,cis,False,True,True,cis,False,0.18830334190231363,0.11659108087679516,0.30671304797268806,Tier_2_Validate,Liver
32307,ENSRNOG00000058057,Uggt2,UDP-glucose glycoprotein glucosyltransferase 2,Chr15: 96.239357,3.312,49.3,Chr15: 96.098863,1.124,Chr15, 96.239357,Chr15, 96.098863,96.239357,96.098863,0.1404940000000039,True,cis,False,False,False,cis,False,0.18830334190231363,0.15343915343915346,0.4196098733695135,Tier_2_Validate,Liver
11440,UNCHAR_LOC103691992,LOC103691992,uncharacterized LOC103691992,Chr3: 164.305928,4.056,49.2,Chr3: 163.652536,-1.31,Chr3, 164.305928,Chr3, 163.652536,164.305928,163.652536,0.6533919999999966,True,cis,False,True,True,cis,False,0.18766066838046275,0.18858654572940287,0.33168652493845296,Tier_2_Validate,Liver
22480,ENSRNOG00000017155,Nck2,NCK adaptor protein 2,Chr9: 45.713978,5.794,49.1,Chr9: 47.546007,-1.152,Chr9, 45.713978,Chr9, 47.546007,45.713978,47.546007,1.8320290000000057,True,cis,False,False,False,cis,False,0.18701799485861184,0.15873015873015872,0.42101185375606964,Tier_2_Validate,Liver
28788,ENSRNOG00000011723,Slc44a3,"solute carrier family 44, member 3",Chr2: 209.628181,4.038,48.4,Chr2: 209.824864,-1.035,Chr2, 209.628181,Chr2, 209.824864,209.628181,209.824864,0.19668299999997885,True,cis,False,False,False,cis,False,0.18251928020565553,0.13662131519274373,0.41169920838943974,Tier_2_Validate,Liver
9089,UNCHAR_LOC102547086,LOC102547086,uncharacterized LOC102547086,Chr4: 162.235045,7.374,48.2,Chr13: 103.716378,0.923,Chr4, 162.235045,Chr13, 103.716378,162.235045,103.716378,inf,False,trans,False,True,True,trans_moderate,True,0.18123393316195374,0.1154572940287226,0.20384192951673671,Tier_3_FlaggedInspect,Liver
27750,ENSRNOG00000069209,RT1-A1,"RT1 class Ia, locus A1",Chr20: 4.905308,6.392,48.1,Chr20: 5.521968,-1.886,Chr20, 4.905308,Chr20, 5.521968,4.905308,5.521968,0.6166600000000004,True,cis,False,False,False,cis,False,0.18059125964010284,0.29743008314436886,0.46730746997456507,Tier_1_HighConfidence,Liver
6861,UNCHAR_Hmgb1-ps28,Hmgb1-ps28,"high-mobility group box 1, pseudogene 28",Chr16: 48.746341,2.027,47.9,Chr12: 5.581347,1.188,Chr16, 48.746341,Chr12, 5.581347,48.746341,5.581347,inf,False,trans,True,False,False,PSEUDOGENE_TRANS,True,0.17930591259640102,0.1655328798185941,0.2206935773452483,Tier_3_FlaggedInspect,Liver
10920,UNCHAR_LOC102555557,LOC102555557,MLV-related proviral Env polyprotein-like,Chr12: 26.822693,1.618,47.7,Chr12: 27.015140,-1.329,Chr12, 26.822693,Chr12, 27.015140,26.822693,27.01514,0.19244699999999781,True,cis,False,False,True,cis,False,0.17802056555269927,0.1921768707482993,0.42956910270534954,Tier_2_Validate,Liver
18943,UNCHAR_LOC120101770,LOC120101770,protein NDRG3-like,Chr3: 145.584912,0.832,47.7,Chr3: 145.190228,1.497,Chr3, 145.584912,Chr3, 145.190228,145.584912,145.190228,0.39468400000001225,True,cis,False,False,True,cis,False,0.17802056555269927,0.22392290249433108,0.4406802138164606,Tier_2_Validate,Liver
1024,ENSRNOG00000052354,Arhgef40,Rho guanine nucleotide exchange factor 40,Chr15: 24.672644,7.723,47.6,Chr15: 24.617522,0.652,Chr15, 24.672644,Chr15, 24.617522,24.672644,24.617522,0.05512199999999723,True,cis,False,False,False,cis,False,0.17737789203084833,0.06424792139077853,0.3845690346975694,Tier_2_Validate,Liver
9319,UNCHAR_LOC102548069,LOC102548069,uncharacterized LOC102548069,Chr20: 8.645567,4.128,47.4,Chr20: 8.746702,-1.033,Chr20, 8.645567,Chr20, 8.746702,8.645567,8.746702,0.10113500000000109,True,cis,False,True,True,cis,False,0.17609254498714652,0.13624338624338622,0.30931757593068643,Tier_2_Validate,Liver
10701,UNCHAR_LOC102554501,LOC102554501,uncharacterized LOC102554501,Chr3: 13.949382,0.921,47.4,Chr3: 13.657871,0.999,Chr3, 13.949382,Chr3, 13.657871,13.949382,13.657871,0.29151099999999985,True,cis,False,True,True,cis,False,0.17609254498714652,0.1298185941043084,0.30706889868200926,Tier_2_Validate,Liver
22861,ENSRNOG00000000442_2,Notch4,notch receptor 4,Chr20: 4.184465,4.891,47.4,Chr20: 4.680142,-0.919,Chr20, 4.184465,Chr20, 4.680142,4.184465,4.680142,0.4956769999999997,True,cis,False,False,False,cis,False,0.17609254498714652,0.11470143613000756,0.4017778933910039,Tier_2_Validate,Liver
17849,UNCHAR_LOC120100033,LOC120100033,uncharacterized LOC120100033,Chr1: 238.501942,5.834,46.9,Chr1: 238.452893,1.524,Chr1, 238.501942,Chr1, 238.452893,238.501942,238.452893,0.04904900000002499,True,cis,False,True,True,cis,False,0.17287917737789202,0.2290249433106576,0.34066644224099235,Tier_2_Validate,Liver
20850,ENSRNOG00000070531,Ltb,lymphotoxin beta,Chr20: 3.629380,6.009,46.8,Chr20: 3.210100,-1.007,Chr20, 3.629380,Chr20, 3.210100,3.62938,3.2101,0.41927999999999965,True,cis,False,False,False,cis,False,0.1722365038560411,0.13133030990173844,0.40624838481522285,Tier_2_Validate,Liver
7699,ENSRNOG00000046949,Kcnb1,potassium voltage-gated channel subfamily B member 1,Chr3: 155.913382,1.77,46.7,Chr3: 155.138696,-1.187,Chr3, 155.913382,Chr3, 155.138696,155.913382,155.138696,0.7746860000000027,True,cis,False,False,False,cis,False,0.17159383033419026,0.16534391534391535,0.417928210987337,Tier_2_Validate,Liver
8560,ENSRNOG00000065743,LOC100361547,"cytochrome P450, family 2, subfamily c, polypeptide 7 like 1",Chr1: 238.457700,1.859,46.7,Chr1: 238.452893,1.529,Chr1, 238.457700,Chr1, 238.452893,238.4577,238.452893,0.004806999999999562,True,cis,False,False,True,cis,False,0.17159383033419026,0.2299697656840514,0.44054725860638455,Tier_2_Validate,Liver
32690,ENSRNOG00000078605,Vom2r44,vomeronasal 2 receptor 44,Chr2: 148.497149,3.285,46.7,Chr2: 147.792901,1.243,Chr2, 148.497149,Chr2, 147.792901,148.497149,147.792901,0.7042480000000069,True,cis,False,False,False,cis,False,0.17159383033419026,0.17592592592592593,0.42163191469104067,Tier_2_Validate,Liver
33610,ENSRNOG00000057989,Zp2,zona pellucida glycoprotein 2,Chr1: 174.525287,0.403,46.6,Chr1: 175.800813,0.849,Chr1, 174.525287,Chr1, 175.800813,174.525287,175.800813,1.2755260000000135,True,cis,False,False,False,cis,False,0.17095115681233936,0.10147392290249432,0.39534877790019174,Tier_2_Validate,Liver
8502,UNCHAR_LOC100360200,LOC100360200,uncharacterized LOC100360200,Chr12: 10.211743,3.561,46.5,Chr12: 9.403643,1.268,Chr12, 10.211743,Chr12, 9.403643,10.211743,9.403643,0.8080999999999996,True,cis,False,True,True,cis,False,0.17030848329048845,0.18065003779289493,0.32283548237918414,Tier_2_Validate,Liver
9094,UNCHAR_LOC102547102,LOC102547102,uncharacterized LOC102547102,Chr7: 110.021714,8.279,46.5,Chr7: 110.115189,0.633,Chr7, 110.021714,Chr7, 110.115189,110.021714,110.115189,0.09347499999999798,True,cis,False,True,True,cis,False,0.17030848329048845,0.06065759637188209,0.2808381278818297,Tier_2_Validate,Liver
12180,UNCHAR_LOC108350069,LOC108350069,uncharacterized LOC108350069,Chr2: 183.522844,1.184,46.5,Chr2: 183.798575,0.927,Chr2, 183.522844,Chr2, 183.798575,183.522844,183.798575,0.2757310000000075,True,cis,False,True,True,cis,False,0.17030848329048845,0.11621315192743764,0.3002825723262741,Tier_2_Validate,Liver
12104,UNCHAR_LOC108349628,LOC108349628,uncharacterized LOC108349628,Chr1: 175.141463,1.163,46.4,Chr1: 175.800813,1.436,Chr1, 175.141463,Chr1, 175.800813,175.141463,175.800813,0.6593500000000176,True,cis,False,True,True,cis,False,0.16966580976863752,0.21239606953892667,0.33372165775764745,Tier_2_Validate,Liver
28206,ENSRNOG00000022932,Serhl2,serine hydrolase-like 2,Chr7: 114.246034,7.567,46.3,Chr7: 114.967349,0.675,Chr7, 114.246034,Chr7, 114.967349,114.246034,114.967349,0.7213150000000041,True,cis,False,False,False,cis,False,0.1690231362467866,0.06859410430839004,0.38316603419431183,Tier_2_Validate,Liver
13471,UNCHAR_LOC120093671,LOC120093671,uncharacterized LOC120093671,Chr7: 93.252518,0.495,46.1,Chr7: 93.103623,-0.855,Chr7, 93.252518,Chr7, 93.103623,93.252518,93.103623,0.148894999999996,True,cis,False,True,True,cis,False,0.16773778920308485,0.10260770975056688,0.2946209246337781,Tier_2_Validate,Liver
27902,ENSRNOG00000036719,Samd10,sterile alpha motif domain containing 10,Chr3: 168.704426,5.195,46.1,Chr3: 168.114441,-0.961,Chr3, 168.704426,Chr3, 168.114441,168.704426,168.114441,0.5899850000000129,True,cis,False,False,False,cis,False,0.16773778920308485,0.1226379440665155,0.4016315066443601,Tier_2_Validate,Liver
30833,ENSRNOG00000010204,Tmem9,transmembrane protein 9,Chr13: 47.458485,7.734,45.8,Chr13: 47.430149,0.766,Chr13, 47.458485,Chr13, 47.430149,47.458485,47.430149,0.028336000000003025,True,cis,False,False,False,cis,False,0.16580976863753213,0.08578987150415722,0.3880598740495913,Tier_2_Validate,Liver
3373,ENSRNOG00000030904,Cpb1,carboxypeptidase B1,Chr2: 102.785627,3.143,45.6,Chr2: 102.851458,-1.457,Chr2, 102.785627,Chr2, 102.851458,102.785627,102.851458,0.06583099999998865,True,cis,False,False,False,cis,False,0.16452442159383035,0.21636432350718066,0.43331106078535386,Tier_2_Validate,Liver
8850,UNCHAR_LOC100911879,LOC100911879,cytochrome P450 like 1,Chr1: 238.597060,3.899,45.5,Chr1: 237.090968,-1.24,Chr1, 238.597060,Chr1, 237.090968,238.59706,237.090968,1.5060919999999953,True,cis,False,False,True,cis,False,0.16388174807197944,0.17535903250188964,0.4187342732008542,Tier_2_Validate,Liver
16376,UNCHAR_LOC120097786,LOC120097786,uncharacterized LOC120097786,Chr17: 8.011330,4.07,45.5,Chr17: 7.992823,-1.013,Chr17, 8.011330,Chr17, 7.992823,8.01133,7.992823,0.018506999999999607,True,cis,False,True,True,cis,False,0.16388174807197944,0.13246409674981102,0.3037210456876267,Tier_2_Validate,Liver
15110,UNCHAR_LOC120095967,LOC120095967,uncharacterized LOC120095967,Chr12: 33.243971,1.665,45.4,Chr12: 33.354417,-0.955,Chr12, 33.243971,Chr12, 33.354417,33.243971,33.354417,0.11044599999999605,True,cis,False,True,True,cis,False,0.16323907455012854,0.12150415721844295,0.29966013111900003,Tier_2_Validate,Liver
25264,UNCHAR_Pkib,Pkib,cAMP-dependent protein kinase inhibitor beta,Chr20: 36.965171,4.322,45.3,Chr20: 36.959102,1.191,Chr20, 36.965171,Chr20, 36.959102,36.965171,36.959102,0.006068999999996549,True,cis,False,False,False,cis,False,0.16259640102827763,0.1660997732426304,0.4150436609948178,Tier_2_Validate,Liver
26691,ENSRNOG00000027949,Rfx6,"regulatory factor X, 6",Chr20: 31.019783,2.419,44.9,Chr20: 30.822703,-1.629,Chr20, 31.019783,Chr20, 30.822703,31.019783,30.822703,0.1970799999999997,True,cis,False,False,False,cis,False,0.16002570694087404,0.24886621315192745,0.44311217203248054,Tier_2_Validate,Liver
28443,ENSRNOG00000021474,Siglec5,sialic acid binding Ig-like lectin 5,Chr1: 93.768189,5.633,44.9,Chr1: 92.454009,-1.272,Chr1, 93.768189,Chr1, 92.454009,93.768189,92.454009,1.3141800000000075,True,cis,False,False,False,cis,False,0.16002570694087404,0.18140589569160998,0.4195010609213694,Tier_2_Validate,Liver
1575,ENSRNOG00000050819,Birc5,baculoviral IAP repeat-containing 5,Chr10: 103.072529,3.084,44.5,Chr10: 102.999385,-0.98,Chr10, 103.072529,Chr10, 102.999385,103.072529,102.999385,0.07314399999999921,True,cis,False,False,False,cis,False,0.15745501285347044,0.12622826908541193,0.3992891486786089,Tier_2_Validate,Liver
10864,UNCHAR_LOC102555308,LOC102555308,uncharacterized LOC102555308,Chr13: 94.160255,3.26,44.5,Chr13: 93.657711,-1.609,Chr13, 94.160255,Chr13, 93.657711,94.160255,93.657711,0.5025440000000003,True,cis,False,True,True,cis,False,0.15745501285347044,0.24508692365835222,0.3408896777791379,Tier_2_Validate,Liver
19798,UNCHAR_LOC120103042,LOC120103042,uncharacterized LOC120103042,Chr5: 160.700912,2.27,44.5,Chr5: 161.614974,0.979,Chr5, 160.700912,Chr5, 161.614974,160.700912,161.614974,0.9140620000000013,True,cis,False,True,True,cis,False,0.15745501285347044,0.1260393046107332,0.2992230111124713,Tier_2_Validate,Liver
10899,UNCHAR_LOC102555453,LOC102555453,uncharacterized LOC102555453,ChrX: 1.197282,10.115,44.3,Chr3: 16.490648,0.819,ChrX, 1.197282,Chr3, 16.490648,1.197282,16.490648,inf,False,trans,False,True,True,trans_moderate,True,0.15616966580976863,0.0958049886621315,0.18819112906516505,Tier_3_FlaggedInspect,Liver
33504,ENSRNOG00000055608,Zfp94l1,zinc finger protein 94 like 1,Chr1: 79.896552,2.007,43.9,Chr1: 79.715297,-1.178,Chr1, 79.896552,Chr1, 79.715297,79.896552,79.715297,0.18125499999999306,True,cis,False,False,False,cis,False,0.15359897172236503,0.16364323507180648,0.41103477237796004,Tier_2_Validate,Liver
11974,UNCHAR_LOC108348901,LOC108348901,uncharacterized LOC108348901,Chr19: 16.500196,4.645,43.6,Chr19: 16.494076,-1.308,Chr19, 16.500196,Chr19, 16.494076,16.500196,16.494076,0.006119999999999237,True,cis,False,True,True,cis,False,0.15167095115681237,0.18820861678004536,0.31895784877790023,Tier_2_Validate,Liver
27816,ENSRNOG00000000279,Rtn4ip1,reticulon 4 interacting protein 1,Chr20: 47.382250,7.92,43.6,Chr20: 47.342075,0.657,Chr20, 47.382250,Chr20, 47.342075,47.38225,47.342075,0.04017499999999785,True,cis,False,False,False,cis,False,0.15167095115681237,0.06519274376417235,0.3759022932223447,Tier_2_Validate,Liver
9439,UNCHAR_LOC102548553,LOC102548553,uncharacterized LOC102548553,Chr4: 72.088277,4.025,43.4,Chr4: 71.606853,-0.924,Chr4, 72.088277,Chr4, 71.606853,72.088277,71.606853,0.48142400000000407,True,cis,False,True,True,cis,False,0.15038560411311053,0.11564625850340138,0.2931111519157792,Tier_2_Validate,Liver
27823,ENSRNOG00000066242,Rtp4,receptor (chemosensory) transporter protein 4,Chr11: 77.249193,9.795,43.4,Chr11: 77.181196,-0.662,Chr11, 77.249193,Chr11, 77.181196,77.249193,77.181196,0.06799700000000541,True,cis,False,False,False,cis,False,0.15038560411311053,0.06613756613756615,0.37578310958773686,Tier_2_Validate,Liver
1975,ENSRNOG00000013260,Calr3,calreticulin 3,Chr16: 17.396088,6.811,43.1,Chr16: 17.484384,0.577,Chr16, 17.396088,Chr16, 17.484384,17.396088,17.484384,0.08829599999999971,True,cis,False,False,False,cis,False,0.14845758354755786,0.0500755857898715,0.3694866092681003,Tier_2_Validate,Liver
26134,ENSRNOG00000015072,Ptgr1,prostaglandin reductase 1,Chr5: 73.802623,10.389,42.9,Chr5: 73.810363,-0.652,Chr5, 73.802623,Chr5, 73.810363,73.802623,73.810363,0.007739999999998304,True,cis,False,False,False,cis,False,0.14717223650385602,0.06424792139077853,0.3739970552631221,Tier_2_Validate,Liver
27135,UNCHAR_RGD1566212,RGD1566212,ATP synthase membrane subunit c locus 2 like 2,Chr2: 26.836361,0.587,42.8,Chr7: 133.796878,0.782,Chr2, 26.836361,Chr7, 133.796878,26.836361,133.796878,inf,False,trans,False,False,False,trans_moderate,True,0.14652956298200512,0.08881330309901739,0.2823700031283579,Tier_3_FlaggedInspect,Liver
7673,ENSRNOG00000017788,Katnal2,katanin catalytic subunit A1 like 2,Chr18: 70.607885,4.857,42.7,Chr18: 70.329282,-1.029,Chr18, 70.607885,Chr18, 70.329282,70.607885,70.329282,0.2786029999999897,True,cis,False,False,False,cis,False,0.14588688946015427,0.13548752834467118,0.3984810462316889,Tier_2_Validate,Liver
20977,ENSRNOG00000021023,Mag,myelin-associated glycoprotein,Chr1: 86.163725,0.912,42.7,Chr1: 86.021287,-0.92,Chr1, 86.163725,Chr1, 86.021287,86.163725,86.021287,0.1424379999999985,True,cis,False,False,False,cis,False,0.14588688946015427,0.11489040060468635,0.3912720515226942,Tier_2_Validate,Liver
26771,UNCHAR_RGD1559588,RGD1559588,uncharacterized RGD1559588,Chr12: 17.398843,2.762,42.6,Chr12: 19.032032,1.234,Chr12, 17.398843,Chr12, 19.032032,17.398843,19.032032,1.6331890000000016,True,cis,False,True,False,cis,False,0.14524421593830336,0.17422524565381708,0.31181431155724215,Tier_2_Validate,Liver
9490,UNCHAR_LOC102548791,LOC102548791,uncharacterized LOC102548791,Chr10: 103.655143,2.172,42.4,Chr10: 103.865949,-1.069,Chr10, 103.655143,Chr10, 103.865949,103.655143,103.865949,0.21080600000000516,True,cis,False,True,True,cis,False,0.14395886889460155,0.1430461073318216,0.30045174167924815,Tier_2_Validate,Liver
226,ENSRNOG00000064951,Acsm2,acyl-CoA synthetase medium-chain family member 2,Chr1: 173.916367,7.579,42.3,Chr1: 177.193526,-1.642,Chr1, 173.916367,Chr1, 177.193526,173.916367,177.193526,3.2771589999999833,True,cis,False,False,False,cis,False,0.14331619537275064,0.2513227513227513,0.4381236313434257,Tier_2_Validate,Liver
8881,UNCHAR_LOC100912214,LOC100912214,uncharacterized LOC100912214,Chr9: 91.996237,3.137,42.3,Chr9: 92.433450,0.973,Chr9, 91.996237,Chr9, 92.433450,91.996237,92.43345,0.43721299999999985,True,cis,False,True,True,cis,False,0.14331619537275064,0.12490551776266064,0.29387759959739396,Tier_2_Validate,Liver
20757,ENSRNOG00000027971,Lrrc31,leucine rich repeat containing 31,Chr2: 112.702843,0.57,42.3,Chr2: 112.752818,-0.899,Chr2, 112.702843,Chr2, 112.752818,112.702843,112.752818,0.04997500000000343,True,cis,False,False,False,cis,False,0.14331619537275064,0.11092214663643235,0.38898341970321404,Tier_2_Validate,Liver
17166,UNCHAR_LOC120098896,LOC120098896,uncharacterized LOC120098896,Chr20: 4.865697,5.25,42.1,Chr20: 3.601132,0.715,Chr20, 4.865697,Chr20, 3.601132,4.865697,3.601132,1.2645649999999997,True,cis,False,True,True,cis,False,0.14203084832904886,0.07615268329554044,0.2763642360686063,Tier_2_Validate,Liver
11510,UNCHAR_LOC103692512,LOC103692512,uncharacterized LOC103692512,Chr5: 159.888453,4.894,42.0,Chr5: 159.179026,-0.917,Chr5, 159.888453,Chr5, 159.179026,159.888453,159.179026,0.7094270000000051,True,cis,False,True,True,cis,False,0.14138817480719795,0.11432350718065004,0.2894990886957468,Tier_2_Validate,Liver
14598,UNCHAR_LOC120095234,LOC120095234,uncharacterized LOC120095234,Chr10: 2.222455,2.429,42.0,Chr14: 0.492117,1.183,Chr10, 2.222455,Chr14, 0.492117,2.222455,0.492117,inf,False,trans,False,True,True,trans_moderate,True,0.14138817480719795,0.1645880574452003,0.20709168128833938,Tier_3_FlaggedInspect,Liver
27800,ENSRNOG00000027513,Rtel1,regulator of telomere elongation helicase 1,Chr3: 168.427246,8.611,41.9,Chr3: 168.114441,-0.757,Chr3, 168.427246,Chr3, 168.114441,168.427246,168.114441,0.31280499999999734,True,cis,False,False,False,cis,False,0.14074550128534705,0.08408919123204837,0.3786921423810884,Tier_2_Validate,Liver
29907,ENSRNOG00000004200,Sybu,syntabulin,Chr7: 75.948918,4.008,41.8,Chr7: 75.723892,1.07,Chr7, 75.948918,Chr7, 75.723892,75.948918,75.723892,0.22502599999999973,True,cis,False,False,False,cis,False,0.14010282776349614,0.14323507180650039,0.39916826484949874,Tier_2_Validate,Liver
30986,ENSRNOG00000025601,Topaz1,testis and ovary specific TOPAZ 1,Chr8: 122.358242,2.791,41.8,Chr8: 123.157499,1.107,Chr8, 122.358242,Chr8, 123.157499,122.358242,123.157499,0.7992569999999972,True,cis,False,False,False,cis,False,0.14010282776349614,0.1502267573696145,0.4016153547965887,Tier_2_Validate,Liver
18861,ENSRNOG00000066870,LOC120101643,sodium/nucleoside cotransporter 2-like,Chr3: 109.505639,11.435,41.7,Chr3: 109.771053,-0.772,Chr3, 109.505639,Chr3, 109.771053,109.505639,109.771053,0.2654139999999927,True,cis,False,False,True,cis,False,0.13946015424164526,0.08692365835222979,0.37923433440785626,Tier_2_Validate,Liver
20134,UNCHAR_LOC120103562,LOC120103562,uncharacterized LOC120103562,Chr6: 98.801523,2.114,41.1,Chr6: 98.648176,-1.212,Chr6, 98.801523,Chr6, 98.648176,98.801523,98.648176,0.15334699999999657,True,cis,False,True,True,cis,False,0.13560411311053985,0.17006802721088435,0.30698524911249847,Tier_2_Validate,Liver
7765,ENSRNOG00000016675,Kcnn2,potassium calcium-activated channel subfamily N member 2,Chr18: 37.817965,7.961,40.8,Chr18: 35.289721,1.229,Chr18, 37.817965,Chr18, 35.289721,37.817965,35.289721,2.528244000000001,True,cis,False,False,False,cis,False,0.13367609254498714,0.17328042328042328,0.4074347805388936,Tier_2_Validate,Liver
18242,ENSRNOG00000064284,LOC120100687,uncharacterized LOC120100687,Chr2: 31.489973,3.554,40.8,Chr2: 31.925135,-1.108,Chr2, 31.489973,Chr2, 31.925135,31.489973,31.925135,0.4351620000000018,True,cis,False,True,True,cis,False,0.13367609254498714,0.15041572184429328,0.2994321350362481,Tier_2_Validate,Liver
1192,ENSRNOG00000060105,Astn2,astrotactin 2,Chr5: 79.744020,3.021,40.6,Chr5: 79.948056,1.108,Chr5, 79.744020,Chr5, 79.948056,79.74402,79.948056,0.2040359999999879,True,cis,False,False,False,cis,False,0.13239074550128535,0.15041572184429328,0.39898226357095246,Tier_2_Validate,Liver
6224,ENSRNOG00000002936,Golt1a,golgi transport 1A,Chr13: 44.760355,8.251,40.4,Chr13: 44.694753,0.626,Chr13, 44.760355,Chr13, 44.694753,44.760355,44.694753,0.06560199999999838,True,cis,False,False,False,cis,False,0.13110539845758354,0.059334845049130766,0.36665408522735,Tier_2_Validate,Liver
2458,ENSRNOG00000007178,Cd8a,CD8 subunit alpha,Chr4: 103.365803,5.029,40.3,Chr4: 104.212440,1.012,Chr4, 103.365803,Chr4, 104.212440,103.365803,104.21244,0.8466370000000012,True,cis,False,False,False,cis,False,0.13046272493573263,0.13227513227513227,0.3919582500238027,Tier_2_Validate,Liver
9736,UNCHAR_LOC102549998,LOC102549998,uncharacterized LOC102549998,Chr7: 120.407664,2.757,40.2,Chr7: 120.551699,1.13,Chr7, 120.407664,Chr7, 120.551699,120.407664,120.551699,0.14403500000000236,True,cis,False,True,True,cis,False,0.12982005141388178,0.15457294028722599,0.2995375470953877,Tier_2_Validate,Liver
20628,UNCHAR_LOC691418,LOC691418,uncharacterized LOC691418,Chr3: 106.164178,6.305,40.1,Chr3: 106.311986,1.085,Chr3, 106.164178,Chr3, 106.311986,106.164178,106.311986,0.14780799999999772,True,cis,False,True,True,cis,False,0.12917737789203088,0.14606953892668179,0.29633642088654943,Tier_2_Validate,Liver
10471,UNCHAR_LOC102553363,LOC102553363,uncharacterized LOC102553363,Chr1: 20.663698,7.107,39.9,Chr1: 20.006034,-0.827,Chr1, 20.663698,Chr1, 20.006034,20.663698,20.006034,0.6576640000000005,True,cis,False,True,True,cis,False,0.12789203084832904,0.09731670445956159,0.2788230573577617,Tier_2_Validate,Liver
22266,ENSRNOG00000042912,Mycbpap,Mycbp associated protein,Chr10: 79.470976,1.714,39.9,Chr10: 79.677697,0.962,Chr10, 79.470976,Chr10, 79.677697,79.470976,79.677697,0.2067210000000017,True,cis,False,False,False,cis,False,0.12789203084832904,0.12282690854119424,0.3877516287863332,Tier_2_Validate,Liver
19374,UNCHAR_LOC120102417,LOC120102417,uncharacterized LOC120102417,Chr4: 168.042534,2.181,39.5,Chr4: 168.248096,-1.049,Chr4, 168.042534,Chr4, 168.248096,168.042534,168.248096,0.20556200000001468,True,cis,False,True,True,cis,False,0.12532133676092547,0.1392668178382464,0.2926058541097102,Tier_2_Validate,Liver
20671,ENSRNOG00000014426,Lox,lysyl oxidase,Chr18: 45.977430,4.985,39.5,Chr18: 45.671598,1.759,Chr18, 45.977430,Chr18, 45.671598,45.97743,45.671598,0.3058319999999952,True,cis,False,False,False,cis,False,0.12532133676092547,0.27343159486016627,0.43956352606738214,Tier_2_Validate,Liver
9401,UNCHAR_LOC102548389,LOC102548389,uncharacterized LOC102548389,Chr12: 4.438667,7.142,39.4,Chr12: 4.504808,0.809,Chr12, 4.438667,Chr12, 4.504808,4.438667,4.504808,0.066141,True,cis,False,True,True,cis,False,0.12467866323907455,0.09391534391534392,0.27650790250404644,Tier_2_Validate,Liver
28186,UNCHAR_Sephs2,Sephs2,selenophosphate synthetase 2,Chr1: 181.895463,11.993,39.4,Chr1: 181.810195,-0.514,Chr1, 181.895463,Chr1, 181.810195,181.895463,181.810195,0.08526800000001344,True,cis,False,False,False,cis,False,0.12467866323907455,0.0381708238851096,0.35699732049346444,Tier_2_Validate,Liver
3220,ENSRNOG00000005286,Coch,cochlin,Chr6: 69.031138,4.822,39.3,Chr6: 69.282694,1.062,Chr6, 69.031138,Chr6, 69.282694,69.031138,69.282694,0.2515560000000079,True,cis,False,False,False,cis,False,0.12403598971722364,0.1417233560090703,0.3930157710042028,Tier_2_Validate,Liver
9531,UNCHAR_LOC102549007,LOC102549007,uncharacterized LOC102549007,Chr3: 164.291121,1.807,39.2,Chr3: 164.153483,-1.05,Chr3, 164.291121,Chr3, 164.153483,164.291121,164.153483,0.1376380000000097,True,cis,False,True,True,cis,False,0.12339331619537278,0.13945578231292519,0.2919971844779043,Tier_2_Validate,Liver
27756,UNCHAR_RT1-CE10,RT1-CE10,"RT1 class I, locus CE11",Chr20: 3.380300,6.508,39.1,Chr20: 0.038589,-1.501,Chr20, 3.380300,Chr20, 0.038589,3.3803,0.038589,3.341711,True,cis,False,False,False,cis,False,0.12275064267352187,0.22467876039304607,0.42160029107329877,Tier_2_Validate,Liver
87,ENSRNOG00000007041,Abcg2,ATP binding cassette subfamily G member 2,Chr4: 87.676240,6.786,39.0,Chr4: 88.034264,-0.822,Chr4, 87.676240,Chr4, 88.034264,87.67624,88.034264,0.35802399999998613,True,cis,False,False,False,cis,False,0.12210796915167095,0.0963718820861678,0.37646794793324356,Tier_2_Validate,Liver
489,ENSRNOG00000017821,Agxt2,alanine-glyoxylate aminotransferase 2,Chr2: 59.336251,10.73,39.0,Chr2: 59.228537,-0.633,Chr2, 59.336251,Chr2, 59.228537,59.336251,59.228537,0.10771399999999431,True,cis,False,False,False,cis,False,0.12210796915167095,0.06065759637188209,0.3639679479332436,Tier_2_Validate,Liver
3537,ENSRNOG00000030719,Csmd1,CUB and Sushi multiple domains 1,Chr16: 72.218188,6.923,39.0,Chr16: 73.831735,-1.414,Chr16, 72.218188,Chr16, 73.831735,72.218188,73.831735,1.613546999999997,True,cis,False,False,False,cis,False,0.12210796915167095,0.20823885109599394,0.4156213870866827,Tier_2_Validate,Liver
16202,ENSRNOG00000089199,LOC120097510,spindlin-1-like,Chr16: 0.218038,3.879,39.0,Chr17: 14.426630,1.207,Chr16, 0.218038,Chr17, 14.426630,0.218038,14.42663,inf,False,trans,False,False,True,trans_moderate,True,0.12210796915167095,0.16912320483749055,0.3019309108962065,Tier_3_FlaggedInspect,Liver
1490,ENSRNOG00000009928,Bckdhb,branched chain keto acid dehydrogenase E1 subunit beta,Chr8: 84.845263,11.056,38.9,Chr8: 85.585197,-0.536,Chr8, 84.845263,Chr8, 85.585197,84.845263,85.585197,0.739933999999991,True,cis,False,False,False,cis,False,0.12146529562982004,0.04232804232804233,0.35732766828525186,Tier_2_Validate,Liver
13035,UNCHAR_LOC108353253,LOC108353253,uncharacterized LOC108353253,Chr20: 3.260747,5.252,38.9,Chr20: 3.210100,-1.333,Chr20, 3.260747,Chr20, 3.210100,3.260747,3.2101,0.050646999999999665,True,cis,False,True,True,cis,False,0.12146529562982004,0.19293272864701436,0.31003930849689204,Tier_2_Validate,Liver
8838,ENSRNOG00000082841,LOC100911718,cytochrome P450 2C6-like,Chr1: 237.693100,11.75,38.8,Chr1: 237.090968,1.536,Chr1, 237.693100,Chr1, 237.090968,237.6931,237.090968,0.6021319999999832,True,cis,False,False,True,cis,False,0.12082262210796914,0.23129251700680273,0.4232402986901701,Tier_2_Validate,Liver
28062,ENSRNOG00000000500,Scube3,"signal peptide, CUB domain and EGF like domain containing 3",Chr20: 6.199181,4.622,38.3,Chr20: 6.357718,1.144,Chr20, 6.199181,Chr20, 6.357718,6.199181,6.357718,0.15853699999999993,True,cis,False,False,False,cis,False,0.11760925449871464,0.15721844293272863,0.39618969410100513,Tier_2_Validate,Liver
30006,ENSRNOG00000005853,Tacr1,tachykinin receptor 1,Chr4: 114.920843,2.164,38.1,Chr4: 114.802566,1.247,Chr4, 114.920843,Chr4, 114.802566,114.920843,114.802566,0.11827700000000618,True,cis,False,False,False,cis,False,0.11632390745501286,0.17668178382464098,0.40255199194787883,Tier_2_Validate,Liver
32353,ENSRNOG00000029071,Unc5c,unc-5 netrin receptor C,Chr2: 230.180352,2.06,37.7,Chr2: 230.030788,1.191,Chr2, 230.180352,Chr2, 230.030788,230.180352,230.030788,0.14956399999999803,True,cis,False,False,False,cis,False,0.11375321336760928,0.1660997732426304,0.3979485453135839,Tier_2_Validate,Liver
5613,ENSRNOG00000007660,Fntb,"farnesyltransferase, CAAX box, subunit beta",Chr6: 95.536614,4.709,37.5,Chr6: 95.470641,-0.977,Chr6, 95.536614,Chr6, 95.470641,95.536614,95.470641,0.06597299999999962,True,cis,False,False,False,cis,False,0.11246786632390746,0.12566137566137567,0.38334523469484905,Tier_2_Validate,Liver
9750,UNCHAR_LOC102550051,LOC102550051,uncharacterized LOC102550051,Chr10: 64.738278,5.611,37.5,Chr10: 64.736786,-0.915,Chr10, 64.738278,Chr10, 64.736786,64.738278,64.736786,0.0014919999999989386,True,cis,False,True,True,cis,False,0.11246786632390746,0.11394557823129252,0.27924470559432,Tier_2_Validate,Liver
3782,UNCHAR_Cyp2d5,Cyp2d5,uncharacterized Cyp2d5,Chr7: 113.904457,13.215,37.3,Chr7: 113.823396,0.674,Chr7, 113.904457,Chr7, 113.823396,113.904457,113.823396,0.08106099999999117,True,cis,False,True,False,cis,False,0.11118251928020564,0.06840513983371127,0.2628556806898709,Tier_2_Validate,Liver
3793,ENSRNOG00000011053,Cyp2u1,"cytochrome P450, family 2, subfamily u, polypeptide 1",Chr2: 219.866958,7.584,37.2,Chr2: 219.970144,0.69,Chr2, 219.866958,Chr2, 219.970144,219.866958,219.970144,0.10318599999999378,True,cis,False,False,False,cis,False,0.11053984575835478,0.07142857142857142,0.3636889460154241,Tier_2_Validate,Liver
6066,ENSRNOG00000014357,Gja4,"gap junction protein, alpha 4",Chr5: 139.635856,6.6,37.1,Chr5: 139.016294,-0.648,Chr5, 139.635856,Chr5, 139.016294,139.635856,139.016294,0.619562000000002,True,cis,False,False,False,cis,False,0.10989717223650387,0.0634920634920635,0.36068623250499854,Tier_2_Validate,Liver
27754,UNCHAR_RT1-Bb,RT1-Bb,"similar to RT1 class II histocompatibility antigen, B-1 beta chain precursor (RT1.B-beta(1))",Chr20: 4.602200,8.205,37.1,Chr20: 5.504017,-0.829,Chr20, 4.602200,Chr20, 5.504017,4.6022,5.504017,0.9018170000000003,True,cis,False,False,False,cis,False,0.10989717223650387,0.09769463340891911,0.372657131975898,Tier_2_Validate,Liver
11828,ENSRNOG00000058436,LOC108348215,zinc finger protein 420-like,Chr1: 61.427012,3.639,37.0,Chr1: 58.660722,-1.423,Chr1, 61.427012,Chr1, 58.660722,61.427012,58.660722,2.766289999999998,True,cis,False,False,True,cis,False,0.10925449871465295,0.2099395313681028,0.41171791052896456,Tier_2_Validate,Liver
32320,UNCHAR_Ugt2b-ps1,Ugt2b-ps1,"UDP glycosyltransferase 2 family, polypeptide B, pseudogene 1",Chr14: 20.717534,8.826,37.0,Chr14: 19.903596,0.731,Chr14, 20.717534,Chr14, 19.903596,20.717534,19.903596,0.8139380000000003,True,cis,True,False,False,cis,False,0.10925449871465295,0.0791761148904006,0.2659507147617688,Tier_2_Validate,Liver
4916,ENSRNOG00000017286,Ephx2,epoxide hydrolase 2,Chr15: 40.327631,11.618,36.8,Chr15: 35.927510,-0.923,Chr15, 40.327631,Chr15, 35.927510,40.327631,35.92751,4.400120999999999,False,trans,False,False,False,trans_moderate,True,0.10796915167095114,0.1154572940287226,0.2781992559948858,Tier_3_FlaggedInspect,Liver
7532,ENSRNOG00000019741,Isyna1,inositol-3-phosphate synthase 1,Chr16: 18.841978,8.325,36.8,Chr16: 18.944552,0.725,Chr16, 18.841978,Chr16, 18.944552,18.841978,18.944552,0.10257400000000061,True,cis,False,False,False,cis,False,0.10796915167095114,0.07804232804232804,0.36510401789964775,Tier_2_Validate,Liver
28514,ENSRNOG00000037753,Slc10a2,solute carrier family 10 member 2,Chr16: 84.386527,5.326,36.7,Chr16: 84.221585,-1.218,Chr16, 84.386527,Chr16, 84.221585,84.386527,84.221585,0.16494199999999637,True,cis,False,False,False,cis,False,0.10732647814910028,0.1712018140589569,0.39748490227281996,Tier_2_Validate,Liver
7549,ENSRNOG00000046639,Itgae,integrin subunit alpha E,Chr10: 57.704812,6.41,36.6,Chr10: 56.935705,-0.687,Chr10, 57.704812,Chr10, 56.935705,57.704812,56.935705,0.7691069999999982,True,cis,False,False,False,cis,False,0.10668380462724937,0.07086167800453516,0.36214091892112454,Tier_2_Validate,Liver
25886,ENSRNOG00000019330,Procr,protein C receptor,Chr3: 144.254595,4.978,36.4,Chr3: 144.329719,-0.651,Chr3, 144.254595,Chr3, 144.329719,144.254595,144.329719,0.07512400000001662,True,cis,False,False,False,cis,False,0.10539845758354756,0.06405895691609978,0.35931009507487655,Tier_2_Validate,Liver
6667,ENSRNOG00000081310,Hbb,hemoglobin subunit beta,Chr1: 158.251831,10.732,36.3,Chr1: 158.468568,-0.898,Chr1, 158.251831,Chr1, 158.468568,158.251831,158.468568,0.21673699999999485,True,cis,False,False,False,cis,False,0.10475578406169664,0.11073318216175361,0.37542113817820755,Tier_2_Validate,Liver
24976,ENSRNOG00000057556,Pdzrn3,PDZ domain containing RING finger 3,Chr4: 133.996958,7.39,36.3,Chr4: 133.915066,0.895,Chr4, 133.996958,Chr4, 133.915066,133.996958,133.915066,0.08189200000001051,True,cis,False,False,False,cis,False,0.10475578406169664,0.1101662887377173,0.37522272547979485,Tier_2_Validate,Liver
27579,ENSRNOG00000032825,Rpl30l2,ribosomal protein L30-like 2,Chr10: 36.831984,8.046,36.3,Chr7: 68.207211,1.36,Chr10, 36.831984,Chr7, 68.207211,36.831984,68.207211,inf,False,trans,False,False,False,trans_moderate,True,0.10475578406169664,0.19803476946334092,0.3059766937337631,Tier_3_FlaggedInspect,Liver
47,ENSRNOG00000039656,Abca17,"ATP-binding cassette, subfamily A (ABC1), member 17",Chr10: 13.382220,2.808,36.2,Chr10: 13.286123,-0.928,Chr10, 13.382220,Chr10, 13.286123,13.38222,13.286123,0.09609700000000032,True,cis,False,False,False,cis,False,0.10411311053984577,0.11640211640211642,0.3771803294296867,Tier_2_Validate,Liver
390,ENSRNOG00000046357,Adh4,"alcohol dehydrogenase 4 (class II), pi polypeptide",Chr2: 226.948716,10.145,36.2,Chr2: 227.299002,-0.943,Chr2, 226.948716,Chr2, 227.299002,226.948716,227.299002,0.3502860000000112,True,cis,False,False,False,cis,False,0.10411311053984577,0.11923658352229781,0.3781723929217502,Tier_2_Validate,Liver
6184,ENSRNOG00000025040,Gng10,G protein subunit gamma 10,Chr5: 73.856123,9.927,36.2,Chr5: 73.810363,0.479,Chr5, 73.856123,Chr5, 73.810363,73.856123,73.810363,0.045760000000001355,True,cis,False,False,False,cis,False,0.10411311053984577,0.03155706727135298,0.34748456223391955,Tier_2_Validate,Liver
20133,UNCHAR_LOC120103561,LOC120103561,uncharacterized LOC120103561,Chr6: 98.790230,1.397,36.0,Chr6: 97.992218,1.111,Chr6, 98.790230,Chr6, 97.992218,98.79023,97.992218,0.7980119999999999,True,cis,False,True,True,cis,False,0.10282776349614396,0.15098261526832954,0.2888336325675658,Tier_2_Validate,Liver
195,ENSRNOG00000032508,Acot5,acyl-CoA thioesterase 5,Chr6: 103.701907,7.096,35.6,Chr6: 103.587155,0.836,Chr6, 103.701907,Chr6, 103.587155,103.701907,103.587155,0.11475200000000996,True,cis,False,False,False,cis,False,0.10025706940874038,0.09901738473167046,0.3697460589491438,Tier_2_Validate,Liver
8646,UNCHAR_LOC100363423,LOC100363423,uncharacterized LOC100363423,Chr10: 75.508353,4.0,35.6,Chr10: 75.461046,-0.935,Chr10, 75.508353,Chr10, 75.461046,75.508353,75.461046,0.04730700000000354,True,cis,False,True,True,cis,False,0.10025706940874038,0.11772486772486773,0.27629367799676285,Tier_2_Validate,Liver
3805,ENSRNOG00000082592,Cyp4a2,"cytochrome P450, family 4, subfamily a, polypeptide 2",Chr5: 128.934187,12.789,35.4,Chr5: 128.754736,0.826,Chr5, 128.934187,Chr5, 128.754736,128.934187,128.754736,0.17945100000000025,True,cis,False,False,False,cis,False,0.09897172236503855,0.09712773998488285,0.3686348118224725,Tier_2_Validate,Liver
6645,ENSRNOG00000081861,Harbi1,harbinger transposase derived 1,Chr3: 77.681430,5.117,35.3,Chr3: 78.131964,-0.68,Chr3, 77.681430,Chr3, 78.131964,77.68143,78.131964,0.45053399999999044,True,cis,False,False,False,cis,False,0.09832904884318765,0.06953892668178384,0.35875379143374,Tier_2_Validate,Liver
13847,UNCHAR_LOC120094216,LOC120094216,uncharacterized LOC120094216,Chr8: 84.870784,2.376,35.3,Chr8: 84.736853,-1.065,Chr8, 84.870784,Chr8, 84.736853,84.870784,84.736853,0.13393100000000402,True,cis,False,True,True,cis,False,0.09832904884318765,0.14229024943310656,0.284216754396703,Tier_2_Validate,Liver
20309,UNCHAR_LOC501467,LOC501467,uncharacterized LOC501467,Chr19: 0.018788,1.655,35.3,Chr19: 13.144002,-1.404,Chr19, 0.018788,Chr19, 13.144002,0.018788,13.144002,13.125214,False,trans,False,True,True,trans_moderate,True,0.09832904884318765,0.20634920634920634,0.20663738931733788,Tier_3_FlaggedInspect,Liver
22439,ENSRNOG00000015799,Nat8f1,N-acetyltransferase 8 (GCN5-related) family member 1,Chr4: 118.342908,2.534,35.2,Chr4: 118.133979,-0.812,Chr4, 118.342908,Chr4, 118.133979,118.342908,118.133979,0.2089289999999977,True,cis,False,False,False,cis,False,0.09768637532133678,0.0944822373393802,0.367259014431251,Tier_2_Validate,Liver
25099,ENSRNOG00000018874,Phf19,PHD finger protein 19,Chr3: 18.197288,7.509,34.9,Chr3: 17.943348,-0.88,Chr3, 18.197288,Chr3, 17.943348,18.197288,17.943348,0.25394000000000005,True,cis,False,False,False,cis,False,0.09575835475578405,0.10733182161753592,0.371081561730662,Tier_2_Validate,Liver
26133,ENSRNOG00000008245,Ptgis,prostaglandin I2 synthase,Chr3: 155.964227,4.444,34.7,Chr3: 155.974515,0.828,Chr3, 155.964227,Chr3, 155.974515,155.964227,155.974515,0.01028800000000274,True,cis,False,False,False,cis,False,0.09447300771208228,0.09750566893424037,0.3671925368262129,Tier_2_Validate,Liver
20945,ENSRNOG00000011826,Lzts1,leucine zipper tumor suppressor 1,Chr16: 20.542755,3.335,34.6,Chr16: 19.290322,-1.132,Chr16, 20.542755,Chr16, 19.290322,20.542755,19.290322,1.252433,True,cis,False,False,False,cis,False,0.09383033419023137,0.1549508692365835,0.38707342119938515,Tier_2_Validate,Liver
20236,UNCHAR_LOC304725,LOC304725,uncharacterized LOC304725,Chr13: 12.864306,1.419,34.5,Chr13: 12.697811,0.956,Chr13, 12.864306,Chr13, 12.697811,12.864306,12.697811,0.1664949999999994,True,cis,False,True,True,cis,False,0.09318766066838047,0.12169312169312169,0.2752082738265258,Tier_2_Validate,Liver
20443,UNCHAR_LOC685453,LOC685453,uncharacterized LOC685453,Chr5: 113.944482,1.059,34.4,Chr5: 114.372409,0.796,Chr5, 113.944482,Chr5, 114.372409,113.944482,114.372409,0.42792700000001105,True,cis,False,True,True,cis,False,0.09254498714652956,0.09145880574452005,0.2644013275118674,Tier_2_Validate,Liver
26561,ENSRNOG00000013794,Rbp1,retinol binding protein 1,Chr8: 99.025217,11.246,34.3,Chr8: 98.607081,0.649,Chr8, 99.025217,Chr8, 98.607081,99.025217,98.607081,0.41813600000000406,True,cis,False,False,False,cis,False,0.09190231362467864,0.06368102796674226,0.35445416955699727,Tier_2_Validate,Liver
10124,UNCHAR_LOC102551693,LOC102551693,uncharacterized LOC102551693,Chr1: 204.680567,5.602,34.2,Chr1: 205.159275,0.969,Chr1, 204.680567,Chr1, 205.159275,204.680567,205.159275,0.4787080000000117,True,cis,False,True,True,cis,False,0.09125964010282779,0.12414965986394559,0.2753932549883707,Tier_2_Validate,Liver
3637,ENSRNOG00000014064,Ctsh,cathepsin H,Chr8: 90.608940,12.954,33.7,Chr8: 90.485971,-0.462,Chr8, 90.608940,Chr8, 90.485971,90.60894,90.485971,0.12296899999999766,True,cis,False,False,False,cis,False,0.08804627249357329,0.028344671201814064,0.3407368302933856,Tier_2_Validate,Liver
33570,ENSRNOG00000022199,Zmynd12,"zinc finger, MYND-type containing 12",Chr5: 133.026916,2.97,33.6,Chr5: 133.068819,-0.863,Chr5, 133.026916,Chr5, 133.068819,133.026916,133.068819,0.0419029999999907,True,cis,False,False,False,cis,False,0.08740359897172238,0.10411942554799697,0.3670330585819017,Tier_2_Validate,Liver
420,ENSRNOG00000047545,Adra2a,adrenoceptor alpha 2A,Chr1: 253.061479,0.895,33.5,Chr1: 252.591777,0.813,Chr1, 253.061479,Chr1, 252.591777,253.061479,252.591777,0.46970199999998385,True,cis,False,False,False,cis,False,0.08676092544987146,0.09467120181405894,0.36350124454237565,Tier_2_Validate,Liver
912,UNCHAR_Apol3,Apol3,uncharacterized Apol3,Chr7: 109.288724,8.468,33.5,Chr7: 109.593956,-0.864,Chr7, 109.288724,Chr7, 109.593956,109.288724,109.593956,0.3052320000000037,True,cis,False,True,False,cis,False,0.08676092544987146,0.10430839002267575,0.26687426041539153,Tier_2_Validate,Liver
25805,ENSRNOG00000031993,Prim1,DNA primase subunit 1,Chr7: 0.446341,6.981,33.5,Chr7: 0.693685,-0.51,Chr7, 0.446341,Chr7, 0.693685,0.446341,0.693685,0.247344,True,cis,False,False,False,cis,False,0.08676092544987146,0.03741496598639456,0.3434615620026931,Tier_2_Validate,Liver
28911,UNCHAR_Slfn3,Slfn3,schlafen family member 4,Chr10: 68.020481,4.014,33.3,Chr10: 68.151584,-0.775,Chr10, 68.020481,Chr10, 68.151584,68.020481,68.151584,0.13110299999999597,True,cis,False,False,False,cis,False,0.08547557840616965,0.08749055177626607,0.36053814556385244,Tier_2_Validate,Liver
33418,ENSRNOG00000031478,Zfp663,zinc finger protein 663,Chr3: 154.102520,0.623,33.3,Chr3: 153.986705,0.769,Chr3, 154.102520,Chr3, 153.986705,154.10252,153.986705,0.11581499999999778,True,cis,False,False,False,cis,False,0.08547557840616965,0.08635676492819351,0.36014132016702705,Tier_2_Validate,Liver
31992,ENSRNOG00000008758,Tspan18,tetraspanin 18,Chr3: 79.299906,6.762,33.2,Chr3: 79.134092,0.778,Chr3, 79.299906,Chr3, 79.134092,79.299906,79.134092,0.16581399999999746,True,cis,False,False,False,cis,False,0.08483290488431879,0.08805744520030236,0.36051162252961744,Tier_2_Validate,Liver
251,ENSRNOG00000019745,Actn3,actinin alpha 3,Chr1: 202.175011,1.013,33.1,Chr1: 204.059623,0.848,Chr1, 202.175011,Chr1, 204.059623,202.175011,204.059623,1.8846119999999758,True,cis,False,False,False,cis,False,0.08419023136246788,0.10128495842781558,0.36491631642659916,Tier_2_Validate,Liver
10725,UNCHAR_LOC102554611,LOC102554611,uncharacterized LOC102554611,Chr15: 47.588472,0.446,33.1,Chr15: 38.397019,0.647,Chr15, 47.588472,Chr15, 38.397019,47.588472,38.397019,9.191453000000003,False,trans,False,True,True,trans_moderate,True,0.08419023136246788,0.06330309901738473,0.1516226656329484,Tier_3_FlaggedInspect,Liver
28736,ENSRNOG00000009014,Slc35f2,"solute carrier family 35, member F2",Chr8: 54.159969,1.334,32.8,Chr8: 54.179622,-1.107,Chr8, 54.159969,Chr8, 54.179622,54.159969,54.179622,0.01965300000000525,True,cis,False,False,False,cis,False,0.08226221079691515,0.1502267573696145,0.38137113885828533,Tier_2_Validate,Liver
11086,UNCHAR_LOC102556463,LOC102556463,uncharacterized LOC102556463,Chr9: 114.045240,5.969,32.7,Chr9: 113.311047,1.02,Chr9, 114.045240,Chr9, 113.311047,114.04524,113.311047,0.7341930000000048,True,cis,False,True,True,cis,False,0.08161953727506428,0.13378684807256236,0.2753922348716693,Tier_2_Validate,Liver
24921,ENSRNOG00000010280,Pde8b,phosphodiesterase 8B,Chr2: 26.479724,6.213,32.7,Chr2: 26.715322,0.895,Chr2, 26.479724,Chr2, 26.715322,26.479724,26.715322,0.23559799999999953,True,cis,False,False,False,cis,False,0.08161953727506428,0.1101662887377173,0.3671250391044736,Tier_2_Validate,Liver
2410,ENSRNOG00000046121,Cd300c,CD300c molecule,Chr10: 100.228253,0.447,32.5,Chr10: 99.574645,0.679,Chr10, 100.228253,Chr10, 99.574645,100.228253,99.574645,0.6536079999999913,True,cis,False,False,False,cis,False,0.08033419023136247,0.06934996220710507,0.3523894533534636,Tier_2_Validate,Liver
20332,UNCHAR_LOC678760,LOC678760,uncharacterized LOC678760,Chr3: 136.920236,7.286,32.5,Chr1: 203.288832,0.549,Chr3, 136.920236,Chr1, 203.288832,136.920236,203.288832,inf,False,trans,False,True,True,trans_moderate,True,0.08033419023136247,0.044784580498866224,0.14379156975558005,Tier_3_FlaggedInspect,Liver
6093,ENSRNOG00000007561,Glb1l2,"galactosidase, beta 1-like 2",Chr8: 25.166842,4.346,32.4,Chr8: 25.570084,1.062,Chr8, 25.166842,Chr8, 25.570084,25.166842,25.570084,0.4032420000000023,True,cis,False,False,False,cis,False,0.07969151670951156,0.1417233560090703,0.3774952054515036,Tier_2_Validate,Liver
31009,ENSRNOG00000007285,Tp53rkb,tumor protein p53 regulating kinase B,Chr3: 155.529297,4.5,32.3,Chr3: 155.748335,-0.645,Chr3, 155.529297,Chr3, 155.748335,155.529297,155.748335,0.2190379999999834,True,cis,False,False,False,cis,False,0.07904884318766066,0.06292517006802721,0.34969090463949076,Tier_2_Validate,Liver
8595,UNCHAR_LOC100362345,LOC100362345,uncharacterized LOC100362345,Chr5: 103.767985,3.815,32.2,Chr1: 218.891118,1.121,Chr5, 103.767985,Chr1, 218.891118,103.767985,218.891118,inf,False,trans,False,True,True,trans_moderate,True,0.0784061696658098,0.15287226001511714,0.18094745038832444,Tier_3_FlaggedInspect,Liver
9496,UNCHAR_LOC102548820,LOC102548820,uncharacterized LOC102548820,Chr1: 180.915706,6.185,32.2,Chr1: 179.972680,-0.954,Chr1, 180.915706,Chr1, 179.972680,180.915706,179.97268,0.9430260000000033,True,cis,False,True,True,cis,False,0.0784061696658098,0.12131519274376416,0.2699024768433509,Tier_2_Validate,Liver
28552,ENSRNOG00000023476,Slc16a5,solute carrier family 16 member 5,Chr10: 100.707433,1.907,32.1,Chr10: 100.351953,1.288,Chr10, 100.707433,Chr10, 100.351953,100.707433,100.351953,0.35548,True,cis,False,False,False,cis,False,0.07776349614395887,0.18442932728647016,0.3917674882006501,Tier_2_Validate,Liver
21142,ENSRNOG00000042620,Marveld1,MARVEL domain containing 1,Chr1: 240.954049,8.0,32.0,Chr1: 239.747047,1.095,Chr1, 240.954049,Chr1, 239.747047,240.954049,239.747047,1.2070019999999886,True,cis,False,False,False,cis,False,0.07712082262210797,0.14795918367346939,0.37877800220345204,Tier_2_Validate,Liver
29427,ENSRNOG00000058275,Spef2,sperm flagellar 2,Chr2: 58.694717,1.29,32.0,Chr2: 58.606188,1.076,Chr2, 58.694717,Chr2, 58.606188,58.694717,58.606188,0.08852899999999408,True,cis,False,False,False,cis,False,0.07712082262210797,0.14436885865457294,0.37752138844683836,Tier_2_Validate,Liver
2255,ENSRNOG00000037206,Ccdc77,coiled-coil domain containing 77,Chr4: 153.565907,5.728,31.9,Chr4: 153.708588,-0.9,Chr4, 153.565907,Chr4, 153.708588,153.565907,153.708588,0.14268099999998185,True,cis,False,False,False,cis,False,0.07647814910025706,0.11111111111111113,0.36565624107397887,Tier_2_Validate,Liver
3775,ENSRNOG00000054181,Cyp2c6v1,"cytochrome P450, family 2, subfamily C, polypeptide 6",Chr1: 237.938520,13.738,31.9,Chr1: 239.015809,1.458,Chr1, 237.938520,Chr1, 239.015809,237.93852,239.015809,1.077288999999979,True,cis,False,False,False,cis,False,0.07647814910025706,0.2165532879818594,0.40256100297874076,Tier_2_Validate,Liver
4613,ENSRNOG00000012721,Ednra,endothelin receptor type A,Chr19: 30.233539,6.077,31.9,Chr19: 30.542433,1.064,Chr19, 30.233539,Chr19, 30.542433,30.233539,30.542433,0.30889399999999867,True,cis,False,False,False,cis,False,0.07647814910025706,0.14210128495842783,0.37650280192053975,Tier_2_Validate,Liver
18748,UNCHAR_LOC120101507,LOC120101507,uncharacterized LOC120101507,Chr3: 8.311241,2.952,31.9,Chr3: 8.470212,0.869,Chr3, 8.311241,Chr3, 8.470212,8.311241,8.470212,0.1589709999999993,True,cis,False,True,True,cis,False,0.07647814910025706,0.10525321239606954,0.2636059765237143,Tier_2_Validate,Liver
18284,UNCHAR_LOC120100740,LOC120100740,uncharacterized LOC120100740,Chr2: 59.601220,0.565,31.8,Chr2: 58.827052,-0.855,Chr2, 59.601220,Chr2, 58.827052,59.60122,58.827052,0.774167999999996,True,cis,False,True,True,cis,False,0.07583547557840618,0.10260770975056688,0.2624551148651406,Tier_2_Validate,Liver
10582,UNCHAR_LOC102553885,LOC102553885,uncharacterized LOC102553885,Chr4: 83.693167,0.496,31.7,Chr4: 83.871948,0.693,Chr4, 83.693167,Chr4, 83.871948,83.693167,83.871948,0.17878100000000074,True,cis,False,True,True,cis,False,0.07519280205655526,0.0719954648526077,0.251515893418207,Tier_2_Validate,Liver
29962,ENSRNOG00000004756,Syt2,synaptotagmin 2,Chr13: 46.088045,1.866,31.7,Chr13: 47.428898,-0.863,Chr13, 46.088045,Chr13, 47.428898,46.088045,47.428898,1.3408529999999956,True,cis,False,False,False,cis,False,0.07519280205655526,0.10411942554799697,0.36275927966159327,Tier_2_Validate,Liver
20381,UNCHAR_LOC681182,LOC681182,uncharacterized LOC681182,Chr12: 18.081409,1.146,31.6,Chr12: 18.368308,-0.871,Chr12, 18.081409,Chr12, 18.368308,18.081409,18.368308,0.28689899999999824,True,cis,False,True,True,cis,False,0.07455012853470439,0.10563114134542705,0.26306344445804597,Tier_2_Validate,Liver
24930,ENSRNOG00000010832,Pdgfrl,platelet-derived growth factor receptor-like,Chr16: 51.407849,1.941,31.6,Chr16: 51.428041,-0.847,Chr16, 51.407849,Chr16, 51.428041,51.407849,51.428041,0.020192000000001542,True,cis,False,False,False,cis,False,0.07455012853470439,0.1010959939531368,0.36147614287074437,Tier_2_Validate,Liver
27757,UNCHAR_RT1-CE11,RT1-CE11,"RT1 class I, locus CE11",Chr20: 3.358519,3.251,31.6,Chr20: 3.210100,-0.955,Chr20, 3.358519,Chr20, 3.210100,3.358519,3.2101,0.14841899999999963,True,cis,False,False,False,cis,False,0.07455012853470439,0.12150415721844295,0.3686190000136016,Tier_2_Validate,Liver
27388,UNCHAR_Rnf8,Rnf8,ring finger protein 8,Chr20: 7.682257,9.012,31.5,Chr20: 7.862433,-0.577,Chr20, 7.682257,Chr20, 7.862433,7.682257,7.862433,0.18017600000000034,True,cis,False,False,False,cis,False,0.07390745501285348,0.0500755857898715,0.34339406428095376,Tier_2_Validate,Liver
28686,ENSRNOG00000001115,Slc29a4,solute carrier family 29 member 4,Chr12: 11.884659,4.174,31.5,Chr12: 12.536759,1.309,Chr12, 11.884659,Chr12, 12.536759,11.884659,12.536759,0.6521000000000008,True,cis,False,False,False,cis,False,0.07390745501285348,0.18839758125472408,0.3918067626936521,Tier_2_Validate,Liver
13382,UNCHAR_LOC120093570,LOC120093570,uncharacterized LOC120093570,Chr7: 34.301338,0.655,31.3,Chr7: 34.300659,0.756,Chr7, 34.301338,Chr7, 34.300659,34.301338,34.300659,0.0006789999999980978,True,cis,False,True,True,cis,False,0.07262210796915168,0.08390022675736962,0.25478281715428247,Tier_2_Validate,Liver
30821,ENSRNOG00000019414,Tmem79,transmembrane protein 79,Chr2: 173.803150,3.88,31.2,Chr2: 173.599533,0.94,Chr2, 173.803150,Chr2, 173.599533,173.80315,173.599533,0.20361699999997995,True,cis,False,False,False,cis,False,0.07197943444730077,0.1186696900982615,0.36672719359094674,Tier_2_Validate,Liver
28256,ENSRNOG00000016831,Serpinh1,serpin family H member 1,Chr1: 153.650852,8.597,30.9,Chr1: 152.301954,-0.689,Chr1, 153.650852,Chr1, 152.301954,153.650852,152.301954,1.3488979999999913,True,cis,False,False,False,cis,False,0.07005141388174807,0.07123960695389266,0.3494518572924743,Tier_2_Validate,Liver
2515,ENSRNOG00000015562,Cdh17,cadherin 17,Chr5: 25.262819,10.981,30.8,Chr5: 24.888002,1.139,Chr5, 25.262819,Chr5, 24.888002,25.262819,24.888002,0.3748170000000002,True,cis,False,False,False,cis,False,0.06940874035989718,0.15627362055933483,0.37898882632173114,Tier_2_Validate,Liver
19719,UNCHAR_LOC120102953,LOC120102953,uncharacterized LOC120102953,Chr5: 129.021086,16.098,30.8,Chr5: 128.754736,0.695,Chr5, 129.021086,Chr5, 128.754736,129.021086,128.754736,0.26634999999998854,True,cis,False,True,True,cis,False,0.06940874035989718,0.07237339380196522,0.24962374695665185,Tier_2_Validate,Liver
2199,ENSRNOG00000004774,Ccdc175,coiled-coil domain containing 175,Chr6: 90.745014,5.774,30.7,Chr6: 90.719996,-0.56,Chr6, 90.745014,Chr6, 90.719996,90.745014,90.719996,0.02501800000000287,True,cis,False,False,False,cis,False,0.06876606683804627,0.04686318972033259,0.3404702397954326,Tier_2_Validate,Liver
32514,ENSRNOG00000029212,Vcan,versican,Chr2: 20.860636,3.882,30.7,Chr2: 20.357925,1.059,Chr2, 20.860636,Chr2, 20.357925,20.860636,20.357925,0.5027109999999979,True,cis,False,False,False,cis,False,0.06876606683804627,0.141156462585034,0.3734728852980781,Tier_2_Validate,Liver
21816,ENSRNOG00000033809,Mlh1,mutL homolog 1,Chr8: 111.233720,7.044,30.6,Chr8: 109.619919,0.588,Chr8, 111.233720,Chr8, 109.619919,111.23372,109.619919,1.6138010000000094,True,cis,False,False,False,cis,False,0.06812339331619538,0.05215419501133786,0.34209715591463663,Tier_2_Validate,Liver
2125,ENSRNOG00000049693,Cbr1l2,carbonyl reductase 1 like 2,Chr11: 32.892639,2.918,30.5,Chr11: 33.102109,1.389,Chr11, 32.892639,Chr11, 33.102109,32.892639,33.102109,0.20946999999999605,True,cis,False,False,False,cis,False,0.06748071979434447,0.20351473922902494,0.3948484106581793,Tier_2_Validate,Liver
23307,ENSRNOG00000025957,Ooep,oocyte expressed protein,Chr8: 79.224553,1.875,30.4,Chr3: 48.171869,0.867,Chr8, 79.224553,Chr3, 48.171869,79.224553,48.171869,inf,False,trans,False,False,False,trans_moderate,True,0.06683804627249357,0.10487528344671201,0.2600996654017219,Tier_3_FlaggedInspect,Liver
1612,ENSRNOG00000053384,Bmp7,bone morphogenetic protein 7,Chr3: 161.716937,6.549,30.3,Chr3: 162.046341,0.647,Chr3, 161.716937,Chr3, 162.046341,161.716937,162.046341,0.3294040000000109,True,cis,False,False,False,cis,False,0.06619537275064268,0.06330309901738473,0.3453244651188096,Tier_2_Validate,Liver
27331,ENSRNOG00000016123,Rnf144b,ring finger protein 144B,Chr17: 17.580686,9.915,30.2,Chr17: 17.400900,-0.792,Chr17, 17.580686,Chr17, 17.400900,17.580686,17.4009,0.179786,True,cis,False,False,False,cis,False,0.06555269922879177,0.090702947845805,0.3546894764761088,Tier_2_Validate,Liver
18221,UNCHAR_LOC120100663,LOC120100663,uncharacterized LOC120100663,Chr2: 22.057536,8.126,30.1,Chr2: 22.703777,-1.314,Chr2, 22.057536,Chr2, 22.703777,22.057536,22.703777,0.6462409999999998,True,cis,False,True,True,cis,False,0.06491002570694089,0.1893424036281179,0.2889883502672706,Tier_2_Validate,Liver
19771,UNCHAR_LOC120103010,LOC120103010,uncharacterized LOC120103010,Chr5: 148.365130,5.8,30.1,Chr5: 148.448833,0.526,Chr5, 148.365130,Chr5, 148.448833,148.36513,148.448833,0.08370300000001407,True,cis,False,True,True,cis,False,0.06491002570694089,0.04043839758125473,0.23687194815086848,Tier_2_Validate,Liver
12025,UNCHAR_LOC108349084,LOC108349084,uncharacterized LOC108349084,Chr20: 43.012746,3.132,30.0,Chr20: 42.941343,-0.925,Chr20, 43.012746,Chr20, 42.941343,43.012746,42.941343,0.07140299999999655,True,cis,False,True,True,cis,False,0.06426735218508997,0.11583522297808012,0.2630359013071095,Tier_2_Validate,Liver
17090,ENSRNOG00000070630,LOC120098812,uncharacterized LOC120098812,Chr20: 7.149116,3.41,29.9,Chr7: 120.551699,-1.341,Chr20, 7.149116,Chr7, 120.551699,7.149116,120.551699,inf,False,trans,False,True,True,trans_moderate,True,0.06362467866323906,0.19444444444444445,0.19032419308768922,Tier_3_FlaggedInspect,Liver
29668,ENSRNOG00000012083,St6galnac2,"ST6 N-acetylgalactosaminide alpha-2,6-sialyltransferase 2",Chr10: 101.928411,3.552,29.9,Chr10: 101.964122,-0.925,Chr10, 101.928411,Chr10, 101.964122,101.928411,101.964122,0.035711000000006266,True,cis,False,False,False,cis,False,0.06362467866323906,0.11583522297808012,0.3628109655744617,Tier_2_Validate,Liver
8950,UNCHAR_LOC102546403,LOC102546403,uncharacterized LOC102546403,Chr10: 6.793512,2.722,29.8,Chr10: 8.602467,-1.141,Chr10, 6.793512,Chr10, 8.602467,6.793512,8.602467,1.808955000000001,True,cis,False,True,True,cis,False,0.06298200514138819,0.15665154950869237,0.27687174412752824,Tier_2_Validate,Liver
22700,ENSRNOG00000026286,Nhlrc1,NHL repeat containing E3 ubiquitin protein ligase 1,Chr17: 17.674302,6.723,29.8,Chr17: 17.446549,0.734,Chr17, 17.674302,Chr17, 17.446549,17.674302,17.446549,0.22775299999999987,True,cis,False,False,False,cis,False,0.06298200514138819,0.07974300831443688,0.3499537547095388,Tier_2_Validate,Liver
28801,ENSRNOG00000023937,Slc49a3,solute carrier family 49 member 3,Chr14: 1.305090,3.676,29.8,Chr14: 0.011848,-0.923,Chr14, 1.305090,Chr14, 0.011848,1.30509,0.011848,1.293242,True,cis,False,False,False,cis,False,0.06298200514138819,0.1154572940287226,0.3624537547095388,Tier_2_Validate,Liver
24865,ENSRNOG00000003209,Pcp4l1,Purkinje cell protein 4-like 1,Chr13: 83.612630,7.428,29.7,Chr13: 83.183593,-0.999,Chr13, 83.612630,Chr13, 83.183593,83.61263,83.183593,0.4290369999999939,True,cis,False,False,False,cis,False,0.062339331619537273,0.1298185941043084,0.367255274003346,Tier_2_Validate,Liver
28439,ENSRNOG00000015593,Sigirr,single Ig and TIR domain containing,Chr1: 196.208691,9.689,29.7,Chr1: 196.097163,0.569,Chr1, 196.208691,Chr1, 196.097163,196.208691,196.097163,0.11152799999999274,True,cis,False,False,False,cis,False,0.062339331619537273,0.048563869992441416,0.3388161205641925,Tier_2_Validate,Liver
30418,ENSRNOG00000045829,Thbs1,thrombospondin 1,Chr3: 105.056292,6.147,29.7,Chr3: 106.311986,-0.971,Chr3, 105.056292,Chr3, 106.311986,105.056292,106.311986,1.2556940000000054,True,cis,False,False,False,cis,False,0.062339331619537273,0.12452758881330311,0.36540342215149413,Tier_2_Validate,Liver
20892,ENSRNOG00000027516,Ly6g5b,lymphocyte antigen 6 family member G5B,Chr20: 3.705463,2.02,29.6,Chr20: 3.601132,0.845,Chr20, 3.705463,Chr20, 3.601132,3.705463,3.601132,0.10433099999999973,True,cis,False,False,False,cis,False,0.06169665809768639,0.10071806500377928,0.356845153085513,Tier_2_Validate,Liver
22069,ENSRNOG00000001842,Mrps35,mitochondrial ribosomal protein S35,Chr4: 179.958066,9.659,29.6,Chr4: 179.868683,-0.503,Chr4, 179.958066,Chr4, 179.868683,179.958066,179.868683,0.08938299999999799,True,cis,False,False,False,cis,False,0.06169665809768639,0.036092214663643235,0.33422610546646536,Tier_2_Validate,Liver
31075,ENSRNOG00000021091,Trank1,tetratricopeptide repeat and ankyrin repeat containing 1,Chr8: 111.275972,2.377,29.6,Chr8: 110.715683,1.108,Chr8, 111.275972,Chr8, 110.715683,111.275972,110.715683,0.5602889999999974,True,cis,False,False,False,cis,False,0.06169665809768639,0.15041572184429328,0.3742393329796929,Tier_2_Validate,Liver
33510,ENSRNOG00000048577,Zfp955a,zinc finger protein 955A,Chr7: 12.769775,3.822,29.6,Chr7: 12.671864,-0.837,Chr7, 12.769775,Chr7, 12.671864,12.769775,12.671864,0.09791099999999986,True,cis,False,False,False,cis,False,0.06169665809768639,0.09920634920634919,0.3563160525564124,Tier_2_Validate,Liver
388,UNCHAR_Adh1,Adh1,uncharacterized Adh1,Chr2: 226.797302,15.544,29.5,Chr2: 227.302230,-0.533,Chr2, 226.797302,Chr2, 227.302230,226.797302,227.30223,0.5049280000000067,True,cis,False,True,False,cis,False,0.061053984575835475,0.041761148904006055,0.23598529671794455,Tier_2_Validate,Liver
8779,UNCHAR_LOC100910809,LOC100910809,uncharacterized LOC100910809,Chr6: 9.789421,5.463,29.4,Chr6: 10.388999,-0.709,Chr6, 9.789421,Chr6, 10.388999,9.789421,10.388999,0.5995779999999993,True,cis,False,True,True,cis,False,0.06041131105398457,0.07501889644746787,0.24740057262550838,Tier_2_Validate,Liver
8910,UNCHAR_LOC100912622,LOC100912622,uncharacterized LOC100912622,Chr2: 223.868545,6.045,29.2,Chr2: 223.720312,-0.654,Chr2, 223.868545,Chr2, 223.720312,223.868545,223.720312,0.14823300000000472,True,cis,False,True,True,cis,False,0.05912596401028277,0.06462585034013606,0.2433131350226466,Tier_2_Validate,Liver
27130,UNCHAR_RGD1566099,RGD1566099,uncharacterized RGD1566099,Chr13: 50.418973,6.294,29.1,Chr13: 50.307539,0.523,Chr13, 50.418973,Chr13, 50.307539,50.418973,50.307539,0.1114340000000027,True,cis,False,True,False,cis,False,0.058483290488431885,0.03987150415721845,0.23442417812597763,Tier_2_Validate,Liver
30999,ENSRNOG00000028649,Tox3,TOX high mobility group box family member 3,Chr19: 16.648337,2.208,29.1,Chr19: 16.494076,1.003,Chr19, 16.648337,Chr19, 16.494076,16.648337,16.494076,0.15426100000000176,True,cis,False,False,False,cis,False,0.058483290488431885,0.1305744520030234,0.3661702098720093,Tier_2_Validate,Liver
9448,UNCHAR_LOC102548590,LOC102548590,uncharacterized LOC102548590,Chr7: 82.247334,1.585,29.0,Chr7: 79.391659,-0.994,Chr7, 82.247334,Chr7, 79.391659,82.247334,79.391659,2.855674999999991,True,cis,False,True,True,cis,False,0.05784061696658098,0.12887377173091458,0.26535003604412344,Tier_2_Validate,Liver
22097,ENSRNOG00000030689,Ms4a6c,"membrane-spanning 4-domains, subfamily A, member 6C",Chr1: 208.153503,2.372,29.0,Chr1: 207.745267,0.86,Chr1, 208.153503,Chr1, 207.745267,208.153503,207.745267,0.40823599999998805,True,cis,False,False,False,cis,False,0.05784061696658098,0.1035525321239607,0.3564876021816896,Tier_2_Validate,Liver
25629,ENSRNOG00000010558,Ppif,peptidylprolyl isomerase F,Chr16: 1.257196,9.418,29.0,Chr16: 1.089073,-0.624,Chr16, 1.257196,Chr16, 1.089073,1.257196,1.089073,0.16812300000000002,True,cis,False,False,False,cis,False,0.05784061696658098,0.05895691609977324,0.340879136573224,Tier_2_Validate,Liver
13517,UNCHAR_LOC120093718,LOC120093718,uncharacterized LOC120093718,Chr7: 127.681794,1.456,28.9,Chr7: 127.456612,0.847,Chr7, 127.681794,Chr7, 127.456612,127.681794,127.456612,0.22518199999998956,True,cis,False,True,True,cis,False,0.05719794344473007,0.1010959939531368,0.25540287808925344,Tier_2_Validate,Liver
394,ENSRNOG00000032959,Adh7,"alcohol dehydrogenase 7 (class IV), mu or sigma polypeptide",Chr2: 226.748723,10.082,28.8,Chr2: 226.735033,0.611,Chr2, 226.748723,Chr2, 226.735033,226.748723,226.735033,0.013690000000025293,True,cis,False,False,False,cis,False,0.05655526992287918,0.05650037792894936,0.33956947674814,Tier_2_Validate,Liver
32310,UNCHAR_Ugt1a2,Ugt1a2,uncharacterized Ugt1a2,Chr9: 88.791215,4.43,28.8,Chr9: 88.391594,1.481,Chr9, 88.791215,Chr9, 88.391594,88.791215,88.391594,0.39962099999999623,True,cis,False,True,False,cis,False,0.05655526992287918,0.2208994708994709,0.29710915928782256,Tier_2_Validate,Liver
570,ENSRNOG00000013004,Akr1d1,"aldo-keto reductase family 1, member D1",Chr4: 66.154245,14.87,28.7,Chr4: 66.043143,0.567,Chr4, 66.154245,Chr4, 66.043143,66.154245,66.043143,0.11110200000000248,True,cis,False,False,False,cis,False,0.055912596401028275,0.048185941043083894,0.3364344881054393,Tier_2_Validate,Liver
18365,ENSRNOG00000063309,LOC120100841,guanine nucleotide exchange factor MSS4-like,Chr2: 153.400399,4.169,28.7,Chr2: 154.418888,-0.851,Chr2, 153.400399,Chr2, 154.418888,153.400399,154.418888,1.0184890000000166,True,cis,False,False,True,cis,False,0.055912596401028275,0.10185185185185185,0.3552175568885081,Tier_2_Validate,Liver
22531,ENSRNOG00000062245,Ndufa10l1,NADH dehydrogenase (ubiquinone) 1 alpha subcomplex 10-like 1,Chr6: 59.881251,7.64,28.7,Chr9: 92.945792,0.876,Chr6, 59.881251,Chr9, 92.945792,59.881251,92.945792,inf,False,trans,False,False,False,trans_moderate,True,0.055912596401028275,0.10657596371882087,0.2568709960419472,Tier_3_FlaggedInspect,Liver
22899,ENSRNOG00000052873,Npnt,nephronectin,Chr2: 221.459526,7.281,28.7,Chr2: 220.787276,-0.743,Chr2, 221.459526,Chr2, 220.787276,221.459526,220.787276,0.6722500000000196,True,cis,False,False,False,cis,False,0.055912596401028275,0.08144368858654573,0.3480746997456509,Tier_2_Validate,Liver
32085,ENSRNOG00000046889_1,Ttn,diazepam binding inhibitor,Chr3: 61.924911,2.047,28.7,Chr3: 61.953620,-0.905,Chr3, 61.924911,Chr3, 61.953620,61.924911,61.95362,0.028708999999999207,True,cis,False,False,False,cis,False,0.055912596401028275,0.1120559334845049,0.35878898545993665,Tier_2_Validate,Liver
5134,ENSRNOG00000014727,Fahd1,fumarylacetoacetate hydrolase domain containing 1,Chr10: 13.874881,10.783,28.6,Chr10: 13.810068,-0.451,Chr10, 13.874881,Chr10, 13.810068,13.874881,13.810068,0.0648130000000009,True,cis,False,False,False,cis,False,0.05526992287917739,0.0262660619803477,0.32853759470083377,Tier_2_Validate,Liver
26195,ENSRNOG00000013515,Ptpru,"protein tyrosine phosphatase, receptor type, U",Chr5: 144.024790,4.568,28.6,Chr5: 143.919137,0.699,Chr5, 144.024790,Chr5, 143.919137,144.02479,143.919137,0.10565299999998956,True,cis,False,False,False,cis,False,0.05526992287917739,0.07312925170068027,0.3449397111029502,Tier_2_Validate,Liver
3796,ENSRNOG00000000969,Cyp3a18,"cytochrome P450, family 3, subfamily a, polypeptide 18",Chr12: 8.880508,14.435,28.4,Chr12: 8.927130,-0.797,Chr12, 8.880508,Chr12, 8.927130,8.880508,8.92713,0.046621999999999275,True,cis,False,False,False,cis,False,0.05398457583547557,0.0916477702191988,0.350971321119136,Tier_2_Validate,Liver
12563,UNCHAR_LOC108351542,LOC108351542,uncharacterized LOC108351542,Chr7: 127.644634,5.612,28.3,Chr7: 127.401498,-0.665,Chr7, 127.644634,Chr7, 127.401498,127.644634,127.401498,0.2431359999999927,True,cis,False,True,True,cis,False,0.053341902313624685,0.06670445956160242,0.2420162266563295,Tier_2_Validate,Liver
20267,UNCHAR_LOC498300,LOC498300,uncharacterized LOC498300,Chr13: 92.772653,4.73,28.3,Chr13: 93.080372,0.842,Chr13, 92.772653,Chr13, 93.080372,92.772653,93.080372,0.30771899999999164,True,cis,False,True,True,cis,False,0.053341902313624685,0.10015117157974301,0.25372257586267866,Tier_2_Validate,Liver
13082,UNCHAR_LOC120093086,LOC120093086,uncharacterized LOC120093086,Chr9: 6.962603,9.61,28.1,Chr9: 7.458792,-0.731,Chr9, 6.962603,Chr9, 7.458792,6.962603,7.458792,0.4961890000000002,True,cis,False,True,True,cis,False,0.05205655526992289,0.0791761148904006,0.24593143455611324,Tier_2_Validate,Liver
25423,ENSRNOG00000013072,Plxna4,plexin A4,Chr4: 61.162205,5.46,28.0,Chr4: 61.095140,-1.022,Chr4, 61.162205,Chr4, 61.095140,61.162205,61.09514,0.06706499999999949,True,cis,False,False,False,cis,False,0.05141388174807198,0.13416477702191987,0.36495253056949717,Tier_2_Validate,Liver
26189,ENSRNOG00000005003,Ptprn2,"protein tyrosine phosphatase, receptor type N2",Chr6: 137.439571,2.849,28.0,Chr6: 134.141777,-0.887,Chr6, 137.439571,Chr6, 134.141777,137.439571,134.141777,3.2977940000000103,True,cis,False,False,False,cis,False,0.05141388174807198,0.10865457294028723,0.35602395914092577,Tier_2_Validate,Liver
26840,UNCHAR_RGD1560860,RGD1560860,uncharacterized RGD1560860,Chr17: 54.808183,0.727,28.0,Chr17: 54.649901,0.625,Chr17, 54.808183,Chr17, 54.649901,54.808183,54.649901,0.1582819999999998,True,cis,False,True,False,cis,False,0.05141388174807198,0.059145880574452005,0.2386959168128834,Tier_2_Validate,Liver
2714,ENSRNOG00000091108,Ces1f,carboxylesterase 1F,Chr19: 13.796622,12.681,27.9,Chr19: 14.059434,0.629,Chr19, 13.796622,Chr19, 14.059434,13.796622,14.059434,0.26281200000000027,True,cis,False,False,False,cis,False,0.050771208226221075,0.05990173847316705,0.33873553134478585,Tier_2_Validate,Liver
6229,ENSRNOG00000003861,Gorab,"golgin, RAB6-interacting",Chr13: 75.762306,4.941,27.9,Chr13: 76.104189,-0.75,Chr13, 75.762306,Chr13, 76.104189,75.762306,76.104189,0.34188300000000993,True,cis,False,False,False,cis,False,0.050771208226221075,0.08276643990929705,0.34673817684743136,Tier_2_Validate,Liver
12342,UNCHAR_LOC108350743,LOC108350743,uncharacterized LOC108350743,Chr4: 143.321780,0.297,27.9,Chr4: 139.912263,-0.653,Chr4, 143.321780,Chr4, 139.912263,143.32178,139.912263,3.409516999999994,True,cis,False,True,True,cis,False,0.050771208226221075,0.0644368858654573,0.24032283293208742,Tier_2_Validate,Liver
13111,UNCHAR_LOC120093136,LOC120093136,uncharacterized LOC120093136,Chr9: 113.691782,4.847,27.9,Chr9: 113.311047,-0.996,Chr9, 113.691782,Chr9, 113.311047,113.691782,113.311047,0.3807350000000014,True,cis,False,True,True,cis,False,0.050771208226221075,0.1292517006802721,0.2630080181172726,Tier_2_Validate,Liver
2231,ENSRNOG00000011440,Ccdc39,coiled-coil domain 39 molecular ruler complex subunit,Chr2: 116.703353,4.166,27.6,Chr2: 116.261137,-0.548,Chr2, 116.703353,Chr2, 116.261137,116.703353,116.261137,0.44221600000000194,True,cis,False,False,False,cis,False,0.04884318766066839,0.04459561602418746,0.33270358128969957,Tier_2_Validate,Liver
20108,UNCHAR_LOC120103533,LOC120103533,uncharacterized LOC120103533,Chr6: 68.862837,2.506,27.6,Chr6: 69.282694,-1.011,Chr6, 68.862837,Chr6, 69.282694,68.862837,69.282694,0.4198570000000075,True,cis,False,True,True,cis,False,0.04884318766066839,0.13208616780045349,0.26332527441139264,Tier_2_Validate,Liver
10490,UNCHAR_LOC102553457,LOC102553457,uncharacterized LOC102553457,Chr1: 20.935165,1.296,27.4,Chr1: 21.009060,-0.741,Chr1, 20.935165,Chr1, 21.009060,20.935165,21.00906,0.07389500000000027,True,cis,False,True,True,cis,False,0.04755784061696657,0.0810657596371882,0.2450182600889542,Tier_2_Validate,Liver
128,ENSRNOG00000039906_2,Abo,histo-blood group ABO system transferase 3,Chr3: 10.182834,2.651,27.3,Chr3: 9.365033,0.733,Chr3, 10.182834,Chr3, 9.365033,10.182834,9.365033,0.8178009999999993,True,cis,False,False,False,cis,False,0.04691516709511569,0.07955404383975813,0.34426422382720584,Tier_2_Validate,Liver
160,ENSRNOG00000013975,Acat2l1,acetyl-CoA acetyltransferase 2-like 1,Chr1: 47.803821,5.638,27.3,Chr1: 46.405578,0.606,Chr1, 47.803821,Chr1, 46.405578,47.803821,46.405578,1.3982430000000008,True,cis,False,False,False,cis,False,0.04691516709511569,0.05555555555555555,0.33586475292773493,Tier_2_Validate,Liver
13200,UNCHAR_LOC120093266,LOC120093266,uncharacterized LOC120093266,Chr6: 117.258674,0.667,27.3,Chr6: 117.663609,0.977,Chr6, 117.258674,Chr6, 117.663609,117.258674,117.663609,0.4049349999999947,True,cis,False,True,True,cis,False,0.04691516709511569,0.12566137566137567,0.260401789964772,Tier_2_Validate,Liver
6530,ENSRNOG00000085666,Gtpbp4,GTP binding protein 4,Chr17: 61.308032,7.665,27.2,Chr17: 61.901363,-0.75,Chr17, 61.308032,Chr17, 61.901363,61.308032,61.901363,0.5933310000000063,True,cis,False,False,False,cis,False,0.04627249357326478,0.08276643990929705,0.34516362671889667,Tier_2_Validate,Liver
8967,UNCHAR_LOC102546488,LOC102546488,uncharacterized LOC102546488,Chr12: 33.548396,1.007,27.2,Chr12: 34.958628,-0.679,Chr12, 33.548396,Chr12, 34.958628,33.548396,34.958628,1.4102320000000006,True,cis,False,True,True,cis,False,0.04627249357326478,0.06934996220710507,0.24046785952312946,Tier_2_Validate,Liver
12408,UNCHAR_LOC108351021,LOC108351021,uncharacterized LOC108351021,Chr5: 132.717160,1.389,27.0,Chr5: 132.015366,0.752,Chr5, 132.717160,Chr5, 132.015366,132.71716,132.015366,0.7017940000000067,True,cis,False,True,True,cis,False,0.04498714652956298,0.08314436885865457,0.24484603038587616,Tier_2_Validate,Liver
14652,UNCHAR_LOC120095308,LOC120095308,uncharacterized LOC120095308,Chr10: 105.526307,3.631,27.0,Chr10: 103.928376,0.914,Chr10, 105.526307,Chr10, 103.928376,105.526307,103.928376,1.5979310000000027,True,cis,False,True,True,cis,False,0.04498714652956298,0.11375661375661378,0.25556031610016183,Tier_2_Validate,Liver
17195,UNCHAR_LOC120098934,LOC120098934,uncharacterized LOC120098934,Chr20: 7.369460,1.896,27.0,Chr20: 7.361183,-0.791,Chr20, 7.369460,Chr20, 7.361183,7.36946,7.361183,0.008277000000000534,True,cis,False,True,True,cis,False,0.04498714652956298,0.09051398337112623,0.24742539546524125,Tier_2_Validate,Liver
20802,ENSRNOG00000028460,Lrrc8e,leucine rich repeat containing 8 VRAC subunit E,Chr12: 2.578239,2.898,26.9,Chr12: 0.093589,1.177,Chr12, 2.578239,Chr12, 0.093589,2.578239,0.093589,2.48465,True,cis,False,False,False,cis,False,0.044344473007712076,0.16345427059712775,0.3727295602616939,Tier_2_Validate,Liver
29663,ENSRNOG00000010284,St3gal5,"ST3 beta-galactoside alpha-2,3-sialyltransferase 5",Chr4: 104.134612,7.885,26.9,Chr4: 103.109818,0.463,Chr4, 104.134612,Chr4, 103.109818,104.134612,103.109818,1.024794,True,cis,False,False,False,cis,False,0.044344473007712076,0.028533635676492825,0.32550733803947174,Tier_2_Validate,Liver
30681,ENSRNOG00000047635,Tmem178b,transmembrane protein 178B,Chr4: 68.659424,1.512,26.9,Chr4: 68.597411,0.924,Chr4, 68.659424,Chr4, 68.597411,68.659424,68.597411,0.06201300000000742,True,cis,False,False,False,cis,False,0.044344473007712076,0.11564625850340138,0.3559967560288897,Tier_2_Validate,Liver
54,ENSRNOG00000004040,Abca8,ATP binding cassette subfamily A member 8,Chr10: 94.991198,8.569,26.8,Chr10: 94.831297,-0.624,Chr10, 94.991198,Chr10, 94.831297,94.991198,94.831297,0.15990099999999074,True,cis,False,False,False,cis,False,0.04370179948586119,0.05895691609977324,0.33593055045497205,Tier_2_Validate,Liver
2248,ENSRNOG00000021381,Ccdc68,coiled-coil domain containing 68,Chr18: 63.541827,4.381,26.8,Chr18: 63.698544,1.0,Chr18, 63.541827,Chr18, 63.698544,63.541827,63.698544,0.15671700000000044,True,cis,False,False,False,cis,False,0.04370179948586119,0.13000755857898713,0.3607982753226969,Tier_2_Validate,Liver
4553,ENSRNOG00000047741,E2f2,E2F transcription factor 2,Chr5: 148.399192,5.531,26.8,Chr5: 148.448833,-0.56,Chr5, 148.399192,Chr5, 148.448833,148.399192,148.448833,0.04964100000000826,True,cis,False,False,False,cis,False,0.04370179948586119,0.04686318972033259,0.33169774622216786,Tier_2_Validate,Liver
17781,UNCHAR_LOC120099949,LOC120099949,uncharacterized LOC120099949,Chr1: 191.161741,7.833,26.8,Chr1: 191.798296,-1.249,Chr1, 191.161741,Chr1, 191.798296,191.161741,191.798296,0.6365549999999871,True,cis,False,True,True,cis,False,0.04370179948586119,0.1770597127739985,0.27726652929095086,Tier_2_Validate,Liver
28672,ENSRNOG00000000512,Slc26a8,solute carrier family 26 member 8,Chr20: 6.749477,9.342,26.7,Chr20: 7.361183,0.491,Chr20, 6.749477,Chr20, 7.361183,6.749477,7.361183,0.6117059999999999,True,cis,False,False,False,cis,False,0.04305912596401028,0.03382464096749811,0.32690931842602794,Tier_2_Validate,Liver
28727,ENSRNOG00000018649,Slc35c2,solute carrier family 35 member C2,Chr3: 154.023548,10.332,26.7,Chr3: 155.248247,0.662,Chr3, 154.023548,Chr3, 155.248247,154.023548,155.248247,1.2246989999999869,True,cis,False,False,False,cis,False,0.04305912596401028,0.06613756613756615,0.33821884223555176,Tier_2_Validate,Liver
2417,ENSRNOG00000020837,Cd300lg,Cd300 molecule-like family member G,Chr10: 86.991885,2.793,26.6,Chr10: 87.304756,0.942,Chr10, 86.991885,Chr10, 87.304756,86.991885,87.304756,0.31287100000000123,True,cis,False,False,False,cis,False,0.04241645244215939,0.11904761904761903,0.35651242502142244,Tier_2_Validate,Liver
5435,ENSRNOG00000018053,Fech,ferrochelatase,Chr18: 57.978326,11.275,26.6,Chr18: 57.851951,0.371,Chr18, 57.978326,Chr18, 57.851951,57.978326,57.851951,0.126375000000003,True,cis,False,False,False,cis,False,0.04241645244215939,0.011148904006046864,0.31874787475687216,Tier_2_Validate,Liver
26980,UNCHAR_RGD1563402,RGD1563402,Cbp/p300-interacting transactivator with Glu/Asp-rich carboxy-terminal domain 1 like 1,Chr1: 204.760741,0.246,26.6,Chr1: 205.532359,0.454,Chr1, 204.760741,Chr1, 205.532359,204.760741,205.532359,0.7716180000000179,True,cis,False,False,False,cis,False,0.04241645244215939,0.02683295540438398,0.3242372927462902,Tier_2_Validate,Liver
10625,UNCHAR_LOC102554140,LOC102554140,uncharacterized LOC102554140,Chr7: 22.915243,2.668,26.5,Chr7: 22.853993,0.9,Chr7, 22.915243,Chr7, 22.853993,22.915243,22.853993,0.06125000000000114,True,cis,False,True,True,cis,False,0.04177377892030849,0.11111111111111113,0.2535097115109969,Tier_2_Validate,Liver
11172,UNCHAR_LOC103690119,LOC103690119,uncharacterized LOC103690119,Chr7: 7.548917,5.372,26.5,Chr7: 1.964338,0.932,Chr7, 7.548917,Chr7, 1.964338,7.548917,1.964338,5.584579000000001,False,trans,False,True,True,trans_moderate,True,0.04177377892030849,0.11715797430083147,0.15562611362739898,Tier_3_FlaggedInspect,Liver
5771,ENSRNOG00000062541,Fzd1,frizzled class receptor 1,Chr4: 29.310302,9.509,26.4,Chr4: 29.333030,0.526,Chr4, 29.310302,Chr4, 29.333030,29.310302,29.33303,0.022728000000000748,True,cis,False,False,False,cis,False,0.041131105398457574,0.04043839758125473,0.3285493260428993,Tier_2_Validate,Liver
6989,ENSRNOG00000001809,Hrg,histidine-rich glycoprotein,Chr11: 78.069401,15.17,26.4,Chr11: 78.236644,0.519,Chr11, 78.069401,Chr11, 78.236644,78.069401,78.236644,0.16724299999999914,True,cis,False,False,False,cis,False,0.041131105398457574,0.0391156462585034,0.3280863630799363,Tier_2_Validate,Liver
28412,UNCHAR_Shisal1,Shisal1,uncharacterized Shisal1,Chr7: 115.611517,2.378,26.2,Chr7: 116.128108,0.84,Chr7, 115.611517,Chr7, 116.128108,115.611517,116.128108,0.5165909999999911,True,cis,False,True,False,cis,False,0.03984575835475578,0.09977324263038549,0.24886665034479946,Tier_2_Validate,Liver
25206,ENSRNOG00000085391,Pilrb2,paired immunoglobin like type 2 receptor beta 2,Chr12: 17.779526,1.254,26.1,Chr12: 17.789478,-0.836,Chr12, 17.779526,Chr12, 17.789478,17.779526,17.789478,0.009951999999998407,True,cis,False,False,False,cis,False,0.0392030848329049,0.09901738473167046,0.34837716434760135,Tier_2_Validate,Liver
33160,ENSRNOG00000051682,Zcchc9,zinc finger CCHC-type containing 9,Chr2: 23.048248,7.978,26.1,Chr2: 23.116638,-0.507,Chr2, 23.048248,Chr2, 23.116638,23.048248,23.116638,0.06838999999999729,True,cis,False,False,False,cis,False,0.0392030848329049,0.03684807256235828,0.3266179050883421,Tier_2_Validate,Liver
20846,ENSRNOG00000054549_2,Lss,lanosterol synthase,Chr20: 12.118857,9.258,26.0,Chr20: 11.890295,-0.683,Chr20, 12.118857,Chr20, 11.890295,12.118857,11.890295,0.22856200000000015,True,cis,False,False,False,cis,False,0.038560411311053984,0.07010582010582012,0.33803318099590596,Tier_2_Validate,Liver
2865,ENSRNOG00000001915,Chodl,chondrolectin,Chr11: 17.654136,3.282,25.9,Chr19: 20.064558,0.916,Chr11, 17.654136,Chr19, 20.064558,17.654136,20.064558,inf,False,trans,False,False,False,trans_moderate,True,0.03791773778920308,0.1141345427059713,0.25321829817331104,Tier_3_FlaggedInspect,Liver
30008,ENSRNOG00000009372,Tacr3,tachykinin receptor 3,Chr2: 223.266535,1.503,25.9,Chr2: 222.989955,0.959,Chr2, 223.266535,Chr2, 222.989955,223.266535,222.989955,0.2765799999999956,True,cis,False,False,False,cis,False,0.03791773778920308,0.12226001511715798,0.35606221351722633,Tier_2_Validate,Liver
3925,ENSRNOG00000004554,Dcn,decorin,Chr7: 32.281251,7.006,25.7,Chr7: 32.247877,-0.658,Chr7, 32.281251,Chr7, 32.247877,32.281251,32.247877,0.03337399999999491,True,cis,False,False,False,cis,False,0.03663239074550128,0.0653817082388511,0.33570493464452333,Tier_2_Validate,Liver
22189,ENSRNOG00000011420,Mtmr7,myotubularin related protein 7,Chr16: 51.641266,7.372,25.7,Chr16: 51.585652,-0.668,Chr16, 51.641266,Chr16, 51.585652,51.641266,51.585652,0.0556139999999985,True,cis,False,False,False,cis,False,0.03663239074550128,0.06727135298563872,0.33636631030589903,Tier_2_Validate,Liver
27761,UNCHAR_RT1-CE15,RT1-CE15,"RT1 class I, locus CE15",Chr20: 3.279073,4.504,25.7,Chr20: 3.601052,-1.663,Chr20, 3.279073,Chr20, 3.601052,3.279073,3.601052,0.32197900000000024,True,cis,False,False,False,cis,False,0.03663239074550128,0.2552910052910053,0.4021731886127773,Tier_2_Validate,Liver
33121,ENSRNOG00000026898,Zbtb8b,zinc finger and BTB domain containing 8b,Chr5: 141.781618,1.554,25.7,Chr5: 142.075158,-0.784,Chr5, 141.781618,Chr5, 142.075158,141.781618,142.075158,0.2935399999999788,True,cis,False,False,False,cis,False,0.03663239074550128,0.08919123204837491,0.3440382679778567,Tier_2_Validate,Liver
19297,ENSRNOG00000077167,LOC120102331,uncharacterized LOC120102331,Chr4: 120.366388,0.832,25.6,Chr4: 114.991264,0.79,Chr4, 120.366388,Chr4, 114.991264,120.366388,114.991264,5.375124,False,trans,False,True,True,trans_moderate,True,0.035989717223650394,0.09032501889644748,0.14421015764203426,Tier_3_FlaggedInspect,Liver
22440,ENSRNOG00000069710,Nat8f2,N-acetyltransferase 8 (GCN5-related) family member 2,Chr4: 118.323158,9.89,25.6,Chr4: 118.759427,0.522,Chr4, 118.323158,Chr4, 118.759427,118.323158,118.759427,0.4362689999999958,True,cis,False,False,False,cis,False,0.035989717223650394,0.03968253968253969,0.3264852899171665,Tier_2_Validate,Liver
27120,UNCHAR_RGD1565987,RGD1565987,uncharacterized RGD1565987,Chr5: 95.464872,2.802,25.5,Chr12: 11.169909,1.265,Chr5, 95.464872,Chr12, 11.169909,95.464872,11.169909,inf,False,trans,False,True,False,trans_moderate,True,0.03534704370179949,0.18008314436885864,0.17540056582473035,Tier_3_FlaggedInspect,Liver
9462,UNCHAR_LOC102548668,LOC102548668,uncharacterized LOC102548668,Chr1: 243.600352,0.922,25.4,Chr1: 243.679443,-0.82,Chr1, 243.600352,Chr1, 243.679443,243.600352,243.679443,0.07909100000000535,True,cis,False,True,True,cis,False,0.034704370179948575,0.09599395313681028,0.24574441316086562,Tier_2_Validate,Liver
26251,ENSRNOG00000015807,Pyroxd2,pyridine nucleotide-disulphide oxidoreductase domain 2,Chr1: 241.549082,8.953,25.4,Chr1: 242.083216,-0.423,Chr1, 241.549082,Chr1, 242.083216,241.549082,242.083216,0.5341339999999946,True,cis,False,False,False,cis,False,0.034704370179948575,0.0209750566893424,0.31948779940425187,Tier_2_Validate,Liver
9911,UNCHAR_LOC102550746,LOC102550746,uncharacterized LOC102550746,Chr4: 84.310593,0.697,25.3,Chr4: 83.872142,-0.632,Chr4, 84.310593,Chr4, 83.872142,84.310593,83.872142,0.4384510000000006,True,cis,False,True,True,cis,False,0.03406169665809769,0.06046863189720333,0.23308561499435537,Tier_2_Validate,Liver
25806,ENSRNOG00000012486,Prim2,DNA primase subunit 2,Chr9: 35.904520,6.086,25.3,Chr9: 36.084298,-0.703,Chr9, 35.904520,Chr9, 36.084298,35.90452,36.084298,0.17977799999999888,True,cis,False,False,False,cis,False,0.03406169665809769,0.0738851095993953,0.33778138219012255,Tier_2_Validate,Liver
6533,ENSRNOG00000016148,Gtse1,G-2 and S-phase expressed 1,Chr7: 116.949996,6.586,25.1,Chr7: 113.823396,-0.862,Chr7, 116.949996,Chr7, 113.823396,116.949996,113.823396,3.1265999999999963,True,cis,False,False,False,cis,False,0.0327763496143959,0.10393046107331823,0.34784738374069996,Tier_2_Validate,Liver
15047,UNCHAR_LOC120095880,LOC120095880,uncharacterized LOC120095880,Chr12: 5.871914,2.907,25.1,Chr12: 5.581347,-0.976,Chr12, 5.871914,Chr12, 5.581347,5.871914,5.581347,0.29056700000000024,True,cis,False,True,True,cis,False,0.0327763496143959,0.12547241118669689,0.2553870662803825,Tier_2_Validate,Liver
1686,ENSRNOG00000002811,Brinp3,BMP/retinoic acid inducible neural specific 3,Chr13: 58.413882,0.612,24.9,Chr13: 58.873380,-0.557,Chr13, 58.413882,Chr13, 58.873380,58.413882,58.87338,0.4594979999999964,True,cis,False,False,False,cis,False,0.03149100257069408,0.04629629629629631,0.32722555460344666,Tier_2_Validate,Liver
6018,ENSRNOG00000007351,Ggh,gamma-glutamyl hydrolase,Chr5: 33.529879,7.551,24.9,Chr5: 33.951303,-0.493,Chr5, 33.529879,Chr5, 33.951303,33.529879,33.951303,0.4214240000000018,True,cis,False,False,False,cis,False,0.03149100257069408,0.03420256991685563,0.32299275037064246,Tier_2_Validate,Liver
4410,ENSRNOG00000025404,Dppa4,developmental pluripotency associated 4,Chr11: 52.578778,1.717,24.8,Chr11: 52.576144,-0.761,Chr11, 52.578778,Chr11, 52.576144,52.578778,52.576144,0.0026340000000004693,True,cis,False,False,False,cis,False,0.030848329048843194,0.08484504913076342,0.34049268236286234,Tier_2_Validate,Liver
4475,ENSRNOG00000033348,Duox1,dual oxidase 1,Chr3: 109.260525,3.144,24.8,Chr3: 109.952427,-0.899,Chr3, 109.260525,Chr3, 109.952427,109.260525,109.952427,0.6919019999999989,True,cis,False,False,False,cis,False,0.030848329048843194,0.11092214663643235,0.34961966648984644,Tier_2_Validate,Liver
12161,ENSRNOG00000073489,LOC108349981,uncharacterized LOC108349981,Chr2: 93.554419,1.071,24.8,Chr2: 93.506741,0.789,Chr2, 93.554419,Chr2, 93.506741,93.554419,93.506741,0.04767799999999056,True,cis,False,True,True,cis,False,0.030848329048843194,0.09013605442176871,0.24234453421471416,Tier_2_Validate,Liver
22690,ENSRNOG00000005392,Ngfr,nerve growth factor receptor,Chr10: 80.533517,4.964,24.8,Chr10: 80.180154,-0.805,Chr10, 80.533517,Chr10, 80.180154,80.533517,80.180154,0.35336300000000165,True,cis,False,False,False,cis,False,0.030848329048843194,0.09315948601662889,0.34340273527291526,Tier_2_Validate,Liver
25763,ENSRNOG00000090755,Prcd,photoreceptor disc component,Chr10: 101.887550,4.791,24.8,Chr10: 101.964122,-0.639,Chr10, 101.887550,Chr10, 101.964122,101.88755,101.964122,0.07657199999999875,True,cis,False,False,False,cis,False,0.030848329048843194,0.06179138321995465,0.33242389929407923,Tier_2_Validate,Liver
27795,ENSRNOG00000032596,RT1-T24-3,"RT1 class I, locus T24, gene 3",Chr20: 2.718209,5.906,24.8,Chr20: 2.611182,0.681,Chr20, 2.718209,Chr20, 2.611182,2.718209,2.611182,0.10702699999999998,True,cis,False,False,False,cis,False,0.030848329048843194,0.06972789115646259,0.33520167707185705,Tier_2_Validate,Liver
32083,ENSRNOG00000032311,Ttll8,tubulin tyrosine ligase like 8,Chr7: 120.046555,4.281,24.8,Chr7: 120.051699,-1.037,Chr7, 120.046555,Chr7, 120.051699,120.046555,120.051699,0.00514400000000137,True,cis,False,False,False,cis,False,0.030848329048843194,0.13699924414210127,0.35874665061683053,Tier_2_Validate,Liver
11427,UNCHAR_LOC103691947,LOC103691947,uncharacterized LOC103691947,Chr3: 149.001315,3.461,24.7,Chr3: 149.009277,-0.719,Chr3, 149.001315,Chr3, 149.009277,149.001315,149.009277,0.007961999999992031,True,cis,False,True,True,cis,False,0.030205655526992285,0.07690854119425548,0.23748996885243673,Tier_2_Validate,Liver
17108,UNCHAR_LOC120098834,LOC120098834,uncharacterized LOC120098834,Chr20: 3.367418,1.016,24.7,Chr20: 3.210100,-0.75,Chr20, 3.367418,Chr20, 3.210100,3.367418,3.2101,0.15731799999999962,True,cis,False,True,True,cis,False,0.030205655526992285,0.08276643990929705,0.23954023340270128,Tier_2_Validate,Liver
18503,UNCHAR_LOC120101061,LOC120101061,uncharacterized LOC120101061,Chr2: 0.061944,1.969,24.7,Chr7: 0.194932,1.113,Chr2, 0.061944,Chr7, 0.194932,0.061944,0.194932,inf,False,trans,False,True,True,trans_moderate,True,0.030205655526992285,0.15136054421768708,0.16354816991063778,Tier_3_FlaggedInspect,Liver
5231,ENSRNOG00000049615,Fam228b,"family with sequence similarity 228, member B",Chr6: 27.786577,3.038,24.6,Chr6: 27.798162,0.816,Chr6, 27.786577,Chr6, 27.798162,27.786577,27.798162,0.011585000000000178,True,cis,False,False,False,cis,False,0.0295629820051414,0.09523809523809525,0.3436803770351328,Tier_2_Validate,Liver
22032,ENSRNOG00000010540,Mrpl45,mitochondrial ribosomal protein L45,Chr10: 82.308649,7.745,24.6,Chr10: 82.311611,-0.464,Chr10, 82.308649,Chr10, 82.311611,82.308649,82.311611,0.0029619999999965785,True,cis,False,False,False,cis,False,0.0295629820051414,0.028722600151171587,0.32039995375470953,Tier_2_Validate,Liver
30118,UNCHAR_Tatdn3,Tatdn3,uncharacterized Tatdn3,Chr13: 102.649048,6.247,24.6,Chr13: 102.773533,0.578,Chr13, 102.649048,Chr13, 102.773533,102.649048,102.773533,0.12448500000000706,True,cis,False,True,False,cis,False,0.0295629820051414,0.05026455026455026,0.2279396362943921,Tier_2_Validate,Liver
6476,ENSRNOG00000029861,Gsta2,glutathione S-transferase alpha 2,Chr8: 79.196826,14.513,24.5,Chr8: 79.364511,-0.554,Chr8, 79.196826,Chr8, 79.364511,79.196826,79.364511,0.16768499999999165,True,cis,False,False,False,cis,False,0.02892030848329049,0.045729402872260023,0.3261273989744427,Tier_2_Validate,Liver
30285,ENSRNOG00000060307,Ten1,TEN1 subunit of CST complex,Chr10: 101.431327,6.697,24.5,Chr10: 101.458721,-0.748,Chr10, 101.431327,Chr10, 101.458721,101.431327,101.458721,0.02739400000000103,True,cis,False,False,False,cis,False,0.02892030848329049,0.08238851095993953,0.3389580868051305,Tier_2_Validate,Liver
20520,UNCHAR_LOC689268,LOC689268,uncharacterized LOC689268,Chr9: 2.889693,0.737,24.3,Chr9: 5.014860,-1.086,Chr9, 2.889693,Chr9, 5.014860,2.889693,5.01486,2.125167,True,cis,False,True,True,cis,False,0.027634961439588695,0.14625850340136054,0.26086271269433225,Tier_2_Validate,Liver
25039,ENSRNOG00000082948,Pfn3,profilin 3,Chr17: 9.217594,2.046,24.3,Chr17: 9.399401,-0.922,Chr17, 9.217594,Chr17, 9.399401,9.217594,9.399401,0.18180699999999916,True,cis,False,False,False,cis,False,0.027634961439588695,0.11526832955404387,0.35001615184777135,Tier_2_Validate,Liver
2448,ENSRNOG00000017485,Cd72,Cd72 molecule,Chr5: 57.704979,2.912,24.2,Chr5: 56.984189,-0.767,Chr5, 57.704979,Chr5, 56.984189,57.704979,56.984189,0.7207900000000009,True,cis,False,False,False,cis,False,0.026992287917737785,0.08597883597883599,0.33953989336380086,Tier_2_Validate,Liver
10522,UNCHAR_LOC102553602,LOC102553602,uncharacterized LOC102553602,Chr1: 181.882682,4.948,24.2,Chr1: 181.810195,-0.888,Chr1, 181.882682,Chr1, 181.810195,181.882682,181.810195,0.0724869999999953,True,cis,False,True,True,cis,False,0.026992287917737785,0.108843537414966,0.24754253886644634,Tier_2_Validate,Liver
19645,UNCHAR_LOC120102855,LOC120102855,uncharacterized LOC120102855,Chr5: 55.369680,6.713,24.2,Chr5: 55.748606,-0.455,Chr5, 55.369680,Chr5, 55.748606,55.36968,55.748606,0.3789259999999999,True,cis,False,True,True,cis,False,0.026992287917737785,0.02702191987906274,0.2189049727288802,Tier_2_Validate,Liver
29721,ENSRNOG00000049471,Steap3,STEAP3 metalloreductase,Chr13: 31.397343,9.385,24.2,Chr13: 31.408482,-0.56,Chr13, 31.397343,Chr13, 31.408482,31.397343,31.408482,0.01113900000000001,True,cis,False,False,False,cis,False,0.026992287917737785,0.04686318972033259,0.32584941717332466,Tier_2_Validate,Liver
6248,ENSRNOG00000085702_1,Gpat3,glycerol-3-phosphate acyltransferase 3,Chr14: 8.768050,2.8,24.1,Chr14: 8.876768,0.935,Chr14, 8.768050,Chr14, 8.876768,8.76805,8.876768,0.10871799999999965,True,cis,False,False,False,cis,False,0.0263496143958869,0.11772486772486773,0.3504260687422641,Tier_2_Validate,Liver
24520,ENSRNOG00000007886,Orm1,orosomucoid 1,Chr5: 76.766636,14.103,24.1,Chr5: 74.320691,-0.466,Chr5, 76.766636,Chr5, 74.320691,76.766636,74.320691,2.445945000000009,True,cis,False,False,False,cis,False,0.0263496143958869,0.029100529100529106,0.3194075502237456,Tier_2_Validate,Liver
4254,ENSRNOG00000015590,Dnaaf1,"dynein, axonemal, assembly factor 1",Chr19: 47.624533,0.787,24.0,Chr19: 47.911791,-0.736,Chr19, 47.624533,Chr19, 47.911791,47.624533,47.911791,0.28725800000000135,True,cis,False,False,False,cis,False,0.02570694087403599,0.0801209372637944,0.33703975734824065,Tier_2_Validate,Liver
7173,ENSRNOG00000015078,Ifitm3,interferon induced transmembrane protein 3,Chr1: 196.112134,10.268,24.0,Chr1: 196.097163,-0.675,Chr1, 196.112134,Chr1, 196.097163,196.112134,196.097163,0.014971000000002732,True,cis,False,False,False,cis,False,0.02570694087403599,0.06859410430839004,0.3330053658138491,Tier_2_Validate,Liver
11755,UNCHAR_LOC103694321,LOC103694321,uncharacterized LOC103694321,Chr19: 31.057605,7.107,24.0,Chr19: 31.054896,0.507,Chr19, 31.057605,Chr19, 31.054896,31.057605,31.054896,0.0027089999999994063,True,cis,False,True,True,cis,False,0.02570694087403599,0.03684807256235828,0.221894254702738,Tier_2_Validate,Liver
20721,ENSRNOG00000069198,Lrmda,leucine rich melanocyte differentiation associated,Chr15: 2.284763,6.077,24.0,Chr15: 2.159160,0.664,Chr15, 2.284763,Chr15, 2.159160,2.284763,2.15916,0.1256029999999999,True,cis,False,False,False,cis,False,0.02570694087403599,0.06651549508692367,0.3322778525863359,Tier_2_Validate,Liver
25935,ENSRNOG00000009564,Prr15,proline rich 15,Chr4: 83.432001,4.48,24.0,Chr4: 83.371802,0.763,Chr4, 83.432001,Chr4, 83.371802,83.432001,83.371802,0.06019899999999723,True,cis,False,False,False,cis,False,0.02570694087403599,0.08522297808012094,0.33882547163395493,Tier_2_Validate,Liver
661,ENSRNOG00000005266,Amdhd1,amidohydrolase domain containing 1,Chr7: 28.059155,9.086,23.9,Chr7: 27.863291,0.967,Chr7, 28.059155,Chr7, 27.863291,28.059155,27.863291,0.19586400000000026,True,cis,False,False,False,cis,False,0.02506426735218508,0.12377173091458807,0.35209259939337056,Tier_2_Validate,Liver
20146,UNCHAR_LOC120103580,LOC120103580,uncharacterized LOC120103580,Chr6: 106.285262,1.015,23.9,Chr6: 106.792796,0.688,Chr6, 106.285262,Chr6, 106.792796,106.285262,106.792796,0.5075339999999926,True,cis,False,True,True,cis,False,0.02506426735218508,0.0710506424792139,0.23364021844098964,Tier_2_Validate,Liver
28405,ENSRNOG00000025670,Shisa3,shisa family member 3,Chr14: 40.568243,4.579,23.9,Chr14: 40.562917,-0.822,Chr14, 40.568243,Chr14, 40.562917,40.568243,40.562917,0.005326000000003717,True,cis,False,False,False,cis,False,0.02506426735218508,0.0963718820861678,0.3425026523034235,Tier_2_Validate,Liver
28874,ENSRNOG00000029871,Slc8a3,solute carrier family 8 member A3,Chr6: 101.007988,1.817,23.9,Chr6: 100.831450,0.842,Chr6, 101.007988,Chr6, 100.831450,101.007988,100.83145,0.17653799999999364,True,cis,False,False,False,cis,False,0.02506426735218508,0.10015117157974301,0.34382540362617486,Tier_2_Validate,Liver
30190,ENSRNOG00000066894,Tcaf2c,TRPM8 channel associated factor 2C,Chr4: 71.567819,5.653,23.9,Chr4: 73.586885,0.576,Chr4, 71.567819,Chr4, 73.586885,71.567819,73.586885,2.019065999999995,True,cis,False,False,False,cis,False,0.02506426735218508,0.04988662131519274,0.32623281103358226,Tier_2_Validate,Liver
7022,ENSRNOG00000002597,Hsd17b6,hydroxysteroid (17-beta) dehydrogenase 6,Chr7: 0.442007,12.534,23.8,Chr7: 0.693685,-0.661,Chr7, 0.442007,Chr7, 0.693685,0.442007,0.693685,0.251678,True,cis,False,False,False,cis,False,0.024421593830334196,0.06594860166288738,0.3316295684226276,Tier_2_Validate,Liver
10232,UNCHAR_LOC102552179,LOC102552179,uncharacterized LOC102552179,Chr6: 89.523181,6.753,23.8,Chr6: 88.072336,-0.622,Chr6, 89.523181,Chr6, 88.072336,89.523181,88.072336,1.4508449999999868,True,cis,False,True,True,cis,False,0.024421593830334196,0.05857898715041572,0.22905020334326248,Tier_2_Validate,Liver
18835,UNCHAR_LOC120101609,LOC120101609,uncharacterized LOC120101609,Chr3: 89.874680,4.915,23.8,Chr3: 89.610550,-0.682,Chr3, 89.874680,Chr3, 89.610550,89.87468,89.61055,0.2641299999999944,True,cis,False,True,True,cis,False,0.024421593830334196,0.06991685563114136,0.23301845731151646,Tier_2_Validate,Liver
20439,UNCHAR_LOC685291,LOC685291,uncharacterized LOC685291,Chr19: 22.439431,0.461,23.8,Chr19: 14.059434,-0.619,Chr19, 22.439431,Chr19, 14.059434,22.439431,14.059434,8.379997,False,trans,False,True,True,trans_moderate,True,0.024421593830334196,0.05801209372637944,0.12885179064484978,Tier_3_FlaggedInspect,Liver
12434,UNCHAR_LOC108351105,LOC108351105,uncharacterized LOC108351105,Chr5: 128.430903,0.676,23.7,Chr5: 128.754736,-0.585,Chr5, 128.430903,Chr5, 128.754736,128.430903,128.754736,0.3238330000000076,True,cis,False,True,True,cis,False,0.023778920308483286,0.051587301587301584,0.22637817766352472,Tier_2_Validate,Liver
12776,ENSRNOG00000039678,LOC108352322,ferritin heavy chain-like,Chr11: 41.981718,4.339,23.7,Chr11: 42.534465,1.024,Chr11, 41.981718,Chr11, 42.534465,41.981718,42.534465,0.5527469999999965,True,cis,False,False,True,cis,False,0.023778920308483286,0.1345427059712774,0.3554125691979162,Tier_2_Validate,Liver
15264,UNCHAR_LOC120096223,LOC120096223,uncharacterized LOC120096223,Chr13: 10.007429,3.435,23.7,Chr15: 20.685537,0.768,Chr13, 10.007429,Chr15, 20.685537,10.007429,20.685537,inf,False,trans,False,True,True,trans_moderate,True,0.023778920308483286,0.08616780045351474,0.13848135226669933,Tier_3_FlaggedInspect,Liver
15904,UNCHAR_LOC120097083,LOC120097083,uncharacterized LOC120097083,Chr15: 96.239365,0.214,23.7,Chr15: 95.608069,0.352,Chr15, 96.239365,Chr15, 95.608069,96.239365,95.608069,0.6312960000000061,True,cis,False,True,True,cis,False,0.023778920308483286,0.0075585789871504125,0.21096812475347182,Tier_2_Validate,Liver
2368,ENSRNOG00000000923,Cct6a,chaperonin containing TCP1 subunit 6A,Chr12: 26.883124,9.962,23.6,Chr12: 27.015140,-0.501,Chr12, 26.883124,Chr12, 27.015140,26.883124,27.01514,0.13201600000000013,True,cis,False,False,False,cis,False,0.0231362467866324,0.03571428571428572,0.3205976863753214,Tier_2_Validate,Liver
2727,ENSRNOG00000079343,Cesl1,carboxylesterase-like 1,Chr19: 23.006328,10.827,23.6,Chr19: 21.826390,-0.54,Chr19, 23.006328,Chr19, 21.826390,23.006328,21.82639,1.179938,True,cis,False,False,False,cis,False,0.0231362467866324,0.04308390022675738,0.32317705145468645,Tier_2_Validate,Liver
11958,UNCHAR_LOC108348833,LOC108348833,uncharacterized LOC108348833,Chr18: 75.959367,7.274,23.6,Chr18: 77.007959,0.627,Chr18, 75.959367,Chr18, 77.007959,75.959367,77.007959,1.0485919999999993,True,cis,False,True,True,cis,False,0.0231362467866324,0.05952380952380953,0.22893101970865468,Tier_2_Validate,Liver
24798,ENSRNOG00000020119,Pcdha4,protocadherin alpha 4,Chr18: 28.581039,4.2,23.5,Chr18: 29.534165,-0.864,Chr18, 28.581039,Chr18, 29.534165,28.581039,29.534165,0.953126000000001,True,cis,False,False,False,cis,False,0.02249357326478149,0.10430839002267575,0.34438068715061004,Tier_2_Validate,Liver
27755,ENSRNOG00000071235,RT1-CE1,"RT1 class I, locus1",Chr20: 3.559486,5.275,23.5,Chr20: 2.687516,-0.737,Chr20, 3.559486,Chr20, 2.687516,3.559486,2.687516,0.8719700000000001,True,cis,False,False,False,cis,False,0.02249357326478149,0.08030990173847317,0.33598121625113914,Tier_2_Validate,Liver
11565,UNCHAR_LOC103692969,LOC103692969,uncharacterized LOC103692969,Chr7: 127.913953,2.584,23.4,Chr7: 127.957104,0.81,Chr7, 127.913953,Chr7, 127.957104,127.913953,127.957104,0.04315099999999461,True,cis,False,True,True,cis,False,0.02185089974293058,0.09410430839002269,0.24058432284653367,Tier_2_Validate,Liver
17107,UNCHAR_LOC120098833,LOC120098833,uncharacterized LOC120098833,Chr20: 3.437372,4.008,23.4,Chr20: 0.462329,0.669,Chr20, 3.437372,Chr20, 0.462329,3.437372,0.462329,2.975043,True,cis,False,True,True,cis,False,0.02185089974293058,0.06746031746031747,0.23125892602113682,Tier_2_Validate,Liver
6477,ENSRNOG00000056847,Gsta3,glutathione S-transferase alpha 3,Chr9: 23.658573,9.482,23.2,Chr9: 23.638823,0.875,Chr9, 23.658573,Chr9, 23.638823,23.658573,23.638823,0.019750000000001933,True,cis,False,False,False,cis,False,0.020565552699228787,0.10638699924414209,0.34443339318017985,Tier_2_Validate,Liver
9807,UNCHAR_LOC102550314,LOC102550314,uncharacterized LOC102550314,Chr15: 17.733790,1.459,23.2,Chr15: 16.723033,-1.71,Chr15, 17.733790,Chr15, 16.723033,17.73379,16.723033,1.0107569999999981,True,cis,False,True,True,cis,False,0.020565552699228787,0.264172335600907,0.29965826090504755,Tier_2_Validate,Liver
13959,UNCHAR_LOC120094351,LOC120094351,uncharacterized LOC120094351,Chr8: 117.510060,1.298,23.2,Chr1: 81.358613,1.649,Chr8, 117.510060,Chr1, 81.358613,117.51006,81.358613,inf,False,trans,False,True,True,trans_moderate,True,0.020565552699228787,0.2526455026455027,0.195623869370656,Tier_3_FlaggedInspect,Liver
27656,UNCHAR_Rps2-ps18,Rps2-ps18,"ribosomal protein S2, pseudogene 18",Chr10: 63.283053,10.348,23.2,Chr10: 13.286123,0.498,Chr10, 63.283053,Chr10, 13.286123,63.283053,13.286123,49.996930000000006,False,trans,True,False,False,PSEUDOGENE_TRANS,True,0.020565552699228787,0.035147392290249435,0.11949953074631739,Tier_3_FlaggedInspect,Liver
3327,ENSRNOG00000008901,Coro2a,coronin 2A,Chr5: 60.881916,5.318,23.1,Chr5: 61.803475,0.624,Chr5, 60.881916,Chr5, 61.803475,60.881916,61.803475,0.921559000000002,True,cis,False,False,False,cis,False,0.0199228791773779,0.05895691609977324,0.3276079283470029,Tier_2_Validate,Liver
3769,ENSRNOG00000049464,Cyp2c13,"cytochrome P450, family 2, subfamily c, polypeptide 13",Chr1: 238.867194,15.081,23.1,Chr1: 237.090968,-0.508,Chr1, 238.867194,Chr1, 237.090968,238.867194,237.090968,1.7762260000000083,True,cis,False,False,False,cis,False,0.0199228791773779,0.03703703703703704,0.3199359706750452,Tier_2_Validate,Liver
3797,ENSRNOG00000032560,Cyp3a2,"cytochrome P450, family 3, subfamily a, polypeptide 2",Chr12: 9.230063,16.386,23.1,Chr12: 8.920635,0.546,Chr12, 9.230063,Chr12, 8.920635,9.230063,8.920635,0.3094279999999987,True,cis,False,False,False,cis,False,0.0199228791773779,0.04421768707482994,0.3224491981882728,Tier_2_Validate,Liver
5459,ENSRNOG00000021763,Ffar4,free fatty acid receptor 4,Chr1: 235.873575,2.026,23.0,Chr1: 235.806772,0.756,Chr1, 235.873575,Chr1, 235.806772,235.873575,235.806772,0.06680299999999306,True,cis,False,False,False,cis,False,0.019280205655526992,0.08390022675736962,0.3361131513445138,Tier_2_Validate,Liver
89,ENSRNOG00000069481_2,Abcg3l1,"ATP-binding cassette, subfamily G (WHITE), member 3-like 1",Chr14: 5.177264,4.318,22.9,Chr14: 5.131747,-0.702,Chr14, 5.177264,Chr14, 5.131747,5.177264,5.131747,0.04551700000000025,True,cis,False,False,False,cis,False,0.018637532133676082,0.07369614512471655,0.33231678704043743,Tier_2_Validate,Liver
6670,UNCHAR_Hbb-bs,Hbb-bs,"hemoglobin, beta adult s chain",Chr1: 158.219740,7.225,22.9,Chr1: 158.468568,-0.675,Chr1, 158.219740,Chr1, 158.468568,158.21974,158.468568,0.24882800000000316,True,cis,False,False,False,cis,False,0.018637532133676082,0.06859410430839004,0.33053107275472315,Tier_2_Validate,Liver
10508,UNCHAR_LOC102553540,LOC102553540,uncharacterized LOC102553540,Chr16: 56.801484,0.989,22.9,Chr16: 56.800466,-0.65,Chr16, 56.801484,Chr16, 56.800466,56.801484,56.800466,0.0010180000000019618,True,cis,False,True,True,cis,False,0.018637532133676082,0.06386999244142103,0.228877633601284,Tier_2_Validate,Liver
11478,UNCHAR_LOC103692300,LOC103692300,uncharacterized LOC103692300,Chr5: 22.916041,2.145,22.9,Chr5: 22.915517,-0.752,Chr5, 22.916041,Chr5, 22.915517,22.916041,22.915517,0.0005239999999986367,True,cis,False,True,True,cis,False,0.018637532133676082,0.08314436885865457,0.23562366534731574,Tier_2_Validate,Liver
2192,ENSRNOG00000063478,Ccdc168,coiled-coil domain containing 168,Chr9: 46.236324,1.054,22.8,Chr9: 45.778455,-0.66,Chr9, 46.236324,Chr9, 45.778455,46.236324,45.778455,0.4578690000000023,True,cis,False,False,False,cis,False,0.017994858611825197,0.06575963718820863,0.32931407353001185,Tier_2_Validate,Liver
11107,UNCHAR_LOC102556643,LOC102556643,uncharacterized LOC102556643,Chr2: 51.929152,1.189,22.8,Chr2: 52.096109,0.92,Chr2, 51.929152,Chr2, 52.096109,51.929152,52.096109,0.16695699999999647,True,cis,False,True,True,cis,False,0.017994858611825197,0.11489040060468635,0.24650984072577906,Tier_2_Validate,Liver
17097,ENSRNOG00000079330,LOC120098823,uncharacterized LOC120098823,Chr20: 43.333974,0.964,22.7,Chr20: 42.941156,-0.695,Chr20, 43.333974,Chr20, 42.941156,43.333974,42.941156,0.39281799999999834,True,cis,False,True,True,cis,False,0.017352185089974288,0.07237339380196522,0.23140395261217883,Tier_2_Validate,Liver
22118,ENSRNOG00000000801,Msl3l2,male-specific lethal 3-like 2,Chr20: 35.468876,4.65,22.6,Chr20: 34.008046,0.59,Chr20, 35.468876,Chr20, 34.008046,35.468876,34.008046,1.4608300000000014,True,cis,False,False,False,cis,False,0.016709511568123402,0.052532123960695384,0.3242345724350866,Tier_2_Validate,Liver
32894,ENSRNOG00000020006,Wdr90,WD repeat domain 90,Chr10: 14.881284,5.818,22.6,Chr10: 11.228289,-1.035,Chr10, 14.881284,Chr10, 11.228289,14.881284,11.228289,3.6529950000000007,True,cis,False,False,False,cis,False,0.016709511568123402,0.13662131519274373,0.35366578936630344,Tier_2_Validate,Liver
13097,UNCHAR_LOC120093110,LOC120093110,sperm motility kinase X-like,Chr17: 85.679171,1.233,22.1,Chr17: 86.425192,-0.753,Chr17, 85.679171,Chr17, 86.425192,85.679171,86.425192,0.7460209999999989,True,cis,False,False,True,cis,False,0.013496143958868905,0.08333333333333334,0.3338903170522708,Tier_2_Validate,Liver
13789,UNCHAR_LOC120094140,LOC120094140,uncharacterized LOC120094140,Chr8: 48.730792,6.578,22.1,Chr8: 48.395474,-0.864,Chr8, 48.730792,Chr8, 48.395474,48.730792,48.395474,0.3353180000000009,True,cis,False,True,True,cis,False,0.013496143958868905,0.10430839002267575,0.24123158689354063,Tier_2_Validate,Liver
19182,UNCHAR_LOC120102191,LOC120102191,uncharacterized LOC120102191,Chr4: 0.214949,1.32,22.1,Chr7: 0.798459,0.757,Chr4, 0.214949,Chr7, 0.798459,0.214949,0.798459,inf,False,trans,False,True,True,trans_moderate,True,0.013496143958868905,0.08408919123204837,0.13415486731682105,Tier_3_FlaggedInspect,Liver
3844,ENSRNOG00000019012,D2hgdh,D-2-hydroxyglutarate dehydrogenase,Chr9: 94.350554,9.458,22.0,Chr9: 93.867968,-0.312,Chr9, 94.350554,Chr9, 93.867968,94.350554,93.867968,0.48258599999999774,True,cis,False,False,False,cis,False,0.012853470437017995,0.0,0.3044987146529563,Tier_2_Validate,Liver
26337,ENSRNOG00000062595_2,Rab5al1,"Rab5a, member RAS oncogene family-like 1",Chr14: 68.332359,4.804,22.0,Chr9: 5.497561,0.737,Chr14, 68.332359,Chr9, 5.497561,68.332359,5.497561,inf,False,trans,False,False,False,trans_moderate,True,0.012853470437017995,0.08030990173847317,0.23260718026142194,Tier_3_FlaggedInspect,Liver
26198,ENSRNOG00000049034,Ptrh1,peptidyl-tRNA hydrolase 1 homolog,Chr3: 16.064866,5.797,21.9,Chr3: 15.907235,0.569,Chr3, 16.064866,Chr3, 15.907235,16.064866,15.907235,0.15763099999999852,True,cis,False,False,False,cis,False,0.012210796915167086,0.048563869992441416,0.321271133417663,Tier_2_Validate,Liver
28803,ENSRNOG00000020951,Slc4a1,solute carrier family 4 member 1 (Diego blood group),Chr10: 87.323131,5.863,21.9,Chr10: 87.304756,-0.72,Chr10, 87.323131,Chr10, 87.304756,87.323131,87.304756,0.018375000000006025,True,cis,False,False,False,cis,False,0.012210796915167086,0.07709750566893424,0.3312579059044355,Tier_2_Validate,Liver
3806,ENSRNOG00000066878,Cyp4a3,"cytochrome P450, family 4, subfamily a, polypeptide 3",Chr5: 129.115487,15.446,21.8,Chr5: 128.754736,0.411,Chr5, 129.115487,Chr5, 128.754736,129.115487,128.754736,0.3607509999999934,True,cis,False,False,False,cis,False,0.0115681233933162,0.018707482993197275,0.3105964622352797,Tier_2_Validate,Liver
28522,ENSRNOG00000005367,Slc12a1,solute carrier family 12 member 1,Chr3: 112.406139,4.323,21.8,Chr3: 112.517058,-1.367,Chr3, 112.406139,Chr3, 112.517058,112.406139,112.517058,0.11091900000000976,True,cis,False,False,False,cis,False,0.0115681233933162,0.1993575207860922,0.3738239754627929,Tier_2_Validate,Liver
10568,UNCHAR_LOC102553833,LOC102553833,uncharacterized LOC102553833,Chr8: 13.391710,6.721,21.7,Chr8: 13.603955,-0.887,Chr8, 13.391710,Chr8, 13.603955,13.39171,13.603955,0.21224499999999935,True,cis,False,True,True,cis,False,0.01092544987146529,0.10865457294028723,0.24185300798411338,Tier_2_Validate,Liver
21888,ENSRNOG00000015113,Mocos,molybdenum cofactor sulfurase,Chr18: 15.931658,8.254,21.7,Chr18: 17.711447,0.58,Chr18, 15.931658,Chr18, 17.711447,15.931658,17.711447,1.7797889999999992,True,cis,False,False,False,cis,False,0.01092544987146529,0.05064247921390778,0.32154877517988056,Tier_2_Validate,Liver
28535,ENSRNOG00000014870,Slc13a5,solute carrier family 13 member 5,Chr10: 56.891188,6.611,21.7,Chr10: 56.951051,-0.619,Chr10, 56.891188,Chr10, 56.951051,56.891188,56.951051,0.059863,True,cis,False,False,False,cis,False,0.01092544987146529,0.05801209372637944,0.32412814025924563,Tier_2_Validate,Liver
8793,UNCHAR_LOC100911030,LOC100911030,uncharacterized LOC100911030,Chr1: 207.703429,4.194,21.6,Chr1: 208.647015,-1.057,Chr1, 207.703429,Chr1, 208.647015,207.703429,208.647015,0.9435860000000105,True,cis,False,True,True,cis,False,0.010282776349614406,0.14077853363567647,0.2528714584948518,Tier_2_Validate,Liver
9295,UNCHAR_LOC102547959,LOC102547959,uncharacterized LOC102547959,Chr6: 33.959547,2.453,21.6,Chr6: 33.759201,-1.014,Chr6, 33.959547,Chr6, 33.759201,33.959547,33.759201,0.20034600000000324,True,cis,False,True,True,cis,False,0.010282776349614406,0.1326530612244898,0.25002754315093645,Tier_2_Validate,Liver
13804,UNCHAR_LOC120094159,LOC120094159,uncharacterized LOC120094159,Chr8: 53.903024,3.165,21.6,Chr8: 53.603588,-0.873,Chr8, 53.903024,Chr8, 53.603588,53.903024,53.603588,0.29943600000000004,True,cis,False,True,True,cis,False,0.010282776349614406,0.10600907029478457,0.24070214632553966,Tier_2_Validate,Liver
28392,ENSRNOG00000011357,Shbg,sex hormone binding globulin,Chr10: 54.350408,3.734,21.6,Chr10: 54.389422,-0.675,Chr10, 54.350408,Chr10, 54.389422,54.350408,54.389422,0.03901400000000166,True,cis,False,False,False,cis,False,0.010282776349614406,0.06859410430839004,0.3276069082303016,Tier_2_Validate,Liver
28578,ENSRNOG00000007509,Slc1a6,solute carrier family 1 member 6,Chr7: 10.870423,3.314,21.6,Chr7: 10.804295,0.964,Chr7, 10.870423,Chr7, 10.804295,10.870423,10.804295,0.06612800000000085,True,cis,False,False,False,cis,False,0.010282776349614406,0.12320483749055176,0.34672066484405817,Tier_2_Validate,Liver
6630,ENSRNOG00000014743,Hagh,hydroxyacyl glutathione hydrolase,Chr10: 13.874978,11.735,21.5,Chr10: 13.810068,-0.364,Chr10, 13.874978,Chr10, 13.810068,13.874978,13.810068,0.06491000000000113,True,cis,False,False,False,cis,False,0.009640102827763496,0.00982615268329554,0.3068131894288707,Tier_2_Validate,Liver
16150,UNCHAR_LOC120097448,LOC120097448,uncharacterized LOC120097448,Chr16: 55.695939,3.131,21.5,Chr16: 56.494473,-0.687,Chr16, 55.695939,Chr16, 56.494473,55.695939,56.494473,0.7985339999999965,True,cis,False,True,True,cis,False,0.009640102827763496,0.07086167800453516,0.22817562329130453,Tier_2_Validate,Liver
27760,UNCHAR_RT1-CE14,RT1-CE14,"RT1 class I, locus CE14",Chr20: 3.300794,3.081,21.5,Chr20: 3.210100,-1.334,Chr20, 3.300794,Chr20, 3.210100,3.300794,3.2101,0.09069399999999961,True,cis,False,False,False,cis,False,0.009640102827763496,0.19312169312169314,0.3709666285823098,Tier_2_Validate,Liver
4473,ENSRNOG00000021086,Dtx4,deltex E3 ubiquitin ligase 4,Chr1: 209.545162,7.755,21.4,Chr1: 209.858238,0.417,Chr1, 209.545162,Chr1, 209.858238,209.545162,209.858238,0.31307599999999525,True,cis,False,False,False,cis,False,0.008997429305912588,0.01984126984126984,0.31009354470151385,Tier_2_Validate,Liver
5707,ENSRNOG00000007765,Frzb,frizzled-related protein,Chr3: 65.365207,5.225,21.4,Chr3: 164.153483,0.627,Chr3, 65.365207,Chr3, 164.153483,65.365207,164.153483,98.788276,False,trans,False,False,False,trans_moderate,True,0.008997429305912588,0.05952380952380953,0.22398243359040276,Tier_3_FlaggedInspect,Liver
28639,UNCHAR_Slc25a34,Slc25a34,uncharacterized Slc25a34,Chr5: 153.936853,5.749,21.4,Chr5: 154.490878,0.53,Chr5, 153.936853,Chr5, 154.490878,153.936853,154.490878,0.5540249999999958,True,cis,False,True,False,cis,False,0.008997429305912588,0.04119425547996977,0.21756708967505883,Tier_2_Validate,Liver
196,UNCHAR_Acot5-ps1,Acot5-ps1,uncharacterized Acot5-ps1,Chr6: 103.729655,1.764,21.3,Chr6: 104.221203,-0.708,Chr6, 103.729655,Chr6, 104.221203,103.729655,104.221203,0.49154800000000876,True,cis,False,True,False,cis,False,0.008354755784061701,0.07482993197278912,0.2291146407148978,Tier_2_Validate,Liver
4592,ENSRNOG00000023576,Ecrg4,ECRG4 augurin precursor,Chr9: 45.992953,3.034,21.3,Chr9: 45.778455,-0.712,Chr9, 45.992953,Chr9, 45.778455,45.992953,45.778455,0.21449799999999897,True,cis,False,False,False,cis,False,0.008354755784061701,0.07558578987150415,0.32937919097944807,Tier_2_Validate,Liver
11759,UNCHAR_LOC103694354,LOC103694354,uncharacterized LOC103694354,Chr19: 50.620703,2.881,21.3,Chr19: 50.602551,-0.712,Chr19, 50.620703,Chr19, 50.602551,50.620703,50.602551,0.018152000000000612,True,cis,False,True,True,cis,False,0.008354755784061701,0.07558578987150415,0.22937919097944806,Tier_2_Validate,Liver
11873,UNCHAR_LOC108348488,LOC108348488,uncharacterized LOC108348488,Chr1: 53.829903,1.639,21.3,Chr1: 52.525836,-0.751,Chr1, 53.829903,Chr1, 52.525836,53.829903,52.525836,1.3040670000000034,True,cis,False,True,True,cis,False,0.008354755784061701,0.08295540438397582,0.23195855605881313,Tier_2_Validate,Liver
24503,ENSRNOG00000086094,Or9s13,olfactory receptor family 9 subfamily S member 13,Chr9: 93.184593,6.396,21.3,Chr9: 93.445957,0.628,Chr9, 93.184593,Chr9, 93.445957,93.184593,93.445957,0.2613640000000004,True,cis,False,False,False,cis,False,0.008354755784061701,0.05971277399848829,0.3238236354238925,Tier_2_Validate,Liver
13149,UNCHAR_LOC120093196,LOC120093196,uncharacterized LOC120093196,Chr6: 10.846117,2.687,21.2,Chr6: 10.913570,-0.736,Chr6, 10.846117,Chr6, 10.913570,10.846117,10.91357,0.06745300000000043,True,cis,False,True,True,cis,False,0.0077120822622107925,0.0801209372637944,0.23074155683410183,Tier_2_Validate,Liver
22550,ENSRNOG00000040040,Ndufaf6,NADH:ubiquinone oxidoreductase complex assembly factor 6,Chr5: 24.171980,6.781,21.2,Chr5: 24.317350,0.497,Chr5, 24.171980,Chr5, 24.317350,24.17198,24.31735,0.14536999999999978,True,cis,False,False,False,cis,False,0.0077120822622107925,0.034958427815570674,0.31493467852722357,Tier_2_Validate,Liver
32521,UNCHAR_Vdac1-ps11,Vdac1-ps11,"voltage-dependent anion channel 1, pseudogene 11",Chr18: 50.003240,6.455,21.2,Chr18: 49.989962,-0.927,Chr18, 50.003240,Chr18, 49.989962,50.00324,49.989962,0.013277999999999679,True,cis,True,False,False,cis,False,0.0077120822622107925,0.11621315192743764,0.24337383196637696,Tier_2_Validate,Liver
3823,ENSRNOG00000009730,Cyp7b1,cytochrome P450 family 7 subfamily B member 1,Chr2: 100.669712,8.178,21.0,Chr2: 113.158471,1.11,Chr2, 100.669712,Chr2, 113.158471,100.669712,113.158471,12.488759000000002,False,trans,False,False,False,trans_moderate,True,0.006426735218508998,0.1507936507936508,0.25502713510425595,Tier_3_FlaggedInspect,Liver
12211,UNCHAR_LOC108350210,LOC108350210,uncharacterized LOC108350210,Chr2: 41.032957,3.929,21.0,Chr2: 41.213503,0.738,Chr2, 41.032957,Chr2, 41.213503,41.032957,41.213503,0.18054599999999965,True,cis,False,True,True,cis,False,0.006426735218508998,0.08049886621315193,0.23042396050108133,Tier_2_Validate,Liver
5468,ENSRNOG00000087149,Fgf1,fibroblast growth factor 1,Chr18: 30.772666,6.944,20.9,Chr18: 30.640205,0.608,Chr18, 30.772666,Chr18, 30.640205,30.772666,30.640205,0.13246099999999927,True,cis,False,False,False,cis,False,0.005784061696658089,0.055933484504913075,0.32160114117054994,Tier_2_Validate,Liver
27937,ENSRNOG00000010244,Sarm1,sterile alpha and TIR motif containing 1,Chr10: 63.393015,4.082,20.9,Chr10: 63.165362,-0.702,Chr10, 63.393015,Chr10, 63.165362,63.393015,63.165362,0.22765299999999655,True,cis,False,False,False,cis,False,0.005784061696658089,0.07369614512471655,0.3278180723874812,Tier_2_Validate,Liver
29843,ENSRNOG00000001957,Sult1e1,sulfotransferase family 1E member 1,Chr14: 20.422323,13.793,20.9,Chr14: 19.903596,0.554,Chr14, 20.422323,Chr14, 19.903596,20.422323,19.903596,0.5187269999999984,True,cis,False,False,False,cis,False,0.005784061696658089,0.045729402872260023,0.3180297125991214,Tier_2_Validate,Liver
3807,ENSRNOG00000008842,Cyp4a8,"cytochrome P450, family 4, subfamily a, polypeptide 8",Chr5: 128.733475,9.488,20.7,Chr5: 128.754736,-0.761,Chr5, 128.733475,Chr5, 128.754736,128.733475,128.754736,0.021261000000009744,True,cis,False,False,False,cis,False,0.004498714652956294,0.08484504913076342,0.3312703173243019,Tier_2_Validate,Liver
5450,ENSRNOG00000001806,Fetub,fetuin B,Chr11: 78.093021,16.812,20.7,Chr11: 78.236644,0.39,Chr11, 78.093021,Chr11, 78.236644,78.093021,78.236644,0.14362300000000516,True,cis,False,False,False,cis,False,0.004498714652956294,0.014739229024943314,0.3067332802872649,Tier_2_Validate,Liver
8773,ENSRNOG00000086899,LOC100910628,uncharacterized LOC100910628,Chr17: 27.350546,1.243,20.7,Chr17: 27.877255,0.782,Chr17, 27.350546,Chr17, 27.877255,27.350546,27.877255,0.5267090000000003,True,cis,False,True,True,cis,False,0.004498714652956294,0.08881330309901739,0.2326592062131908,Tier_2_Validate,Liver
10485,UNCHAR_LOC102553445,LOC102553445,uncharacterized LOC102553445,Chr20: 2.953611,4.361,20.7,Chr20: 2.611182,-0.751,Chr20, 2.953611,Chr20, 2.611182,2.953611,2.611182,0.3424290000000001,True,cis,False,True,True,cis,False,0.004498714652956294,0.08295540438397582,0.23060894166292625,Tier_2_Validate,Liver
10530,ENSRNOG00000079739,LOC102553657,uncharacterized LOC102553657,Chr1: 254.040656,3.25,20.7,Chr1: 254.116818,-0.787,Chr1, 254.040656,Chr1, 254.116818,254.040656,254.116818,0.0761619999999823,True,cis,False,True,True,cis,False,0.004498714652956294,0.0897581254724112,0.23298989404387863,Tier_2_Validate,Liver
28049,ENSRNOG00000002358,Scpep1,serine carboxypeptidase 1,Chr10: 73.732891,9.77,20.7,Chr10: 74.515870,-0.534,Chr10, 73.732891,Chr10, 74.515870,73.732891,74.51587,0.7829790000000116,True,cis,False,False,False,cis,False,0.004498714652956294,0.04195011337868482,0.31625708981107437,Tier_2_Validate,Liver
32818,ENSRNOG00000048898,Wasf3,WASP family member 3,Chr12: 8.660798,3.035,20.7,Chr12: 8.519571,-1.039,Chr12, 8.660798,Chr12, 8.519571,8.660798,8.519571,0.14122700000000066,True,cis,False,False,False,cis,False,0.004498714652956294,0.13737717309145878,0.3496565607105453,Tier_2_Validate,Liver
4598,UNCHAR_Eda2r,Eda2r,uncharacterized Eda2r,ChrX: 62.269332,4.348,20.6,Chr7: 120.551699,-1.063,ChrX, 62.269332,Chr7, 120.551699,62.269332,120.551699,inf,False,trans,False,True,False,trans_moderate,True,0.003856041131105408,0.14191232048374905,0.15101892656519905,Tier_3_FlaggedInspect,Liver
8767,UNCHAR_LOC100910577,LOC100910577,uncharacterized LOC100910577,Chr7: 7.269878,6.035,20.6,Chr7: 5.080344,-0.608,Chr7, 7.269878,Chr7, 5.080344,7.269878,5.080344,2.189534,True,cis,False,True,True,cis,False,0.003856041131105408,0.055933484504913075,0.22092633397260647,Tier_2_Validate,Liver
10585,UNCHAR_LOC102553902,LOC102553902,uncharacterized LOC102553902,Chr16: 78.020943,3.377,20.6,Chr16: 77.866921,0.675,Chr16, 78.020943,Chr16, 77.866921,78.020943,77.866921,0.15402199999999766,True,cis,False,True,True,cis,False,0.003856041131105408,0.06859410430839004,0.22535755090382342,Tier_2_Validate,Liver
12645,UNCHAR_LOC108351885,LOC108351885,uncharacterized LOC108351885,Chr9: 10.025220,2.013,20.6,Chr9: 5.497561,-0.868,Chr9, 10.025220,Chr9, 5.497561,10.02522,5.497561,4.527658999999999,False,trans,False,True,True,trans_moderate,True,0.003856041131105408,0.1050642479213908,0.13812210116837367,Tier_3_FlaggedInspect,Liver
60,ENSRNOG00000066042,Abcb1b,"ATP-binding cassette, sub-family B member 1B",Chr4: 25.325193,9.332,20.5,Chr7: 120.551699,-1.07,Chr4, 25.325193,Chr7, 120.551699,25.325193,120.551699,inf,False,trans,False,False,False,trans_moderate,True,0.003213367609254499,0.14323507180650039,0.2512569537955142,Tier_3_FlaggedInspect,Liver
12279,UNCHAR_LOC108350502,LOC108350502,uncharacterized LOC108350502,Chr3: 141.273637,5.461,20.5,Chr10: 13.286123,0.611,Chr3, 141.273637,Chr10, 13.286123,141.273637,13.286123,inf,False,trans,False,True,True,trans_moderate,True,0.003213367609254499,0.05650037792894936,0.12089981093837135,Tier_3_FlaggedInspect,Liver
22341,ENSRNOG00000011754,Myom2,myomesin 2,Chr16: 74.592657,0.983,20.5,Chr16: 74.331750,0.617,Chr16, 74.592657,Chr16, 74.331750,74.592657,74.33175,0.2609070000000031,True,cis,False,False,False,cis,False,0.003213367609254499,0.05763416477702192,0.3212966363351968,Tier_2_Validate,Liver
28833,ENSRNOG00000049955_2,Slc66a2,NPC1 like intracellular cholesterol transporter 1,Chr18: 73.702471,10.814,20.5,Chr18: 73.260752,0.403,Chr18, 73.702471,Chr18, 73.260752,73.702471,73.260752,0.4417190000000062,True,cis,False,False,False,cis,False,0.003213367609254499,0.017195767195767202,0.30714319718175764,Tier_2_Validate,Liver
79,ENSRNOG00000015538,Abcd2,ATP binding cassette subfamily D member 2,Chr7: 122.311641,3.251,20.4,Chr7: 122.125261,0.764,Chr7, 122.311641,Chr7, 122.125261,122.311641,122.125261,0.18637999999999977,True,cis,False,False,False,cis,False,0.00257069408740359,0.0854119425547997,0.33079392282477116,Tier_2_Validate,Liver
7145,ENSRNOG00000019519,Idnk,"Idnk, gluconokinase",Chr17: 6.490779,7.551,20.4,Chr17: 5.904105,-0.411,Chr17, 6.490779,Chr17, 5.904105,6.490779,5.904105,0.5866739999999995,True,cis,False,False,False,cis,False,0.00257069408740359,0.018707482993197275,0.3074473619782103,Tier_2_Validate,Liver
28754,ENSRNOG00000004966,Slc38a11,"solute carrier family 38, member 11",Chr3: 50.033614,0.156,20.4,Chr3: 49.827009,0.324,Chr3, 50.033614,Chr3, 49.827009,50.033614,49.827009,0.20660500000000326,True,cis,False,False,False,cis,False,0.00257069408740359,0.002267573696145127,0.3016933937242421,Tier_2_Validate,Liver
4273,ENSRNOG00000015581,Dnah6,"dynein, axonemal, heavy chain 6",Chr4: 105.284360,3.792,20.3,Chr4: 104.785882,0.706,Chr4, 105.284360,Chr4, 104.785882,105.28436,104.785882,0.49847800000000575,True,cis,False,False,False,cis,False,0.001928020565552704,0.07445200302343159,0.3267330082561445,Tier_2_Validate,Liver
8869,UNCHAR_LOC100912066,LOC100912066,uncharacterized LOC100912066,Chr6: 22.373315,1.851,20.3,Chr6: 22.381910,0.708,Chr6, 22.373315,Chr6, 22.381910,22.373315,22.38191,0.008594999999999686,True,cis,False,True,True,cis,False,0.001928020565552704,0.07482993197278912,0.22686528338841963,Tier_2_Validate,Liver
28168,ENSRNOG00000002238,Sema5b,semaphorin 5B,Chr11: 65.225455,2.095,20.3,Chr11: 64.846426,-0.81,Chr11, 65.225455,Chr11, 64.846426,65.225455,64.846426,0.3790290000000027,True,cis,False,False,False,cis,False,0.001928020565552704,0.09410430839002269,0.3336113151344514,Tier_2_Validate,Liver
21271,ENSRNOG00000028047,Mecr,mitochondrial trans-2-enoyl-CoA reductase,Chr5: 144.029683,9.228,20.2,Chr5: 143.919137,0.354,Chr5, 144.029683,Chr5, 143.919137,144.029683,143.919137,0.11054599999999937,True,cis,False,False,False,cis,False,0.001285347043701795,0.007936507936507933,0.30322764924307344,Tier_2_Validate,Liver
30911,ENSRNOG00000036942,Tnfrsf9,TNF receptor superfamily member 9,Chr5: 161.381661,2.626,20.2,Chr5: 161.224488,-0.697,Chr5, 161.381661,Chr5, 161.224488,161.381661,161.224488,0.15717300000000023,True,cis,False,False,False,cis,False,0.001285347043701795,0.07275132275132275,0.3259128344282586,Tier_2_Validate,Liver
15808,ENSRNOG00000086576,LOC120096970,T cell receptor alpha variable 5-like,Chr15: 27.196883,1.106,20.1,Chr15: 27.318194,0.635,Chr15, 27.196883,Chr15, 27.318194,27.196883,27.318194,0.12131099999999861,True,cis,False,False,True,cis,False,0.0006426735218509089,0.06103552532123961,0.3215873695950817,Tier_2_Validate,Liver
27997,ENSRNOG00000013279,Scd3,stearoyl-coenzyme A desaturase 3,Chr1: 243.093056,0.384,20.1,Chr1: 243.327780,0.54,Chr1, 243.093056,Chr1, 243.327780,243.093056,243.32778,0.23472399999999993,True,cis,False,False,False,cis,False,0.0006426735218509089,0.04308390022675738,0.3153043008120129,Tier_2_Validate,Liver
3196,ENSRNOG00000004438,Cntn1,contactin 1,Chr7: 123.263145,1.261,20.0,Chr7: 123.722148,0.728,Chr7, 123.263145,Chr7, 123.722148,123.263145,123.722148,0.4590030000000098,True,cis,False,False,False,cis,False,0.0,0.07860922146636433,0.32751322751322753,Tier_2_Validate,Liver
9266,UNCHAR_LOC102547840,LOC102547840,uncharacterized LOC102547840,Chr9: 12.415348,5.992,20.0,Chr9: 12.406679,0.554,Chr9, 12.415348,Chr9, 12.406679,12.415348,12.406679,0.008668999999999372,True,cis,False,True,True,cis,False,0.0,0.045729402872260023,0.21600529100529103,Tier_2_Validate,Liver
19835,UNCHAR_LOC120103114,LOC120103114,uncharacterized LOC120103114,Chr5: 112.442855,3.392,20.0,Chr5: 112.457794,-0.619,Chr5, 112.442855,Chr5, 112.457794,112.442855,112.457794,0.01493900000001247,True,cis,False,True,True,cis,False,0.0,0.05801209372637944,0.2203042328042328,Tier_2_Validate,Liver
22956,ENSRNOG00000004067,Nrcam,neuronal cell adhesion molecule,Chr6: 61.402812,5.311,20.0,Chr7: 120.551699,-0.886,Chr6, 61.402812,Chr7, 120.551699,61.402812,120.551699,inf,False,trans,False,False,False,trans_moderate,True,0.0,0.10846560846560849,0.237962962962963,Tier_3_FlaggedInspect,Liver
29934,UNCHAR_Syne4,Syne4,spectrin repeat containing nuclear envelope family member 4,Chr1: 85.569408,5.738,20.0,Chr1: 84.965439,-0.583,Chr1, 85.569408,Chr1, 84.965439,85.569408,84.965439,0.6039689999999922,True,cis,False,False,False,cis,False,0.0,0.05120937263794406,0.31792328042328044,Tier_2_Validate,Liver
